[09/28/2026-23:30:18] [TRT] [I] [MemUsageChange] Init CUDA: CPU +1, GPU +0, now: CPU 139, GPU 195 (MiB)
[09/28/2026-23:30:22] [TRT] [V] CUDA lazy loading is enabled.
[09/28/2026-23:30:22] [TRT] [I] ----------------------------------------------------------------
[09/28/2026-23:30:22] [TRT] [I] Input filename:   /home/ubuntu/Dung_TDTU/nighttime-tsd-new/results/measurement_audit_v1/precision_head_confirmation_graph_prep_v2/models/yolov8n/model.onnx
[09/28/2026-23:30:22] [TRT] [I] ONNX IR version:  0.0.8
[09/28/2026-23:30:22] [TRT] [I] Opset version:    17
[09/28/2026-23:30:22] [TRT] [I] Producer name:    pytorch
[09/28/2026-23:30:22] [TRT] [I] Producer version: 2.5.1
[09/28/2026-23:30:22] [TRT] [I] Domain:           
[09/28/2026-23:30:22] [TRT] [I] Model version:    0
[09/28/2026-23:30:22] [TRT] [I] Doc string:       
[09/28/2026-23:30:22] [TRT] [I] ----------------------------------------------------------------
[09/28/2026-23:30:22] [TRT] [V] Adding network input: images with dtype: float32, dimensions: (1, 3, 640, 640)
[09/28/2026-23:30:22] [TRT] [V] Registering tensor: images for ONNX tensor: images
[09/28/2026-23:30:22] [TRT] [V] Importing initializer: model.0.conv.weight
[09/28/2026-23:30:22] [TRT] [V] Importing initializer: model.0.conv.bias
[09/28/2026-23:30:22] [TRT] [V] Importing initializer: model.1.conv.weight
[09/28/2026-23:30:22] [TRT] [V] Importing initializer: model.1.conv.bias
[09/28/2026-23:30:22] [TRT] [V] Importing initializer: model.2.cv1.conv.weight
[09/28/2026-23:30:22] [TRT] [V] Importing initializer: model.2.cv1.conv.bias
[09/28/2026-23:30:22] [TRT] [V] Importing initializer: onnx::Split_137
[09/28/2026-23:30:22] [TRT] [V] Importing initializer: model.2.m.0.cv1.conv.weight
[09/28/2026-23:30:22] [TRT] [V] Importing initializer: model.2.m.0.cv1.conv.bias
[09/28/2026-23:30:22] [TRT] [V] Importing initializer: model.2.m.0.cv2.conv.weight
[09/28/2026-23:30:22] [TRT] [V] Importing initializer: model.2.m.0.cv2.conv.bias
[09/28/2026-23:30:22] [TRT] [V] Importing initializer: model.2.cv2.conv.weight
[09/28/2026-23:30:22] [TRT] [V] Importing initializer: model.2.cv2.conv.bias
[09/28/2026-23:30:22] [TRT] [V] Importing initializer: model.3.conv.weight
[09/28/2026-23:30:22] [TRT] [V] Importing initializer: model.3.conv.bias
[09/28/2026-23:30:22] [TRT] [V] Importing initializer: model.4.cv1.conv.weight
[09/28/2026-23:30:22] [TRT] [V] Importing initializer: model.4.cv1.conv.bias
[09/28/2026-23:30:22] [TRT] [V] Importing initializer: onnx::Split_157
[09/28/2026-23:30:22] [TRT] [V] Importing initializer: model.4.m.0.cv1.conv.weight
[09/28/2026-23:30:22] [TRT] [V] Importing initializer: model.4.m.0.cv1.conv.bias
[09/28/2026-23:30:22] [TRT] [V] Importing initializer: model.4.m.0.cv2.conv.weight
[09/28/2026-23:30:22] [TRT] [V] Importing initializer: model.4.m.0.cv2.conv.bias
[09/28/2026-23:30:22] [TRT] [V] Importing initializer: model.4.m.1.cv1.conv.weight
[09/28/2026-23:30:22] [TRT] [V] Importing initializer: model.4.m.1.cv1.conv.bias
[09/28/2026-23:30:22] [TRT] [V] Importing initializer: model.4.m.1.cv2.conv.weight
[09/28/2026-23:30:22] [TRT] [V] Importing initializer: model.4.m.1.cv2.conv.bias
[09/28/2026-23:30:22] [TRT] [V] Importing initializer: model.4.cv2.conv.weight
[09/28/2026-23:30:22] [TRT] [V] Importing initializer: model.4.cv2.conv.bias
[09/28/2026-23:30:22] [TRT] [V] Importing initializer: model.5.conv.weight
[09/28/2026-23:30:22] [TRT] [V] Importing initializer: model.5.conv.bias
[09/28/2026-23:30:22] [TRT] [V] Importing initializer: model.6.cv1.conv.weight
[09/28/2026-23:30:22] [TRT] [V] Importing initializer: model.6.cv1.conv.bias
[09/28/2026-23:30:22] [TRT] [V] Importing initializer: onnx::Split_184
[09/28/2026-23:30:22] [TRT] [V] Importing initializer: model.6.m.0.cv1.conv.weight
[09/28/2026-23:30:22] [TRT] [V] Importing initializer: model.6.m.0.cv1.conv.bias
[09/28/2026-23:30:22] [TRT] [V] Importing initializer: model.6.m.0.cv2.conv.weight
[09/28/2026-23:30:22] [TRT] [V] Importing initializer: model.6.m.0.cv2.conv.bias
[09/28/2026-23:30:22] [TRT] [V] Importing initializer: model.6.m.1.cv1.conv.weight
[09/28/2026-23:30:22] [TRT] [V] Importing initializer: model.6.m.1.cv1.conv.bias
[09/28/2026-23:30:22] [TRT] [V] Importing initializer: model.6.m.1.cv2.conv.weight
[09/28/2026-23:30:22] [TRT] [V] Importing initializer: model.6.m.1.cv2.conv.bias
[09/28/2026-23:30:22] [TRT] [V] Importing initializer: model.6.cv2.conv.weight
[09/28/2026-23:30:22] [TRT] [V] Importing initializer: model.6.cv2.conv.bias
[09/28/2026-23:30:22] [TRT] [V] Importing initializer: model.7.conv.weight
[09/28/2026-23:30:22] [TRT] [V] Importing initializer: model.7.conv.bias
[09/28/2026-23:30:22] [TRT] [V] Importing initializer: model.8.cv1.conv.weight
[09/28/2026-23:30:22] [TRT] [V] Importing initializer: model.8.cv1.conv.bias
[09/28/2026-23:30:22] [TRT] [V] Importing initializer: onnx::Split_211
[09/28/2026-23:30:22] [TRT] [V] Importing initializer: model.8.m.0.cv1.conv.weight
[09/28/2026-23:30:22] [TRT] [V] Importing initializer: model.8.m.0.cv1.conv.bias
[09/28/2026-23:30:22] [TRT] [V] Importing initializer: model.8.m.0.cv2.conv.weight
[09/28/2026-23:30:22] [TRT] [V] Importing initializer: model.8.m.0.cv2.conv.bias
[09/28/2026-23:30:22] [TRT] [V] Importing initializer: model.8.cv2.conv.weight
[09/28/2026-23:30:22] [TRT] [V] Importing initializer: model.8.cv2.conv.bias
[09/28/2026-23:30:22] [TRT] [V] Importing initializer: model.9.cv1.conv.weight
[09/28/2026-23:30:22] [TRT] [V] Importing initializer: model.9.cv1.conv.bias
[09/28/2026-23:30:22] [TRT] [V] Importing initializer: model.9.cv2.conv.weight
[09/28/2026-23:30:22] [TRT] [V] Importing initializer: model.9.cv2.conv.bias
[09/28/2026-23:30:22] [TRT] [V] Importing initializer: /model.10/Constant_output_0
[09/28/2026-23:30:22] [TRT] [V] Importing initializer: model.12.cv1.conv.weight
[09/28/2026-23:30:22] [TRT] [V] Importing initializer: model.12.cv1.conv.bias
[09/28/2026-23:30:22] [TRT] [V] Importing initializer: model.12.m.0.cv1.conv.weight
[09/28/2026-23:30:22] [TRT] [V] Importing initializer: model.12.m.0.cv1.conv.bias
[09/28/2026-23:30:22] [TRT] [V] Importing initializer: model.12.m.0.cv2.conv.weight
[09/28/2026-23:30:22] [TRT] [V] Importing initializer: model.12.m.0.cv2.conv.bias
[09/28/2026-23:30:22] [TRT] [V] Importing initializer: model.12.cv2.conv.weight
[09/28/2026-23:30:22] [TRT] [V] Importing initializer: model.12.cv2.conv.bias
[09/28/2026-23:30:22] [TRT] [V] Importing initializer: model.15.cv1.conv.weight
[09/28/2026-23:30:22] [TRT] [V] Importing initializer: model.15.cv1.conv.bias
[09/28/2026-23:30:22] [TRT] [V] Importing initializer: model.15.m.0.cv1.conv.weight
[09/28/2026-23:30:22] [TRT] [V] Importing initializer: model.15.m.0.cv1.conv.bias
[09/28/2026-23:30:22] [TRT] [V] Importing initializer: model.15.m.0.cv2.conv.weight
[09/28/2026-23:30:22] [TRT] [V] Importing initializer: model.15.m.0.cv2.conv.bias
[09/28/2026-23:30:22] [TRT] [V] Importing initializer: model.15.cv2.conv.weight
[09/28/2026-23:30:22] [TRT] [V] Importing initializer: model.15.cv2.conv.bias
[09/28/2026-23:30:22] [TRT] [V] Importing initializer: model.16.conv.weight
[09/28/2026-23:30:22] [TRT] [V] Importing initializer: model.16.conv.bias
[09/28/2026-23:30:22] [TRT] [V] Importing initializer: model.22.cv2.0.0.conv.weight
[09/28/2026-23:30:22] [TRT] [V] Importing initializer: model.22.cv2.0.0.conv.bias
[09/28/2026-23:30:22] [TRT] [V] Importing initializer: model.22.cv3.0.0.conv.weight
[09/28/2026-23:30:22] [TRT] [V] Importing initializer: model.22.cv3.0.0.conv.bias
[09/28/2026-23:30:22] [TRT] [V] Importing initializer: model.22.cv2.0.1.conv.weight
[09/28/2026-23:30:22] [TRT] [V] Importing initializer: model.22.cv2.0.1.conv.bias
[09/28/2026-23:30:22] [TRT] [V] Importing initializer: model.22.cv3.0.1.conv.weight
[09/28/2026-23:30:22] [TRT] [V] Importing initializer: model.22.cv3.0.1.conv.bias
[09/28/2026-23:30:22] [TRT] [V] Importing initializer: model.18.cv1.conv.weight
[09/28/2026-23:30:22] [TRT] [V] Importing initializer: model.18.cv1.conv.bias
[09/28/2026-23:30:22] [TRT] [V] Importing initializer: model.22.cv2.0.2.weight
[09/28/2026-23:30:22] [TRT] [V] Importing initializer: model.22.cv2.0.2.bias
[09/28/2026-23:30:22] [TRT] [V] Importing initializer: model.22.cv3.0.2.weight
[09/28/2026-23:30:22] [TRT] [V] Importing initializer: model.22.cv3.0.2.bias
[09/28/2026-23:30:22] [TRT] [V] Importing initializer: /model.22/Constant_output_0
[09/28/2026-23:30:22] [TRT] [V] Importing initializer: /model.22/Constant_3_output_0
[09/28/2026-23:30:22] [TRT] [V] Importing initializer: model.18.m.0.cv1.conv.weight
[09/28/2026-23:30:22] [TRT] [V] Importing initializer: model.18.m.0.cv1.conv.bias
[09/28/2026-23:30:22] [TRT] [V] Importing initializer: model.18.m.0.cv2.conv.weight
[09/28/2026-23:30:22] [TRT] [V] Importing initializer: model.18.m.0.cv2.conv.bias
[09/28/2026-23:30:22] [TRT] [V] Importing initializer: model.18.cv2.conv.weight
[09/28/2026-23:30:22] [TRT] [V] Importing initializer: model.18.cv2.conv.bias
[09/28/2026-23:30:22] [TRT] [V] Importing initializer: model.19.conv.weight
[09/28/2026-23:30:22] [TRT] [V] Importing initializer: model.19.conv.bias
[09/28/2026-23:30:22] [TRT] [V] Importing initializer: model.22.cv2.1.0.conv.weight
[09/28/2026-23:30:22] [TRT] [V] Importing initializer: model.22.cv2.1.0.conv.bias
[09/28/2026-23:30:22] [TRT] [V] Importing initializer: model.22.cv3.1.0.conv.weight
[09/28/2026-23:30:22] [TRT] [V] Importing initializer: model.22.cv3.1.0.conv.bias
[09/28/2026-23:30:22] [TRT] [V] Importing initializer: model.22.cv2.1.1.conv.weight
[09/28/2026-23:30:22] [TRT] [V] Importing initializer: model.22.cv2.1.1.conv.bias
[09/28/2026-23:30:22] [TRT] [V] Importing initializer: model.22.cv3.1.1.conv.weight
[09/28/2026-23:30:22] [TRT] [V] Importing initializer: model.22.cv3.1.1.conv.bias
[09/28/2026-23:30:22] [TRT] [V] Importing initializer: model.21.cv1.conv.weight
[09/28/2026-23:30:22] [TRT] [V] Importing initializer: model.21.cv1.conv.bias
[09/28/2026-23:30:22] [TRT] [V] Importing initializer: model.22.cv2.1.2.weight
[09/28/2026-23:30:22] [TRT] [V] Importing initializer: model.22.cv2.1.2.bias
[09/28/2026-23:30:22] [TRT] [V] Importing initializer: model.22.cv3.1.2.weight
[09/28/2026-23:30:22] [TRT] [V] Importing initializer: model.22.cv3.1.2.bias
[09/28/2026-23:30:22] [TRT] [V] Importing initializer: model.21.m.0.cv1.conv.weight
[09/28/2026-23:30:22] [TRT] [V] Importing initializer: model.21.m.0.cv1.conv.bias
[09/28/2026-23:30:22] [TRT] [V] Importing initializer: model.21.m.0.cv2.conv.weight
[09/28/2026-23:30:22] [TRT] [V] Importing initializer: model.21.m.0.cv2.conv.bias
[09/28/2026-23:30:22] [TRT] [V] Importing initializer: model.21.cv2.conv.weight
[09/28/2026-23:30:22] [TRT] [V] Importing initializer: model.21.cv2.conv.bias
[09/28/2026-23:30:22] [TRT] [V] Importing initializer: model.22.cv2.2.0.conv.weight
[09/28/2026-23:30:22] [TRT] [V] Importing initializer: model.22.cv2.2.0.conv.bias
[09/28/2026-23:30:22] [TRT] [V] Importing initializer: model.22.cv3.2.0.conv.weight
[09/28/2026-23:30:22] [TRT] [V] Importing initializer: model.22.cv3.2.0.conv.bias
[09/28/2026-23:30:22] [TRT] [V] Importing initializer: model.22.cv2.2.1.conv.weight
[09/28/2026-23:30:22] [TRT] [V] Importing initializer: model.22.cv2.2.1.conv.bias
[09/28/2026-23:30:22] [TRT] [V] Importing initializer: model.22.cv3.2.1.conv.weight
[09/28/2026-23:30:22] [TRT] [V] Importing initializer: model.22.cv3.2.1.conv.bias
[09/28/2026-23:30:22] [TRT] [V] Importing initializer: model.22.cv2.2.2.weight
[09/28/2026-23:30:22] [TRT] [V] Importing initializer: model.22.cv2.2.2.bias
[09/28/2026-23:30:22] [TRT] [V] Importing initializer: model.22.cv3.2.2.weight
[09/28/2026-23:30:22] [TRT] [V] Importing initializer: model.22.cv3.2.2.bias
[09/28/2026-23:30:22] [TRT] [V] Importing initializer: /model.22/dfl/Constant_output_0
[09/28/2026-23:30:22] [TRT] [V] Importing initializer: model.22.dfl.conv.weight
[09/28/2026-23:30:22] [TRT] [V] Importing initializer: /model.22/dfl/Constant_1_output_0
[09/28/2026-23:30:22] [TRT] [V] Importing initializer: /model.22/Constant_7_output_0
[09/28/2026-23:30:22] [TRT] [V] Importing initializer: /model.22/Mul_output_0
[09/28/2026-23:30:22] [TRT] [V] Importing initializer: /model.22/Constant_6_output_0
[09/28/2026-23:30:22] [TRT] [V] Importing initializer: /model.22/Mul_1_output_0
[09/28/2026-23:30:22] [TRT] [V] Importing initializer: /model.22/Constant_12_output_0
[09/28/2026-23:30:22] [TRT] [V] Importing initializer: /model.22/Constant_13_output_0
[09/28/2026-23:30:22] [TRT] [V] Importing initializer: /model.22/Constant_14_output_0
[09/28/2026-23:30:22] [TRT] [V] Importing initializer: /model.22/Constant_15_output_0
[09/28/2026-23:30:22] [TRT] [V] Static check for parsing node: /model.0/conv/Conv [Conv]
[09/28/2026-23:30:22] [TRT] [V] Parsing node: /model.0/conv/Conv [Conv]
[09/28/2026-23:30:22] [TRT] [V] Searching for input: images
[09/28/2026-23:30:22] [TRT] [V] Searching for input: model.0.conv.weight
[09/28/2026-23:30:22] [TRT] [V] Searching for input: model.0.conv.bias
[09/28/2026-23:30:22] [TRT] [V] /model.0/conv/Conv [Conv] inputs: [images -> (1, 3, 640, 640)[FLOAT]], [model.0.conv.weight -> (16, 3, 3, 3)[FLOAT]], [model.0.conv.bias -> (16)[FLOAT]], 
[09/28/2026-23:30:22] [TRT] [V] Convolution input dimensions: (1, 3, 640, 640)
[09/28/2026-23:30:22] [TRT] [V] Registering layer: /model.0/conv/Conv for ONNX node: /model.0/conv/Conv
[09/28/2026-23:30:22] [TRT] [V] Using kernel: (3, 3), strides: (2, 2), prepadding: (1, 1), postpadding: (1, 1), dilations: (1, 1), numOutputs: 16, nbGroups: 1
[09/28/2026-23:30:22] [TRT] [V] Convolution output dimensions: (1, 16, 320, 320)
[09/28/2026-23:30:22] [TRT] [V] Registering tensor: /model.0/conv/Conv_output_0 for ONNX tensor: /model.0/conv/Conv_output_0
[09/28/2026-23:30:22] [TRT] [V] /model.0/conv/Conv [Conv] outputs: [/model.0/conv/Conv_output_0 -> (1, 16, 320, 320)[FLOAT]], 
[09/28/2026-23:30:22] [TRT] [V] Static check for parsing node: /model.0/act/Sigmoid [Sigmoid]
[09/28/2026-23:30:22] [TRT] [V] Parsing node: /model.0/act/Sigmoid [Sigmoid]
[09/28/2026-23:30:22] [TRT] [V] Searching for input: /model.0/conv/Conv_output_0
[09/28/2026-23:30:22] [TRT] [V] /model.0/act/Sigmoid [Sigmoid] inputs: [/model.0/conv/Conv_output_0 -> (1, 16, 320, 320)[FLOAT]], 
[09/28/2026-23:30:22] [TRT] [V] Registering layer: /model.0/act/Sigmoid for ONNX node: /model.0/act/Sigmoid
[09/28/2026-23:30:22] [TRT] [V] Registering tensor: /model.0/act/Sigmoid_output_0 for ONNX tensor: /model.0/act/Sigmoid_output_0
[09/28/2026-23:30:22] [TRT] [V] /model.0/act/Sigmoid [Sigmoid] outputs: [/model.0/act/Sigmoid_output_0 -> (1, 16, 320, 320)[FLOAT]], 
[09/28/2026-23:30:22] [TRT] [V] Static check for parsing node: /model.0/act/Mul [Mul]
[09/28/2026-23:30:22] [TRT] [V] Parsing node: /model.0/act/Mul [Mul]
[09/28/2026-23:30:22] [TRT] [V] Searching for input: /model.0/conv/Conv_output_0
[09/28/2026-23:30:22] [TRT] [V] Searching for input: /model.0/act/Sigmoid_output_0
[09/28/2026-23:30:22] [TRT] [V] /model.0/act/Mul [Mul] inputs: [/model.0/conv/Conv_output_0 -> (1, 16, 320, 320)[FLOAT]], [/model.0/act/Sigmoid_output_0 -> (1, 16, 320, 320)[FLOAT]], 
[09/28/2026-23:30:22] [TRT] [V] Registering layer: /model.0/act/Mul for ONNX node: /model.0/act/Mul
[09/28/2026-23:30:22] [TRT] [V] Registering tensor: /model.0/act/Mul_output_0 for ONNX tensor: /model.0/act/Mul_output_0
[09/28/2026-23:30:22] [TRT] [V] /model.0/act/Mul [Mul] outputs: [/model.0/act/Mul_output_0 -> (1, 16, 320, 320)[FLOAT]], 
[09/28/2026-23:30:22] [TRT] [V] Static check for parsing node: /model.1/conv/Conv [Conv]
[09/28/2026-23:30:22] [TRT] [V] Parsing node: /model.1/conv/Conv [Conv]
[09/28/2026-23:30:22] [TRT] [V] Searching for input: /model.0/act/Mul_output_0
[09/28/2026-23:30:22] [TRT] [V] Searching for input: model.1.conv.weight
[09/28/2026-23:30:22] [TRT] [V] Searching for input: model.1.conv.bias
[09/28/2026-23:30:22] [TRT] [V] /model.1/conv/Conv [Conv] inputs: [/model.0/act/Mul_output_0 -> (1, 16, 320, 320)[FLOAT]], [model.1.conv.weight -> (32, 16, 3, 3)[FLOAT]], [model.1.conv.bias -> (32)[FLOAT]], 
[09/28/2026-23:30:22] [TRT] [V] Convolution input dimensions: (1, 16, 320, 320)
[09/28/2026-23:30:22] [TRT] [V] Registering layer: /model.1/conv/Conv for ONNX node: /model.1/conv/Conv
[09/28/2026-23:30:22] [TRT] [V] Using kernel: (3, 3), strides: (2, 2), prepadding: (1, 1), postpadding: (1, 1), dilations: (1, 1), numOutputs: 32, nbGroups: 1
[09/28/2026-23:30:22] [TRT] [V] Convolution output dimensions: (1, 32, 160, 160)
[09/28/2026-23:30:22] [TRT] [V] Registering tensor: /model.1/conv/Conv_output_0 for ONNX tensor: /model.1/conv/Conv_output_0
[09/28/2026-23:30:22] [TRT] [V] /model.1/conv/Conv [Conv] outputs: [/model.1/conv/Conv_output_0 -> (1, 32, 160, 160)[FLOAT]], 
[09/28/2026-23:30:22] [TRT] [V] Static check for parsing node: /model.1/act/Sigmoid [Sigmoid]
[09/28/2026-23:30:22] [TRT] [V] Parsing node: /model.1/act/Sigmoid [Sigmoid]
[09/28/2026-23:30:22] [TRT] [V] Searching for input: /model.1/conv/Conv_output_0
[09/28/2026-23:30:22] [TRT] [V] /model.1/act/Sigmoid [Sigmoid] inputs: [/model.1/conv/Conv_output_0 -> (1, 32, 160, 160)[FLOAT]], 
[09/28/2026-23:30:22] [TRT] [V] Registering layer: /model.1/act/Sigmoid for ONNX node: /model.1/act/Sigmoid
[09/28/2026-23:30:22] [TRT] [V] Registering tensor: /model.1/act/Sigmoid_output_0 for ONNX tensor: /model.1/act/Sigmoid_output_0
[09/28/2026-23:30:22] [TRT] [V] /model.1/act/Sigmoid [Sigmoid] outputs: [/model.1/act/Sigmoid_output_0 -> (1, 32, 160, 160)[FLOAT]], 
[09/28/2026-23:30:22] [TRT] [V] Static check for parsing node: /model.1/act/Mul [Mul]
[09/28/2026-23:30:22] [TRT] [V] Parsing node: /model.1/act/Mul [Mul]
[09/28/2026-23:30:22] [TRT] [V] Searching for input: /model.1/conv/Conv_output_0
[09/28/2026-23:30:22] [TRT] [V] Searching for input: /model.1/act/Sigmoid_output_0
[09/28/2026-23:30:22] [TRT] [V] /model.1/act/Mul [Mul] inputs: [/model.1/conv/Conv_output_0 -> (1, 32, 160, 160)[FLOAT]], [/model.1/act/Sigmoid_output_0 -> (1, 32, 160, 160)[FLOAT]], 
[09/28/2026-23:30:22] [TRT] [V] Registering layer: /model.1/act/Mul for ONNX node: /model.1/act/Mul
[09/28/2026-23:30:22] [TRT] [V] Registering tensor: /model.1/act/Mul_output_0 for ONNX tensor: /model.1/act/Mul_output_0
[09/28/2026-23:30:22] [TRT] [V] /model.1/act/Mul [Mul] outputs: [/model.1/act/Mul_output_0 -> (1, 32, 160, 160)[FLOAT]], 
[09/28/2026-23:30:22] [TRT] [V] Static check for parsing node: /model.2/cv1/conv/Conv [Conv]
[09/28/2026-23:30:22] [TRT] [V] Parsing node: /model.2/cv1/conv/Conv [Conv]
[09/28/2026-23:30:22] [TRT] [V] Searching for input: /model.1/act/Mul_output_0
[09/28/2026-23:30:22] [TRT] [V] Searching for input: model.2.cv1.conv.weight
[09/28/2026-23:30:22] [TRT] [V] Searching for input: model.2.cv1.conv.bias
[09/28/2026-23:30:22] [TRT] [V] /model.2/cv1/conv/Conv [Conv] inputs: [/model.1/act/Mul_output_0 -> (1, 32, 160, 160)[FLOAT]], [model.2.cv1.conv.weight -> (32, 32, 1, 1)[FLOAT]], [model.2.cv1.conv.bias -> (32)[FLOAT]], 
[09/28/2026-23:30:22] [TRT] [V] Convolution input dimensions: (1, 32, 160, 160)
[09/28/2026-23:30:22] [TRT] [V] Registering layer: /model.2/cv1/conv/Conv for ONNX node: /model.2/cv1/conv/Conv
[09/28/2026-23:30:22] [TRT] [V] Using kernel: (1, 1), strides: (1, 1), prepadding: (0, 0), postpadding: (0, 0), dilations: (1, 1), numOutputs: 32, nbGroups: 1
[09/28/2026-23:30:22] [TRT] [V] Convolution output dimensions: (1, 32, 160, 160)
[09/28/2026-23:30:22] [TRT] [V] Registering tensor: /model.2/cv1/conv/Conv_output_0 for ONNX tensor: /model.2/cv1/conv/Conv_output_0
[09/28/2026-23:30:22] [TRT] [V] /model.2/cv1/conv/Conv [Conv] outputs: [/model.2/cv1/conv/Conv_output_0 -> (1, 32, 160, 160)[FLOAT]], 
[09/28/2026-23:30:22] [TRT] [V] Static check for parsing node: /model.2/cv1/act/Sigmoid [Sigmoid]
[09/28/2026-23:30:22] [TRT] [V] Parsing node: /model.2/cv1/act/Sigmoid [Sigmoid]
[09/28/2026-23:30:22] [TRT] [V] Searching for input: /model.2/cv1/conv/Conv_output_0
[09/28/2026-23:30:22] [TRT] [V] /model.2/cv1/act/Sigmoid [Sigmoid] inputs: [/model.2/cv1/conv/Conv_output_0 -> (1, 32, 160, 160)[FLOAT]], 
[09/28/2026-23:30:22] [TRT] [V] Registering layer: /model.2/cv1/act/Sigmoid for ONNX node: /model.2/cv1/act/Sigmoid
[09/28/2026-23:30:22] [TRT] [V] Registering tensor: /model.2/cv1/act/Sigmoid_output_0 for ONNX tensor: /model.2/cv1/act/Sigmoid_output_0
[09/28/2026-23:30:22] [TRT] [V] /model.2/cv1/act/Sigmoid [Sigmoid] outputs: [/model.2/cv1/act/Sigmoid_output_0 -> (1, 32, 160, 160)[FLOAT]], 
[09/28/2026-23:30:22] [TRT] [V] Static check for parsing node: /model.2/cv1/act/Mul [Mul]
[09/28/2026-23:30:22] [TRT] [V] Parsing node: /model.2/cv1/act/Mul [Mul]
[09/28/2026-23:30:22] [TRT] [V] Searching for input: /model.2/cv1/conv/Conv_output_0
[09/28/2026-23:30:22] [TRT] [V] Searching for input: /model.2/cv1/act/Sigmoid_output_0
[09/28/2026-23:30:22] [TRT] [V] /model.2/cv1/act/Mul [Mul] inputs: [/model.2/cv1/conv/Conv_output_0 -> (1, 32, 160, 160)[FLOAT]], [/model.2/cv1/act/Sigmoid_output_0 -> (1, 32, 160, 160)[FLOAT]], 
[09/28/2026-23:30:22] [TRT] [V] Registering layer: /model.2/cv1/act/Mul for ONNX node: /model.2/cv1/act/Mul
[09/28/2026-23:30:22] [TRT] [V] Registering tensor: /model.2/cv1/act/Mul_output_0 for ONNX tensor: /model.2/cv1/act/Mul_output_0
[09/28/2026-23:30:22] [TRT] [V] /model.2/cv1/act/Mul [Mul] outputs: [/model.2/cv1/act/Mul_output_0 -> (1, 32, 160, 160)[FLOAT]], 
[09/28/2026-23:30:22] [TRT] [V] Static check for parsing node: /model.2/Split [Split]
[09/28/2026-23:30:22] [TRT] [V] Parsing node: /model.2/Split [Split]
[09/28/2026-23:30:22] [TRT] [V] Searching for input: /model.2/cv1/act/Mul_output_0
[09/28/2026-23:30:22] [TRT] [V] Searching for input: onnx::Split_137
[09/28/2026-23:30:22] [TRT] [V] /model.2/Split [Split] inputs: [/model.2/cv1/act/Mul_output_0 -> (1, 32, 160, 160)[FLOAT]], [onnx::Split_137 -> (2)[INT64]], 
[09/28/2026-23:30:22] [TRT] [V] Registering layer: ONNXTRT_ShapeSlice required by ONNX-TRT
[09/28/2026-23:30:22] [TRT] [V] Registering layer: /model.2/Split for ONNX node: /model.2/Split
[09/28/2026-23:30:22] [TRT] [V] Registering layer: ONNXTRT_ShapeSlice_0 required by ONNX-TRT
[09/28/2026-23:30:22] [TRT] [V] Registering layer: /model.2/Split_1 for ONNX node: /model.2/Split
[09/28/2026-23:30:22] [TRT] [V] Registering tensor: /model.2/Split_output_0 for ONNX tensor: /model.2/Split_output_0
[09/28/2026-23:30:22] [TRT] [V] Registering tensor: /model.2/Split_output_1 for ONNX tensor: /model.2/Split_output_1
[09/28/2026-23:30:22] [TRT] [V] /model.2/Split [Split] outputs: [/model.2/Split_output_0 -> (1, 16, 160, 160)[FLOAT]], [/model.2/Split_output_1 -> (1, 16, 160, 160)[FLOAT]], 
[09/28/2026-23:30:22] [TRT] [V] Static check for parsing node: /model.2/m.0/cv1/conv/Conv [Conv]
[09/28/2026-23:30:22] [TRT] [V] Parsing node: /model.2/m.0/cv1/conv/Conv [Conv]
[09/28/2026-23:30:22] [TRT] [V] Searching for input: /model.2/Split_output_1
[09/28/2026-23:30:22] [TRT] [V] Searching for input: model.2.m.0.cv1.conv.weight
[09/28/2026-23:30:22] [TRT] [V] Searching for input: model.2.m.0.cv1.conv.bias
[09/28/2026-23:30:22] [TRT] [V] /model.2/m.0/cv1/conv/Conv [Conv] inputs: [/model.2/Split_output_1 -> (1, 16, 160, 160)[FLOAT]], [model.2.m.0.cv1.conv.weight -> (16, 16, 3, 3)[FLOAT]], [model.2.m.0.cv1.conv.bias -> (16)[FLOAT]], 
[09/28/2026-23:30:22] [TRT] [V] Convolution input dimensions: (1, 16, 160, 160)
[09/28/2026-23:30:22] [TRT] [V] Registering layer: /model.2/m.0/cv1/conv/Conv for ONNX node: /model.2/m.0/cv1/conv/Conv
[09/28/2026-23:30:22] [TRT] [V] Using kernel: (3, 3), strides: (1, 1), prepadding: (1, 1), postpadding: (1, 1), dilations: (1, 1), numOutputs: 16, nbGroups: 1
[09/28/2026-23:30:22] [TRT] [V] Convolution output dimensions: (1, 16, 160, 160)
[09/28/2026-23:30:22] [TRT] [V] Registering tensor: /model.2/m.0/cv1/conv/Conv_output_0 for ONNX tensor: /model.2/m.0/cv1/conv/Conv_output_0
[09/28/2026-23:30:22] [TRT] [V] /model.2/m.0/cv1/conv/Conv [Conv] outputs: [/model.2/m.0/cv1/conv/Conv_output_0 -> (1, 16, 160, 160)[FLOAT]], 
[09/28/2026-23:30:22] [TRT] [V] Static check for parsing node: /model.2/m.0/cv1/act/Sigmoid [Sigmoid]
[09/28/2026-23:30:22] [TRT] [V] Parsing node: /model.2/m.0/cv1/act/Sigmoid [Sigmoid]
[09/28/2026-23:30:22] [TRT] [V] Searching for input: /model.2/m.0/cv1/conv/Conv_output_0
[09/28/2026-23:30:22] [TRT] [V] /model.2/m.0/cv1/act/Sigmoid [Sigmoid] inputs: [/model.2/m.0/cv1/conv/Conv_output_0 -> (1, 16, 160, 160)[FLOAT]], 
[09/28/2026-23:30:22] [TRT] [V] Registering layer: /model.2/m.0/cv1/act/Sigmoid for ONNX node: /model.2/m.0/cv1/act/Sigmoid
[09/28/2026-23:30:22] [TRT] [V] Registering tensor: /model.2/m.0/cv1/act/Sigmoid_output_0 for ONNX tensor: /model.2/m.0/cv1/act/Sigmoid_output_0
[09/28/2026-23:30:22] [TRT] [V] /model.2/m.0/cv1/act/Sigmoid [Sigmoid] outputs: [/model.2/m.0/cv1/act/Sigmoid_output_0 -> (1, 16, 160, 160)[FLOAT]], 
[09/28/2026-23:30:22] [TRT] [V] Static check for parsing node: /model.2/m.0/cv1/act/Mul [Mul]
[09/28/2026-23:30:22] [TRT] [V] Parsing node: /model.2/m.0/cv1/act/Mul [Mul]
[09/28/2026-23:30:22] [TRT] [V] Searching for input: /model.2/m.0/cv1/conv/Conv_output_0
[09/28/2026-23:30:22] [TRT] [V] Searching for input: /model.2/m.0/cv1/act/Sigmoid_output_0
[09/28/2026-23:30:22] [TRT] [V] /model.2/m.0/cv1/act/Mul [Mul] inputs: [/model.2/m.0/cv1/conv/Conv_output_0 -> (1, 16, 160, 160)[FLOAT]], [/model.2/m.0/cv1/act/Sigmoid_output_0 -> (1, 16, 160, 160)[FLOAT]], 
[09/28/2026-23:30:22] [TRT] [V] Registering layer: /model.2/m.0/cv1/act/Mul for ONNX node: /model.2/m.0/cv1/act/Mul
[09/28/2026-23:30:22] [TRT] [V] Registering tensor: /model.2/m.0/cv1/act/Mul_output_0 for ONNX tensor: /model.2/m.0/cv1/act/Mul_output_0
[09/28/2026-23:30:22] [TRT] [V] /model.2/m.0/cv1/act/Mul [Mul] outputs: [/model.2/m.0/cv1/act/Mul_output_0 -> (1, 16, 160, 160)[FLOAT]], 
[09/28/2026-23:30:22] [TRT] [V] Static check for parsing node: /model.2/m.0/cv2/conv/Conv [Conv]
[09/28/2026-23:30:22] [TRT] [V] Parsing node: /model.2/m.0/cv2/conv/Conv [Conv]
[09/28/2026-23:30:22] [TRT] [V] Searching for input: /model.2/m.0/cv1/act/Mul_output_0
[09/28/2026-23:30:22] [TRT] [V] Searching for input: model.2.m.0.cv2.conv.weight
[09/28/2026-23:30:22] [TRT] [V] Searching for input: model.2.m.0.cv2.conv.bias
[09/28/2026-23:30:22] [TRT] [V] /model.2/m.0/cv2/conv/Conv [Conv] inputs: [/model.2/m.0/cv1/act/Mul_output_0 -> (1, 16, 160, 160)[FLOAT]], [model.2.m.0.cv2.conv.weight -> (16, 16, 3, 3)[FLOAT]], [model.2.m.0.cv2.conv.bias -> (16)[FLOAT]], 
[09/28/2026-23:30:22] [TRT] [V] Convolution input dimensions: (1, 16, 160, 160)
[09/28/2026-23:30:22] [TRT] [V] Registering layer: /model.2/m.0/cv2/conv/Conv for ONNX node: /model.2/m.0/cv2/conv/Conv
[09/28/2026-23:30:22] [TRT] [V] Using kernel: (3, 3), strides: (1, 1), prepadding: (1, 1), postpadding: (1, 1), dilations: (1, 1), numOutputs: 16, nbGroups: 1
[09/28/2026-23:30:22] [TRT] [V] Convolution output dimensions: (1, 16, 160, 160)
[09/28/2026-23:30:22] [TRT] [V] Registering tensor: /model.2/m.0/cv2/conv/Conv_output_0 for ONNX tensor: /model.2/m.0/cv2/conv/Conv_output_0
[09/28/2026-23:30:22] [TRT] [V] /model.2/m.0/cv2/conv/Conv [Conv] outputs: [/model.2/m.0/cv2/conv/Conv_output_0 -> (1, 16, 160, 160)[FLOAT]], 
[09/28/2026-23:30:22] [TRT] [V] Static check for parsing node: /model.2/m.0/cv2/act/Sigmoid [Sigmoid]
[09/28/2026-23:30:22] [TRT] [V] Parsing node: /model.2/m.0/cv2/act/Sigmoid [Sigmoid]
[09/28/2026-23:30:22] [TRT] [V] Searching for input: /model.2/m.0/cv2/conv/Conv_output_0
[09/28/2026-23:30:22] [TRT] [V] /model.2/m.0/cv2/act/Sigmoid [Sigmoid] inputs: [/model.2/m.0/cv2/conv/Conv_output_0 -> (1, 16, 160, 160)[FLOAT]], 
[09/28/2026-23:30:22] [TRT] [V] Registering layer: /model.2/m.0/cv2/act/Sigmoid for ONNX node: /model.2/m.0/cv2/act/Sigmoid
[09/28/2026-23:30:22] [TRT] [V] Registering tensor: /model.2/m.0/cv2/act/Sigmoid_output_0 for ONNX tensor: /model.2/m.0/cv2/act/Sigmoid_output_0
[09/28/2026-23:30:22] [TRT] [V] /model.2/m.0/cv2/act/Sigmoid [Sigmoid] outputs: [/model.2/m.0/cv2/act/Sigmoid_output_0 -> (1, 16, 160, 160)[FLOAT]], 
[09/28/2026-23:30:22] [TRT] [V] Static check for parsing node: /model.2/m.0/cv2/act/Mul [Mul]
[09/28/2026-23:30:22] [TRT] [V] Parsing node: /model.2/m.0/cv2/act/Mul [Mul]
[09/28/2026-23:30:22] [TRT] [V] Searching for input: /model.2/m.0/cv2/conv/Conv_output_0
[09/28/2026-23:30:22] [TRT] [V] Searching for input: /model.2/m.0/cv2/act/Sigmoid_output_0
[09/28/2026-23:30:22] [TRT] [V] /model.2/m.0/cv2/act/Mul [Mul] inputs: [/model.2/m.0/cv2/conv/Conv_output_0 -> (1, 16, 160, 160)[FLOAT]], [/model.2/m.0/cv2/act/Sigmoid_output_0 -> (1, 16, 160, 160)[FLOAT]], 
[09/28/2026-23:30:22] [TRT] [V] Registering layer: /model.2/m.0/cv2/act/Mul for ONNX node: /model.2/m.0/cv2/act/Mul
[09/28/2026-23:30:22] [TRT] [V] Registering tensor: /model.2/m.0/cv2/act/Mul_output_0 for ONNX tensor: /model.2/m.0/cv2/act/Mul_output_0
[09/28/2026-23:30:22] [TRT] [V] /model.2/m.0/cv2/act/Mul [Mul] outputs: [/model.2/m.0/cv2/act/Mul_output_0 -> (1, 16, 160, 160)[FLOAT]], 
[09/28/2026-23:30:22] [TRT] [V] Static check for parsing node: /model.2/m.0/Add [Add]
[09/28/2026-23:30:22] [TRT] [V] Parsing node: /model.2/m.0/Add [Add]
[09/28/2026-23:30:22] [TRT] [V] Searching for input: /model.2/Split_output_1
[09/28/2026-23:30:22] [TRT] [V] Searching for input: /model.2/m.0/cv2/act/Mul_output_0
[09/28/2026-23:30:22] [TRT] [V] /model.2/m.0/Add [Add] inputs: [/model.2/Split_output_1 -> (1, 16, 160, 160)[FLOAT]], [/model.2/m.0/cv2/act/Mul_output_0 -> (1, 16, 160, 160)[FLOAT]], 
[09/28/2026-23:30:22] [TRT] [V] Registering layer: /model.2/m.0/Add for ONNX node: /model.2/m.0/Add
[09/28/2026-23:30:22] [TRT] [V] Registering tensor: /model.2/m.0/Add_output_0 for ONNX tensor: /model.2/m.0/Add_output_0
[09/28/2026-23:30:22] [TRT] [V] /model.2/m.0/Add [Add] outputs: [/model.2/m.0/Add_output_0 -> (1, 16, 160, 160)[FLOAT]], 
[09/28/2026-23:30:22] [TRT] [V] Static check for parsing node: /model.2/Concat [Concat]
[09/28/2026-23:30:22] [TRT] [V] Parsing node: /model.2/Concat [Concat]
[09/28/2026-23:30:22] [TRT] [V] Searching for input: /model.2/Split_output_0
[09/28/2026-23:30:22] [TRT] [V] Searching for input: /model.2/Split_output_1
[09/28/2026-23:30:22] [TRT] [V] Searching for input: /model.2/m.0/Add_output_0
[09/28/2026-23:30:22] [TRT] [V] /model.2/Concat [Concat] inputs: [/model.2/Split_output_0 -> (1, 16, 160, 160)[FLOAT]], [/model.2/Split_output_1 -> (1, 16, 160, 160)[FLOAT]], [/model.2/m.0/Add_output_0 -> (1, 16, 160, 160)[FLOAT]], 
[09/28/2026-23:30:22] [TRT] [V] Registering layer: /model.2/Concat for ONNX node: /model.2/Concat
[09/28/2026-23:30:22] [TRT] [V] Registering tensor: /model.2/Concat_output_0 for ONNX tensor: /model.2/Concat_output_0
[09/28/2026-23:30:22] [TRT] [V] /model.2/Concat [Concat] outputs: [/model.2/Concat_output_0 -> (1, 48, 160, 160)[FLOAT]], 
[09/28/2026-23:30:22] [TRT] [V] Static check for parsing node: /model.2/cv2/conv/Conv [Conv]
[09/28/2026-23:30:22] [TRT] [V] Parsing node: /model.2/cv2/conv/Conv [Conv]
[09/28/2026-23:30:22] [TRT] [V] Searching for input: /model.2/Concat_output_0
[09/28/2026-23:30:22] [TRT] [V] Searching for input: model.2.cv2.conv.weight
[09/28/2026-23:30:22] [TRT] [V] Searching for input: model.2.cv2.conv.bias
[09/28/2026-23:30:22] [TRT] [V] /model.2/cv2/conv/Conv [Conv] inputs: [/model.2/Concat_output_0 -> (1, 48, 160, 160)[FLOAT]], [model.2.cv2.conv.weight -> (32, 48, 1, 1)[FLOAT]], [model.2.cv2.conv.bias -> (32)[FLOAT]], 
[09/28/2026-23:30:22] [TRT] [V] Convolution input dimensions: (1, 48, 160, 160)
[09/28/2026-23:30:22] [TRT] [V] Registering layer: /model.2/cv2/conv/Conv for ONNX node: /model.2/cv2/conv/Conv
[09/28/2026-23:30:22] [TRT] [V] Using kernel: (1, 1), strides: (1, 1), prepadding: (0, 0), postpadding: (0, 0), dilations: (1, 1), numOutputs: 32, nbGroups: 1
[09/28/2026-23:30:22] [TRT] [V] Convolution output dimensions: (1, 32, 160, 160)
[09/28/2026-23:30:22] [TRT] [V] Registering tensor: /model.2/cv2/conv/Conv_output_0 for ONNX tensor: /model.2/cv2/conv/Conv_output_0
[09/28/2026-23:30:22] [TRT] [V] /model.2/cv2/conv/Conv [Conv] outputs: [/model.2/cv2/conv/Conv_output_0 -> (1, 32, 160, 160)[FLOAT]], 
[09/28/2026-23:30:22] [TRT] [V] Static check for parsing node: /model.2/cv2/act/Sigmoid [Sigmoid]
[09/28/2026-23:30:22] [TRT] [V] Parsing node: /model.2/cv2/act/Sigmoid [Sigmoid]
[09/28/2026-23:30:22] [TRT] [V] Searching for input: /model.2/cv2/conv/Conv_output_0
[09/28/2026-23:30:22] [TRT] [V] /model.2/cv2/act/Sigmoid [Sigmoid] inputs: [/model.2/cv2/conv/Conv_output_0 -> (1, 32, 160, 160)[FLOAT]], 
[09/28/2026-23:30:22] [TRT] [V] Registering layer: /model.2/cv2/act/Sigmoid for ONNX node: /model.2/cv2/act/Sigmoid
[09/28/2026-23:30:22] [TRT] [V] Registering tensor: /model.2/cv2/act/Sigmoid_output_0 for ONNX tensor: /model.2/cv2/act/Sigmoid_output_0
[09/28/2026-23:30:22] [TRT] [V] /model.2/cv2/act/Sigmoid [Sigmoid] outputs: [/model.2/cv2/act/Sigmoid_output_0 -> (1, 32, 160, 160)[FLOAT]], 
[09/28/2026-23:30:22] [TRT] [V] Static check for parsing node: /model.2/cv2/act/Mul [Mul]
[09/28/2026-23:30:22] [TRT] [V] Parsing node: /model.2/cv2/act/Mul [Mul]
[09/28/2026-23:30:22] [TRT] [V] Searching for input: /model.2/cv2/conv/Conv_output_0
[09/28/2026-23:30:22] [TRT] [V] Searching for input: /model.2/cv2/act/Sigmoid_output_0
[09/28/2026-23:30:22] [TRT] [V] /model.2/cv2/act/Mul [Mul] inputs: [/model.2/cv2/conv/Conv_output_0 -> (1, 32, 160, 160)[FLOAT]], [/model.2/cv2/act/Sigmoid_output_0 -> (1, 32, 160, 160)[FLOAT]], 
[09/28/2026-23:30:22] [TRT] [V] Registering layer: /model.2/cv2/act/Mul for ONNX node: /model.2/cv2/act/Mul
[09/28/2026-23:30:22] [TRT] [V] Registering tensor: /model.2/cv2/act/Mul_output_0 for ONNX tensor: /model.2/cv2/act/Mul_output_0
[09/28/2026-23:30:22] [TRT] [V] /model.2/cv2/act/Mul [Mul] outputs: [/model.2/cv2/act/Mul_output_0 -> (1, 32, 160, 160)[FLOAT]], 
[09/28/2026-23:30:22] [TRT] [V] Static check for parsing node: /model.3/conv/Conv [Conv]
[09/28/2026-23:30:22] [TRT] [V] Parsing node: /model.3/conv/Conv [Conv]
[09/28/2026-23:30:22] [TRT] [V] Searching for input: /model.2/cv2/act/Mul_output_0
[09/28/2026-23:30:22] [TRT] [V] Searching for input: model.3.conv.weight
[09/28/2026-23:30:22] [TRT] [V] Searching for input: model.3.conv.bias
[09/28/2026-23:30:22] [TRT] [V] /model.3/conv/Conv [Conv] inputs: [/model.2/cv2/act/Mul_output_0 -> (1, 32, 160, 160)[FLOAT]], [model.3.conv.weight -> (64, 32, 3, 3)[FLOAT]], [model.3.conv.bias -> (64)[FLOAT]], 
[09/28/2026-23:30:22] [TRT] [V] Convolution input dimensions: (1, 32, 160, 160)
[09/28/2026-23:30:22] [TRT] [V] Registering layer: /model.3/conv/Conv for ONNX node: /model.3/conv/Conv
[09/28/2026-23:30:22] [TRT] [V] Using kernel: (3, 3), strides: (2, 2), prepadding: (1, 1), postpadding: (1, 1), dilations: (1, 1), numOutputs: 64, nbGroups: 1
[09/28/2026-23:30:22] [TRT] [V] Convolution output dimensions: (1, 64, 80, 80)
[09/28/2026-23:30:22] [TRT] [V] Registering tensor: /model.3/conv/Conv_output_0 for ONNX tensor: /model.3/conv/Conv_output_0
[09/28/2026-23:30:22] [TRT] [V] /model.3/conv/Conv [Conv] outputs: [/model.3/conv/Conv_output_0 -> (1, 64, 80, 80)[FLOAT]], 
[09/28/2026-23:30:22] [TRT] [V] Static check for parsing node: /model.3/act/Sigmoid [Sigmoid]
[09/28/2026-23:30:22] [TRT] [V] Parsing node: /model.3/act/Sigmoid [Sigmoid]
[09/28/2026-23:30:22] [TRT] [V] Searching for input: /model.3/conv/Conv_output_0
[09/28/2026-23:30:22] [TRT] [V] /model.3/act/Sigmoid [Sigmoid] inputs: [/model.3/conv/Conv_output_0 -> (1, 64, 80, 80)[FLOAT]], 
[09/28/2026-23:30:22] [TRT] [V] Registering layer: /model.3/act/Sigmoid for ONNX node: /model.3/act/Sigmoid
[09/28/2026-23:30:22] [TRT] [V] Registering tensor: /model.3/act/Sigmoid_output_0 for ONNX tensor: /model.3/act/Sigmoid_output_0
[09/28/2026-23:30:22] [TRT] [V] /model.3/act/Sigmoid [Sigmoid] outputs: [/model.3/act/Sigmoid_output_0 -> (1, 64, 80, 80)[FLOAT]], 
[09/28/2026-23:30:22] [TRT] [V] Static check for parsing node: /model.3/act/Mul [Mul]
[09/28/2026-23:30:22] [TRT] [V] Parsing node: /model.3/act/Mul [Mul]
[09/28/2026-23:30:22] [TRT] [V] Searching for input: /model.3/conv/Conv_output_0
[09/28/2026-23:30:22] [TRT] [V] Searching for input: /model.3/act/Sigmoid_output_0
[09/28/2026-23:30:22] [TRT] [V] /model.3/act/Mul [Mul] inputs: [/model.3/conv/Conv_output_0 -> (1, 64, 80, 80)[FLOAT]], [/model.3/act/Sigmoid_output_0 -> (1, 64, 80, 80)[FLOAT]], 
[09/28/2026-23:30:22] [TRT] [V] Registering layer: /model.3/act/Mul for ONNX node: /model.3/act/Mul
[09/28/2026-23:30:22] [TRT] [V] Registering tensor: /model.3/act/Mul_output_0 for ONNX tensor: /model.3/act/Mul_output_0
[09/28/2026-23:30:22] [TRT] [V] /model.3/act/Mul [Mul] outputs: [/model.3/act/Mul_output_0 -> (1, 64, 80, 80)[FLOAT]], 
[09/28/2026-23:30:22] [TRT] [V] Static check for parsing node: /model.4/cv1/conv/Conv [Conv]
[09/28/2026-23:30:22] [TRT] [V] Parsing node: /model.4/cv1/conv/Conv [Conv]
[09/28/2026-23:30:22] [TRT] [V] Searching for input: /model.3/act/Mul_output_0
[09/28/2026-23:30:22] [TRT] [V] Searching for input: model.4.cv1.conv.weight
[09/28/2026-23:30:22] [TRT] [V] Searching for input: model.4.cv1.conv.bias
[09/28/2026-23:30:22] [TRT] [V] /model.4/cv1/conv/Conv [Conv] inputs: [/model.3/act/Mul_output_0 -> (1, 64, 80, 80)[FLOAT]], [model.4.cv1.conv.weight -> (64, 64, 1, 1)[FLOAT]], [model.4.cv1.conv.bias -> (64)[FLOAT]], 
[09/28/2026-23:30:22] [TRT] [V] Convolution input dimensions: (1, 64, 80, 80)
[09/28/2026-23:30:22] [TRT] [V] Registering layer: /model.4/cv1/conv/Conv for ONNX node: /model.4/cv1/conv/Conv
[09/28/2026-23:30:22] [TRT] [V] Using kernel: (1, 1), strides: (1, 1), prepadding: (0, 0), postpadding: (0, 0), dilations: (1, 1), numOutputs: 64, nbGroups: 1
[09/28/2026-23:30:22] [TRT] [V] Convolution output dimensions: (1, 64, 80, 80)
[09/28/2026-23:30:22] [TRT] [V] Registering tensor: /model.4/cv1/conv/Conv_output_0 for ONNX tensor: /model.4/cv1/conv/Conv_output_0
[09/28/2026-23:30:22] [TRT] [V] /model.4/cv1/conv/Conv [Conv] outputs: [/model.4/cv1/conv/Conv_output_0 -> (1, 64, 80, 80)[FLOAT]], 
[09/28/2026-23:30:22] [TRT] [V] Static check for parsing node: /model.4/cv1/act/Sigmoid [Sigmoid]
[09/28/2026-23:30:22] [TRT] [V] Parsing node: /model.4/cv1/act/Sigmoid [Sigmoid]
[09/28/2026-23:30:22] [TRT] [V] Searching for input: /model.4/cv1/conv/Conv_output_0
[09/28/2026-23:30:22] [TRT] [V] /model.4/cv1/act/Sigmoid [Sigmoid] inputs: [/model.4/cv1/conv/Conv_output_0 -> (1, 64, 80, 80)[FLOAT]], 
[09/28/2026-23:30:22] [TRT] [V] Registering layer: /model.4/cv1/act/Sigmoid for ONNX node: /model.4/cv1/act/Sigmoid
[09/28/2026-23:30:22] [TRT] [V] Registering tensor: /model.4/cv1/act/Sigmoid_output_0 for ONNX tensor: /model.4/cv1/act/Sigmoid_output_0
[09/28/2026-23:30:22] [TRT] [V] /model.4/cv1/act/Sigmoid [Sigmoid] outputs: [/model.4/cv1/act/Sigmoid_output_0 -> (1, 64, 80, 80)[FLOAT]], 
[09/28/2026-23:30:22] [TRT] [V] Static check for parsing node: /model.4/cv1/act/Mul [Mul]
[09/28/2026-23:30:22] [TRT] [V] Parsing node: /model.4/cv1/act/Mul [Mul]
[09/28/2026-23:30:22] [TRT] [V] Searching for input: /model.4/cv1/conv/Conv_output_0
[09/28/2026-23:30:22] [TRT] [V] Searching for input: /model.4/cv1/act/Sigmoid_output_0
[09/28/2026-23:30:22] [TRT] [V] /model.4/cv1/act/Mul [Mul] inputs: [/model.4/cv1/conv/Conv_output_0 -> (1, 64, 80, 80)[FLOAT]], [/model.4/cv1/act/Sigmoid_output_0 -> (1, 64, 80, 80)[FLOAT]], 
[09/28/2026-23:30:22] [TRT] [V] Registering layer: /model.4/cv1/act/Mul for ONNX node: /model.4/cv1/act/Mul
[09/28/2026-23:30:22] [TRT] [V] Registering tensor: /model.4/cv1/act/Mul_output_0 for ONNX tensor: /model.4/cv1/act/Mul_output_0
[09/28/2026-23:30:22] [TRT] [V] /model.4/cv1/act/Mul [Mul] outputs: [/model.4/cv1/act/Mul_output_0 -> (1, 64, 80, 80)[FLOAT]], 
[09/28/2026-23:30:22] [TRT] [V] Static check for parsing node: /model.4/Split [Split]
[09/28/2026-23:30:22] [TRT] [V] Parsing node: /model.4/Split [Split]
[09/28/2026-23:30:22] [TRT] [V] Searching for input: /model.4/cv1/act/Mul_output_0
[09/28/2026-23:30:22] [TRT] [V] Searching for input: onnx::Split_157
[09/28/2026-23:30:22] [TRT] [V] /model.4/Split [Split] inputs: [/model.4/cv1/act/Mul_output_0 -> (1, 64, 80, 80)[FLOAT]], [onnx::Split_157 -> (2)[INT64]], 
[09/28/2026-23:30:22] [TRT] [V] Registering layer: ONNXTRT_ShapeSlice_2 required by ONNX-TRT
[09/28/2026-23:30:22] [TRT] [V] Registering layer: /model.4/Split for ONNX node: /model.4/Split
[09/28/2026-23:30:22] [TRT] [V] Registering layer: ONNXTRT_ShapeSlice_3 required by ONNX-TRT
[09/28/2026-23:30:22] [TRT] [V] Registering layer: /model.4/Split_4 for ONNX node: /model.4/Split
[09/28/2026-23:30:22] [TRT] [V] Registering tensor: /model.4/Split_output_0 for ONNX tensor: /model.4/Split_output_0
[09/28/2026-23:30:22] [TRT] [V] Registering tensor: /model.4/Split_output_1 for ONNX tensor: /model.4/Split_output_1
[09/28/2026-23:30:22] [TRT] [V] /model.4/Split [Split] outputs: [/model.4/Split_output_0 -> (1, 32, 80, 80)[FLOAT]], [/model.4/Split_output_1 -> (1, 32, 80, 80)[FLOAT]], 
[09/28/2026-23:30:22] [TRT] [V] Static check for parsing node: /model.4/m.0/cv1/conv/Conv [Conv]
[09/28/2026-23:30:22] [TRT] [V] Parsing node: /model.4/m.0/cv1/conv/Conv [Conv]
[09/28/2026-23:30:22] [TRT] [V] Searching for input: /model.4/Split_output_1
[09/28/2026-23:30:22] [TRT] [V] Searching for input: model.4.m.0.cv1.conv.weight
[09/28/2026-23:30:22] [TRT] [V] Searching for input: model.4.m.0.cv1.conv.bias
[09/28/2026-23:30:22] [TRT] [V] /model.4/m.0/cv1/conv/Conv [Conv] inputs: [/model.4/Split_output_1 -> (1, 32, 80, 80)[FLOAT]], [model.4.m.0.cv1.conv.weight -> (32, 32, 3, 3)[FLOAT]], [model.4.m.0.cv1.conv.bias -> (32)[FLOAT]], 
[09/28/2026-23:30:22] [TRT] [V] Convolution input dimensions: (1, 32, 80, 80)
[09/28/2026-23:30:22] [TRT] [V] Registering layer: /model.4/m.0/cv1/conv/Conv for ONNX node: /model.4/m.0/cv1/conv/Conv
[09/28/2026-23:30:22] [TRT] [V] Using kernel: (3, 3), strides: (1, 1), prepadding: (1, 1), postpadding: (1, 1), dilations: (1, 1), numOutputs: 32, nbGroups: 1
[09/28/2026-23:30:22] [TRT] [V] Convolution output dimensions: (1, 32, 80, 80)
[09/28/2026-23:30:22] [TRT] [V] Registering tensor: /model.4/m.0/cv1/conv/Conv_output_0 for ONNX tensor: /model.4/m.0/cv1/conv/Conv_output_0
[09/28/2026-23:30:22] [TRT] [V] /model.4/m.0/cv1/conv/Conv [Conv] outputs: [/model.4/m.0/cv1/conv/Conv_output_0 -> (1, 32, 80, 80)[FLOAT]], 
[09/28/2026-23:30:22] [TRT] [V] Static check for parsing node: /model.4/m.0/cv1/act/Sigmoid [Sigmoid]
[09/28/2026-23:30:22] [TRT] [V] Parsing node: /model.4/m.0/cv1/act/Sigmoid [Sigmoid]
[09/28/2026-23:30:22] [TRT] [V] Searching for input: /model.4/m.0/cv1/conv/Conv_output_0
[09/28/2026-23:30:22] [TRT] [V] /model.4/m.0/cv1/act/Sigmoid [Sigmoid] inputs: [/model.4/m.0/cv1/conv/Conv_output_0 -> (1, 32, 80, 80)[FLOAT]], 
[09/28/2026-23:30:22] [TRT] [V] Registering layer: /model.4/m.0/cv1/act/Sigmoid for ONNX node: /model.4/m.0/cv1/act/Sigmoid
[09/28/2026-23:30:22] [TRT] [V] Registering tensor: /model.4/m.0/cv1/act/Sigmoid_output_0 for ONNX tensor: /model.4/m.0/cv1/act/Sigmoid_output_0
[09/28/2026-23:30:22] [TRT] [V] /model.4/m.0/cv1/act/Sigmoid [Sigmoid] outputs: [/model.4/m.0/cv1/act/Sigmoid_output_0 -> (1, 32, 80, 80)[FLOAT]], 
[09/28/2026-23:30:22] [TRT] [V] Static check for parsing node: /model.4/m.0/cv1/act/Mul [Mul]
[09/28/2026-23:30:22] [TRT] [V] Parsing node: /model.4/m.0/cv1/act/Mul [Mul]
[09/28/2026-23:30:22] [TRT] [V] Searching for input: /model.4/m.0/cv1/conv/Conv_output_0
[09/28/2026-23:30:22] [TRT] [V] Searching for input: /model.4/m.0/cv1/act/Sigmoid_output_0
[09/28/2026-23:30:22] [TRT] [V] /model.4/m.0/cv1/act/Mul [Mul] inputs: [/model.4/m.0/cv1/conv/Conv_output_0 -> (1, 32, 80, 80)[FLOAT]], [/model.4/m.0/cv1/act/Sigmoid_output_0 -> (1, 32, 80, 80)[FLOAT]], 
[09/28/2026-23:30:22] [TRT] [V] Registering layer: /model.4/m.0/cv1/act/Mul for ONNX node: /model.4/m.0/cv1/act/Mul
[09/28/2026-23:30:22] [TRT] [V] Registering tensor: /model.4/m.0/cv1/act/Mul_output_0 for ONNX tensor: /model.4/m.0/cv1/act/Mul_output_0
[09/28/2026-23:30:22] [TRT] [V] /model.4/m.0/cv1/act/Mul [Mul] outputs: [/model.4/m.0/cv1/act/Mul_output_0 -> (1, 32, 80, 80)[FLOAT]], 
[09/28/2026-23:30:22] [TRT] [V] Static check for parsing node: /model.4/m.0/cv2/conv/Conv [Conv]
[09/28/2026-23:30:22] [TRT] [V] Parsing node: /model.4/m.0/cv2/conv/Conv [Conv]
[09/28/2026-23:30:22] [TRT] [V] Searching for input: /model.4/m.0/cv1/act/Mul_output_0
[09/28/2026-23:30:22] [TRT] [V] Searching for input: model.4.m.0.cv2.conv.weight
[09/28/2026-23:30:22] [TRT] [V] Searching for input: model.4.m.0.cv2.conv.bias
[09/28/2026-23:30:22] [TRT] [V] /model.4/m.0/cv2/conv/Conv [Conv] inputs: [/model.4/m.0/cv1/act/Mul_output_0 -> (1, 32, 80, 80)[FLOAT]], [model.4.m.0.cv2.conv.weight -> (32, 32, 3, 3)[FLOAT]], [model.4.m.0.cv2.conv.bias -> (32)[FLOAT]], 
[09/28/2026-23:30:22] [TRT] [V] Convolution input dimensions: (1, 32, 80, 80)
[09/28/2026-23:30:22] [TRT] [V] Registering layer: /model.4/m.0/cv2/conv/Conv for ONNX node: /model.4/m.0/cv2/conv/Conv
[09/28/2026-23:30:22] [TRT] [V] Using kernel: (3, 3), strides: (1, 1), prepadding: (1, 1), postpadding: (1, 1), dilations: (1, 1), numOutputs: 32, nbGroups: 1
[09/28/2026-23:30:22] [TRT] [V] Convolution output dimensions: (1, 32, 80, 80)
[09/28/2026-23:30:22] [TRT] [V] Registering tensor: /model.4/m.0/cv2/conv/Conv_output_0 for ONNX tensor: /model.4/m.0/cv2/conv/Conv_output_0
[09/28/2026-23:30:22] [TRT] [V] /model.4/m.0/cv2/conv/Conv [Conv] outputs: [/model.4/m.0/cv2/conv/Conv_output_0 -> (1, 32, 80, 80)[FLOAT]], 
[09/28/2026-23:30:22] [TRT] [V] Static check for parsing node: /model.4/m.0/cv2/act/Sigmoid [Sigmoid]
[09/28/2026-23:30:22] [TRT] [V] Parsing node: /model.4/m.0/cv2/act/Sigmoid [Sigmoid]
[09/28/2026-23:30:22] [TRT] [V] Searching for input: /model.4/m.0/cv2/conv/Conv_output_0
[09/28/2026-23:30:22] [TRT] [V] /model.4/m.0/cv2/act/Sigmoid [Sigmoid] inputs: [/model.4/m.0/cv2/conv/Conv_output_0 -> (1, 32, 80, 80)[FLOAT]], 
[09/28/2026-23:30:22] [TRT] [V] Registering layer: /model.4/m.0/cv2/act/Sigmoid for ONNX node: /model.4/m.0/cv2/act/Sigmoid
[09/28/2026-23:30:22] [TRT] [V] Registering tensor: /model.4/m.0/cv2/act/Sigmoid_output_0 for ONNX tensor: /model.4/m.0/cv2/act/Sigmoid_output_0
[09/28/2026-23:30:22] [TRT] [V] /model.4/m.0/cv2/act/Sigmoid [Sigmoid] outputs: [/model.4/m.0/cv2/act/Sigmoid_output_0 -> (1, 32, 80, 80)[FLOAT]], 
[09/28/2026-23:30:22] [TRT] [V] Static check for parsing node: /model.4/m.0/cv2/act/Mul [Mul]
[09/28/2026-23:30:22] [TRT] [V] Parsing node: /model.4/m.0/cv2/act/Mul [Mul]
[09/28/2026-23:30:22] [TRT] [V] Searching for input: /model.4/m.0/cv2/conv/Conv_output_0
[09/28/2026-23:30:22] [TRT] [V] Searching for input: /model.4/m.0/cv2/act/Sigmoid_output_0
[09/28/2026-23:30:22] [TRT] [V] /model.4/m.0/cv2/act/Mul [Mul] inputs: [/model.4/m.0/cv2/conv/Conv_output_0 -> (1, 32, 80, 80)[FLOAT]], [/model.4/m.0/cv2/act/Sigmoid_output_0 -> (1, 32, 80, 80)[FLOAT]], 
[09/28/2026-23:30:22] [TRT] [V] Registering layer: /model.4/m.0/cv2/act/Mul for ONNX node: /model.4/m.0/cv2/act/Mul
[09/28/2026-23:30:22] [TRT] [V] Registering tensor: /model.4/m.0/cv2/act/Mul_output_0 for ONNX tensor: /model.4/m.0/cv2/act/Mul_output_0
[09/28/2026-23:30:22] [TRT] [V] /model.4/m.0/cv2/act/Mul [Mul] outputs: [/model.4/m.0/cv2/act/Mul_output_0 -> (1, 32, 80, 80)[FLOAT]], 
[09/28/2026-23:30:22] [TRT] [V] Static check for parsing node: /model.4/m.0/Add [Add]
[09/28/2026-23:30:22] [TRT] [V] Parsing node: /model.4/m.0/Add [Add]
[09/28/2026-23:30:22] [TRT] [V] Searching for input: /model.4/Split_output_1
[09/28/2026-23:30:22] [TRT] [V] Searching for input: /model.4/m.0/cv2/act/Mul_output_0
[09/28/2026-23:30:22] [TRT] [V] /model.4/m.0/Add [Add] inputs: [/model.4/Split_output_1 -> (1, 32, 80, 80)[FLOAT]], [/model.4/m.0/cv2/act/Mul_output_0 -> (1, 32, 80, 80)[FLOAT]], 
[09/28/2026-23:30:22] [TRT] [V] Registering layer: /model.4/m.0/Add for ONNX node: /model.4/m.0/Add
[09/28/2026-23:30:22] [TRT] [V] Registering tensor: /model.4/m.0/Add_output_0 for ONNX tensor: /model.4/m.0/Add_output_0
[09/28/2026-23:30:22] [TRT] [V] /model.4/m.0/Add [Add] outputs: [/model.4/m.0/Add_output_0 -> (1, 32, 80, 80)[FLOAT]], 
[09/28/2026-23:30:22] [TRT] [V] Static check for parsing node: /model.4/m.1/cv1/conv/Conv [Conv]
[09/28/2026-23:30:22] [TRT] [V] Parsing node: /model.4/m.1/cv1/conv/Conv [Conv]
[09/28/2026-23:30:22] [TRT] [V] Searching for input: /model.4/m.0/Add_output_0
[09/28/2026-23:30:22] [TRT] [V] Searching for input: model.4.m.1.cv1.conv.weight
[09/28/2026-23:30:22] [TRT] [V] Searching for input: model.4.m.1.cv1.conv.bias
[09/28/2026-23:30:22] [TRT] [V] /model.4/m.1/cv1/conv/Conv [Conv] inputs: [/model.4/m.0/Add_output_0 -> (1, 32, 80, 80)[FLOAT]], [model.4.m.1.cv1.conv.weight -> (32, 32, 3, 3)[FLOAT]], [model.4.m.1.cv1.conv.bias -> (32)[FLOAT]], 
[09/28/2026-23:30:22] [TRT] [V] Convolution input dimensions: (1, 32, 80, 80)
[09/28/2026-23:30:22] [TRT] [V] Registering layer: /model.4/m.1/cv1/conv/Conv for ONNX node: /model.4/m.1/cv1/conv/Conv
[09/28/2026-23:30:22] [TRT] [V] Using kernel: (3, 3), strides: (1, 1), prepadding: (1, 1), postpadding: (1, 1), dilations: (1, 1), numOutputs: 32, nbGroups: 1
[09/28/2026-23:30:22] [TRT] [V] Convolution output dimensions: (1, 32, 80, 80)
[09/28/2026-23:30:22] [TRT] [V] Registering tensor: /model.4/m.1/cv1/conv/Conv_output_0 for ONNX tensor: /model.4/m.1/cv1/conv/Conv_output_0
[09/28/2026-23:30:22] [TRT] [V] /model.4/m.1/cv1/conv/Conv [Conv] outputs: [/model.4/m.1/cv1/conv/Conv_output_0 -> (1, 32, 80, 80)[FLOAT]], 
[09/28/2026-23:30:22] [TRT] [V] Static check for parsing node: /model.4/m.1/cv1/act/Sigmoid [Sigmoid]
[09/28/2026-23:30:22] [TRT] [V] Parsing node: /model.4/m.1/cv1/act/Sigmoid [Sigmoid]
[09/28/2026-23:30:22] [TRT] [V] Searching for input: /model.4/m.1/cv1/conv/Conv_output_0
[09/28/2026-23:30:22] [TRT] [V] /model.4/m.1/cv1/act/Sigmoid [Sigmoid] inputs: [/model.4/m.1/cv1/conv/Conv_output_0 -> (1, 32, 80, 80)[FLOAT]], 
[09/28/2026-23:30:22] [TRT] [V] Registering layer: /model.4/m.1/cv1/act/Sigmoid for ONNX node: /model.4/m.1/cv1/act/Sigmoid
[09/28/2026-23:30:22] [TRT] [V] Registering tensor: /model.4/m.1/cv1/act/Sigmoid_output_0 for ONNX tensor: /model.4/m.1/cv1/act/Sigmoid_output_0
[09/28/2026-23:30:22] [TRT] [V] /model.4/m.1/cv1/act/Sigmoid [Sigmoid] outputs: [/model.4/m.1/cv1/act/Sigmoid_output_0 -> (1, 32, 80, 80)[FLOAT]], 
[09/28/2026-23:30:22] [TRT] [V] Static check for parsing node: /model.4/m.1/cv1/act/Mul [Mul]
[09/28/2026-23:30:22] [TRT] [V] Parsing node: /model.4/m.1/cv1/act/Mul [Mul]
[09/28/2026-23:30:22] [TRT] [V] Searching for input: /model.4/m.1/cv1/conv/Conv_output_0
[09/28/2026-23:30:22] [TRT] [V] Searching for input: /model.4/m.1/cv1/act/Sigmoid_output_0
[09/28/2026-23:30:22] [TRT] [V] /model.4/m.1/cv1/act/Mul [Mul] inputs: [/model.4/m.1/cv1/conv/Conv_output_0 -> (1, 32, 80, 80)[FLOAT]], [/model.4/m.1/cv1/act/Sigmoid_output_0 -> (1, 32, 80, 80)[FLOAT]], 
[09/28/2026-23:30:22] [TRT] [V] Registering layer: /model.4/m.1/cv1/act/Mul for ONNX node: /model.4/m.1/cv1/act/Mul
[09/28/2026-23:30:22] [TRT] [V] Registering tensor: /model.4/m.1/cv1/act/Mul_output_0 for ONNX tensor: /model.4/m.1/cv1/act/Mul_output_0
[09/28/2026-23:30:22] [TRT] [V] /model.4/m.1/cv1/act/Mul [Mul] outputs: [/model.4/m.1/cv1/act/Mul_output_0 -> (1, 32, 80, 80)[FLOAT]], 
[09/28/2026-23:30:22] [TRT] [V] Static check for parsing node: /model.4/m.1/cv2/conv/Conv [Conv]
[09/28/2026-23:30:22] [TRT] [V] Parsing node: /model.4/m.1/cv2/conv/Conv [Conv]
[09/28/2026-23:30:22] [TRT] [V] Searching for input: /model.4/m.1/cv1/act/Mul_output_0
[09/28/2026-23:30:22] [TRT] [V] Searching for input: model.4.m.1.cv2.conv.weight
[09/28/2026-23:30:22] [TRT] [V] Searching for input: model.4.m.1.cv2.conv.bias
[09/28/2026-23:30:22] [TRT] [V] /model.4/m.1/cv2/conv/Conv [Conv] inputs: [/model.4/m.1/cv1/act/Mul_output_0 -> (1, 32, 80, 80)[FLOAT]], [model.4.m.1.cv2.conv.weight -> (32, 32, 3, 3)[FLOAT]], [model.4.m.1.cv2.conv.bias -> (32)[FLOAT]], 
[09/28/2026-23:30:22] [TRT] [V] Convolution input dimensions: (1, 32, 80, 80)
[09/28/2026-23:30:22] [TRT] [V] Registering layer: /model.4/m.1/cv2/conv/Conv for ONNX node: /model.4/m.1/cv2/conv/Conv
[09/28/2026-23:30:22] [TRT] [V] Using kernel: (3, 3), strides: (1, 1), prepadding: (1, 1), postpadding: (1, 1), dilations: (1, 1), numOutputs: 32, nbGroups: 1
[09/28/2026-23:30:22] [TRT] [V] Convolution output dimensions: (1, 32, 80, 80)
[09/28/2026-23:30:22] [TRT] [V] Registering tensor: /model.4/m.1/cv2/conv/Conv_output_0 for ONNX tensor: /model.4/m.1/cv2/conv/Conv_output_0
[09/28/2026-23:30:22] [TRT] [V] /model.4/m.1/cv2/conv/Conv [Conv] outputs: [/model.4/m.1/cv2/conv/Conv_output_0 -> (1, 32, 80, 80)[FLOAT]], 
[09/28/2026-23:30:22] [TRT] [V] Static check for parsing node: /model.4/m.1/cv2/act/Sigmoid [Sigmoid]
[09/28/2026-23:30:22] [TRT] [V] Parsing node: /model.4/m.1/cv2/act/Sigmoid [Sigmoid]
[09/28/2026-23:30:22] [TRT] [V] Searching for input: /model.4/m.1/cv2/conv/Conv_output_0
[09/28/2026-23:30:22] [TRT] [V] /model.4/m.1/cv2/act/Sigmoid [Sigmoid] inputs: [/model.4/m.1/cv2/conv/Conv_output_0 -> (1, 32, 80, 80)[FLOAT]], 
[09/28/2026-23:30:22] [TRT] [V] Registering layer: /model.4/m.1/cv2/act/Sigmoid for ONNX node: /model.4/m.1/cv2/act/Sigmoid
[09/28/2026-23:30:22] [TRT] [V] Registering tensor: /model.4/m.1/cv2/act/Sigmoid_output_0 for ONNX tensor: /model.4/m.1/cv2/act/Sigmoid_output_0
[09/28/2026-23:30:22] [TRT] [V] /model.4/m.1/cv2/act/Sigmoid [Sigmoid] outputs: [/model.4/m.1/cv2/act/Sigmoid_output_0 -> (1, 32, 80, 80)[FLOAT]], 
[09/28/2026-23:30:22] [TRT] [V] Static check for parsing node: /model.4/m.1/cv2/act/Mul [Mul]
[09/28/2026-23:30:22] [TRT] [V] Parsing node: /model.4/m.1/cv2/act/Mul [Mul]
[09/28/2026-23:30:22] [TRT] [V] Searching for input: /model.4/m.1/cv2/conv/Conv_output_0
[09/28/2026-23:30:22] [TRT] [V] Searching for input: /model.4/m.1/cv2/act/Sigmoid_output_0
[09/28/2026-23:30:22] [TRT] [V] /model.4/m.1/cv2/act/Mul [Mul] inputs: [/model.4/m.1/cv2/conv/Conv_output_0 -> (1, 32, 80, 80)[FLOAT]], [/model.4/m.1/cv2/act/Sigmoid_output_0 -> (1, 32, 80, 80)[FLOAT]], 
[09/28/2026-23:30:22] [TRT] [V] Registering layer: /model.4/m.1/cv2/act/Mul for ONNX node: /model.4/m.1/cv2/act/Mul
[09/28/2026-23:30:22] [TRT] [V] Registering tensor: /model.4/m.1/cv2/act/Mul_output_0 for ONNX tensor: /model.4/m.1/cv2/act/Mul_output_0
[09/28/2026-23:30:22] [TRT] [V] /model.4/m.1/cv2/act/Mul [Mul] outputs: [/model.4/m.1/cv2/act/Mul_output_0 -> (1, 32, 80, 80)[FLOAT]], 
[09/28/2026-23:30:22] [TRT] [V] Static check for parsing node: /model.4/m.1/Add [Add]
[09/28/2026-23:30:22] [TRT] [V] Parsing node: /model.4/m.1/Add [Add]
[09/28/2026-23:30:22] [TRT] [V] Searching for input: /model.4/m.0/Add_output_0
[09/28/2026-23:30:22] [TRT] [V] Searching for input: /model.4/m.1/cv2/act/Mul_output_0
[09/28/2026-23:30:22] [TRT] [V] /model.4/m.1/Add [Add] inputs: [/model.4/m.0/Add_output_0 -> (1, 32, 80, 80)[FLOAT]], [/model.4/m.1/cv2/act/Mul_output_0 -> (1, 32, 80, 80)[FLOAT]], 
[09/28/2026-23:30:22] [TRT] [V] Registering layer: /model.4/m.1/Add for ONNX node: /model.4/m.1/Add
[09/28/2026-23:30:22] [TRT] [V] Registering tensor: /model.4/m.1/Add_output_0 for ONNX tensor: /model.4/m.1/Add_output_0
[09/28/2026-23:30:22] [TRT] [V] /model.4/m.1/Add [Add] outputs: [/model.4/m.1/Add_output_0 -> (1, 32, 80, 80)[FLOAT]], 
[09/28/2026-23:30:22] [TRT] [V] Static check for parsing node: /model.4/Concat [Concat]
[09/28/2026-23:30:22] [TRT] [V] Parsing node: /model.4/Concat [Concat]
[09/28/2026-23:30:22] [TRT] [V] Searching for input: /model.4/Split_output_0
[09/28/2026-23:30:22] [TRT] [V] Searching for input: /model.4/Split_output_1
[09/28/2026-23:30:22] [TRT] [V] Searching for input: /model.4/m.0/Add_output_0
[09/28/2026-23:30:22] [TRT] [V] Searching for input: /model.4/m.1/Add_output_0
[09/28/2026-23:30:22] [TRT] [V] /model.4/Concat [Concat] inputs: [/model.4/Split_output_0 -> (1, 32, 80, 80)[FLOAT]], [/model.4/Split_output_1 -> (1, 32, 80, 80)[FLOAT]], [/model.4/m.0/Add_output_0 -> (1, 32, 80, 80)[FLOAT]], [/model.4/m.1/Add_output_0 -> (1, 32, 80, 80)[FLOAT]], 
[09/28/2026-23:30:22] [TRT] [V] Registering layer: /model.4/Concat for ONNX node: /model.4/Concat
[09/28/2026-23:30:22] [TRT] [V] Registering tensor: /model.4/Concat_output_0 for ONNX tensor: /model.4/Concat_output_0
[09/28/2026-23:30:22] [TRT] [V] /model.4/Concat [Concat] outputs: [/model.4/Concat_output_0 -> (1, 128, 80, 80)[FLOAT]], 
[09/28/2026-23:30:22] [TRT] [V] Static check for parsing node: /model.4/cv2/conv/Conv [Conv]
[09/28/2026-23:30:22] [TRT] [V] Parsing node: /model.4/cv2/conv/Conv [Conv]
[09/28/2026-23:30:22] [TRT] [V] Searching for input: /model.4/Concat_output_0
[09/28/2026-23:30:22] [TRT] [V] Searching for input: model.4.cv2.conv.weight
[09/28/2026-23:30:22] [TRT] [V] Searching for input: model.4.cv2.conv.bias
[09/28/2026-23:30:22] [TRT] [V] /model.4/cv2/conv/Conv [Conv] inputs: [/model.4/Concat_output_0 -> (1, 128, 80, 80)[FLOAT]], [model.4.cv2.conv.weight -> (64, 128, 1, 1)[FLOAT]], [model.4.cv2.conv.bias -> (64)[FLOAT]], 
[09/28/2026-23:30:22] [TRT] [V] Convolution input dimensions: (1, 128, 80, 80)
[09/28/2026-23:30:22] [TRT] [V] Registering layer: /model.4/cv2/conv/Conv for ONNX node: /model.4/cv2/conv/Conv
[09/28/2026-23:30:22] [TRT] [V] Using kernel: (1, 1), strides: (1, 1), prepadding: (0, 0), postpadding: (0, 0), dilations: (1, 1), numOutputs: 64, nbGroups: 1
[09/28/2026-23:30:22] [TRT] [V] Convolution output dimensions: (1, 64, 80, 80)
[09/28/2026-23:30:22] [TRT] [V] Registering tensor: /model.4/cv2/conv/Conv_output_0 for ONNX tensor: /model.4/cv2/conv/Conv_output_0
[09/28/2026-23:30:22] [TRT] [V] /model.4/cv2/conv/Conv [Conv] outputs: [/model.4/cv2/conv/Conv_output_0 -> (1, 64, 80, 80)[FLOAT]], 
[09/28/2026-23:30:22] [TRT] [V] Static check for parsing node: /model.4/cv2/act/Sigmoid [Sigmoid]
[09/28/2026-23:30:22] [TRT] [V] Parsing node: /model.4/cv2/act/Sigmoid [Sigmoid]
[09/28/2026-23:30:22] [TRT] [V] Searching for input: /model.4/cv2/conv/Conv_output_0
[09/28/2026-23:30:22] [TRT] [V] /model.4/cv2/act/Sigmoid [Sigmoid] inputs: [/model.4/cv2/conv/Conv_output_0 -> (1, 64, 80, 80)[FLOAT]], 
[09/28/2026-23:30:22] [TRT] [V] Registering layer: /model.4/cv2/act/Sigmoid for ONNX node: /model.4/cv2/act/Sigmoid
[09/28/2026-23:30:22] [TRT] [V] Registering tensor: /model.4/cv2/act/Sigmoid_output_0 for ONNX tensor: /model.4/cv2/act/Sigmoid_output_0
[09/28/2026-23:30:22] [TRT] [V] /model.4/cv2/act/Sigmoid [Sigmoid] outputs: [/model.4/cv2/act/Sigmoid_output_0 -> (1, 64, 80, 80)[FLOAT]], 
[09/28/2026-23:30:22] [TRT] [V] Static check for parsing node: /model.4/cv2/act/Mul [Mul]
[09/28/2026-23:30:22] [TRT] [V] Parsing node: /model.4/cv2/act/Mul [Mul]
[09/28/2026-23:30:22] [TRT] [V] Searching for input: /model.4/cv2/conv/Conv_output_0
[09/28/2026-23:30:22] [TRT] [V] Searching for input: /model.4/cv2/act/Sigmoid_output_0
[09/28/2026-23:30:22] [TRT] [V] /model.4/cv2/act/Mul [Mul] inputs: [/model.4/cv2/conv/Conv_output_0 -> (1, 64, 80, 80)[FLOAT]], [/model.4/cv2/act/Sigmoid_output_0 -> (1, 64, 80, 80)[FLOAT]], 
[09/28/2026-23:30:22] [TRT] [V] Registering layer: /model.4/cv2/act/Mul for ONNX node: /model.4/cv2/act/Mul
[09/28/2026-23:30:22] [TRT] [V] Registering tensor: /model.4/cv2/act/Mul_output_0 for ONNX tensor: /model.4/cv2/act/Mul_output_0
[09/28/2026-23:30:22] [TRT] [V] /model.4/cv2/act/Mul [Mul] outputs: [/model.4/cv2/act/Mul_output_0 -> (1, 64, 80, 80)[FLOAT]], 
[09/28/2026-23:30:22] [TRT] [V] Static check for parsing node: /model.5/conv/Conv [Conv]
[09/28/2026-23:30:22] [TRT] [V] Parsing node: /model.5/conv/Conv [Conv]
[09/28/2026-23:30:22] [TRT] [V] Searching for input: /model.4/cv2/act/Mul_output_0
[09/28/2026-23:30:22] [TRT] [V] Searching for input: model.5.conv.weight
[09/28/2026-23:30:22] [TRT] [V] Searching for input: model.5.conv.bias
[09/28/2026-23:30:22] [TRT] [V] /model.5/conv/Conv [Conv] inputs: [/model.4/cv2/act/Mul_output_0 -> (1, 64, 80, 80)[FLOAT]], [model.5.conv.weight -> (128, 64, 3, 3)[FLOAT]], [model.5.conv.bias -> (128)[FLOAT]], 
[09/28/2026-23:30:22] [TRT] [V] Convolution input dimensions: (1, 64, 80, 80)
[09/28/2026-23:30:22] [TRT] [V] Registering layer: /model.5/conv/Conv for ONNX node: /model.5/conv/Conv
[09/28/2026-23:30:22] [TRT] [V] Using kernel: (3, 3), strides: (2, 2), prepadding: (1, 1), postpadding: (1, 1), dilations: (1, 1), numOutputs: 128, nbGroups: 1
[09/28/2026-23:30:22] [TRT] [V] Convolution output dimensions: (1, 128, 40, 40)
[09/28/2026-23:30:22] [TRT] [V] Registering tensor: /model.5/conv/Conv_output_0 for ONNX tensor: /model.5/conv/Conv_output_0
[09/28/2026-23:30:22] [TRT] [V] /model.5/conv/Conv [Conv] outputs: [/model.5/conv/Conv_output_0 -> (1, 128, 40, 40)[FLOAT]], 
[09/28/2026-23:30:22] [TRT] [V] Static check for parsing node: /model.5/act/Sigmoid [Sigmoid]
[09/28/2026-23:30:22] [TRT] [V] Parsing node: /model.5/act/Sigmoid [Sigmoid]
[09/28/2026-23:30:22] [TRT] [V] Searching for input: /model.5/conv/Conv_output_0
[09/28/2026-23:30:22] [TRT] [V] /model.5/act/Sigmoid [Sigmoid] inputs: [/model.5/conv/Conv_output_0 -> (1, 128, 40, 40)[FLOAT]], 
[09/28/2026-23:30:22] [TRT] [V] Registering layer: /model.5/act/Sigmoid for ONNX node: /model.5/act/Sigmoid
[09/28/2026-23:30:22] [TRT] [V] Registering tensor: /model.5/act/Sigmoid_output_0 for ONNX tensor: /model.5/act/Sigmoid_output_0
[09/28/2026-23:30:22] [TRT] [V] /model.5/act/Sigmoid [Sigmoid] outputs: [/model.5/act/Sigmoid_output_0 -> (1, 128, 40, 40)[FLOAT]], 
[09/28/2026-23:30:22] [TRT] [V] Static check for parsing node: /model.5/act/Mul [Mul]
[09/28/2026-23:30:22] [TRT] [V] Parsing node: /model.5/act/Mul [Mul]
[09/28/2026-23:30:22] [TRT] [V] Searching for input: /model.5/conv/Conv_output_0
[09/28/2026-23:30:22] [TRT] [V] Searching for input: /model.5/act/Sigmoid_output_0
[09/28/2026-23:30:22] [TRT] [V] /model.5/act/Mul [Mul] inputs: [/model.5/conv/Conv_output_0 -> (1, 128, 40, 40)[FLOAT]], [/model.5/act/Sigmoid_output_0 -> (1, 128, 40, 40)[FLOAT]], 
[09/28/2026-23:30:22] [TRT] [V] Registering layer: /model.5/act/Mul for ONNX node: /model.5/act/Mul
[09/28/2026-23:30:22] [TRT] [V] Registering tensor: /model.5/act/Mul_output_0 for ONNX tensor: /model.5/act/Mul_output_0
[09/28/2026-23:30:22] [TRT] [V] /model.5/act/Mul [Mul] outputs: [/model.5/act/Mul_output_0 -> (1, 128, 40, 40)[FLOAT]], 
[09/28/2026-23:30:22] [TRT] [V] Static check for parsing node: /model.6/cv1/conv/Conv [Conv]
[09/28/2026-23:30:22] [TRT] [V] Parsing node: /model.6/cv1/conv/Conv [Conv]
[09/28/2026-23:30:22] [TRT] [V] Searching for input: /model.5/act/Mul_output_0
[09/28/2026-23:30:22] [TRT] [V] Searching for input: model.6.cv1.conv.weight
[09/28/2026-23:30:22] [TRT] [V] Searching for input: model.6.cv1.conv.bias
[09/28/2026-23:30:22] [TRT] [V] /model.6/cv1/conv/Conv [Conv] inputs: [/model.5/act/Mul_output_0 -> (1, 128, 40, 40)[FLOAT]], [model.6.cv1.conv.weight -> (128, 128, 1, 1)[FLOAT]], [model.6.cv1.conv.bias -> (128)[FLOAT]], 
[09/28/2026-23:30:22] [TRT] [V] Convolution input dimensions: (1, 128, 40, 40)
[09/28/2026-23:30:22] [TRT] [V] Registering layer: /model.6/cv1/conv/Conv for ONNX node: /model.6/cv1/conv/Conv
[09/28/2026-23:30:22] [TRT] [V] Using kernel: (1, 1), strides: (1, 1), prepadding: (0, 0), postpadding: (0, 0), dilations: (1, 1), numOutputs: 128, nbGroups: 1
[09/28/2026-23:30:22] [TRT] [V] Convolution output dimensions: (1, 128, 40, 40)
[09/28/2026-23:30:22] [TRT] [V] Registering tensor: /model.6/cv1/conv/Conv_output_0 for ONNX tensor: /model.6/cv1/conv/Conv_output_0
[09/28/2026-23:30:22] [TRT] [V] /model.6/cv1/conv/Conv [Conv] outputs: [/model.6/cv1/conv/Conv_output_0 -> (1, 128, 40, 40)[FLOAT]], 
[09/28/2026-23:30:22] [TRT] [V] Static check for parsing node: /model.6/cv1/act/Sigmoid [Sigmoid]
[09/28/2026-23:30:22] [TRT] [V] Parsing node: /model.6/cv1/act/Sigmoid [Sigmoid]
[09/28/2026-23:30:22] [TRT] [V] Searching for input: /model.6/cv1/conv/Conv_output_0
[09/28/2026-23:30:22] [TRT] [V] /model.6/cv1/act/Sigmoid [Sigmoid] inputs: [/model.6/cv1/conv/Conv_output_0 -> (1, 128, 40, 40)[FLOAT]], 
[09/28/2026-23:30:22] [TRT] [V] Registering layer: /model.6/cv1/act/Sigmoid for ONNX node: /model.6/cv1/act/Sigmoid
[09/28/2026-23:30:22] [TRT] [V] Registering tensor: /model.6/cv1/act/Sigmoid_output_0 for ONNX tensor: /model.6/cv1/act/Sigmoid_output_0
[09/28/2026-23:30:22] [TRT] [V] /model.6/cv1/act/Sigmoid [Sigmoid] outputs: [/model.6/cv1/act/Sigmoid_output_0 -> (1, 128, 40, 40)[FLOAT]], 
[09/28/2026-23:30:22] [TRT] [V] Static check for parsing node: /model.6/cv1/act/Mul [Mul]
[09/28/2026-23:30:22] [TRT] [V] Parsing node: /model.6/cv1/act/Mul [Mul]
[09/28/2026-23:30:22] [TRT] [V] Searching for input: /model.6/cv1/conv/Conv_output_0
[09/28/2026-23:30:22] [TRT] [V] Searching for input: /model.6/cv1/act/Sigmoid_output_0
[09/28/2026-23:30:22] [TRT] [V] /model.6/cv1/act/Mul [Mul] inputs: [/model.6/cv1/conv/Conv_output_0 -> (1, 128, 40, 40)[FLOAT]], [/model.6/cv1/act/Sigmoid_output_0 -> (1, 128, 40, 40)[FLOAT]], 
[09/28/2026-23:30:22] [TRT] [V] Registering layer: /model.6/cv1/act/Mul for ONNX node: /model.6/cv1/act/Mul
[09/28/2026-23:30:22] [TRT] [V] Registering tensor: /model.6/cv1/act/Mul_output_0 for ONNX tensor: /model.6/cv1/act/Mul_output_0
[09/28/2026-23:30:22] [TRT] [V] /model.6/cv1/act/Mul [Mul] outputs: [/model.6/cv1/act/Mul_output_0 -> (1, 128, 40, 40)[FLOAT]], 
[09/28/2026-23:30:22] [TRT] [V] Static check for parsing node: /model.6/Split [Split]
[09/28/2026-23:30:22] [TRT] [V] Parsing node: /model.6/Split [Split]
[09/28/2026-23:30:22] [TRT] [V] Searching for input: /model.6/cv1/act/Mul_output_0
[09/28/2026-23:30:22] [TRT] [V] Searching for input: onnx::Split_184
[09/28/2026-23:30:22] [TRT] [V] /model.6/Split [Split] inputs: [/model.6/cv1/act/Mul_output_0 -> (1, 128, 40, 40)[FLOAT]], [onnx::Split_184 -> (2)[INT64]], 
[09/28/2026-23:30:22] [TRT] [V] Registering layer: ONNXTRT_ShapeSlice_5 required by ONNX-TRT
[09/28/2026-23:30:22] [TRT] [V] Registering layer: /model.6/Split for ONNX node: /model.6/Split
[09/28/2026-23:30:22] [TRT] [V] Registering layer: ONNXTRT_ShapeSlice_6 required by ONNX-TRT
[09/28/2026-23:30:22] [TRT] [V] Registering layer: /model.6/Split_7 for ONNX node: /model.6/Split
[09/28/2026-23:30:22] [TRT] [V] Registering tensor: /model.6/Split_output_0 for ONNX tensor: /model.6/Split_output_0
[09/28/2026-23:30:22] [TRT] [V] Registering tensor: /model.6/Split_output_1 for ONNX tensor: /model.6/Split_output_1
[09/28/2026-23:30:22] [TRT] [V] /model.6/Split [Split] outputs: [/model.6/Split_output_0 -> (1, 64, 40, 40)[FLOAT]], [/model.6/Split_output_1 -> (1, 64, 40, 40)[FLOAT]], 
[09/28/2026-23:30:22] [TRT] [V] Static check for parsing node: /model.6/m.0/cv1/conv/Conv [Conv]
[09/28/2026-23:30:22] [TRT] [V] Parsing node: /model.6/m.0/cv1/conv/Conv [Conv]
[09/28/2026-23:30:22] [TRT] [V] Searching for input: /model.6/Split_output_1
[09/28/2026-23:30:22] [TRT] [V] Searching for input: model.6.m.0.cv1.conv.weight
[09/28/2026-23:30:22] [TRT] [V] Searching for input: model.6.m.0.cv1.conv.bias
[09/28/2026-23:30:22] [TRT] [V] /model.6/m.0/cv1/conv/Conv [Conv] inputs: [/model.6/Split_output_1 -> (1, 64, 40, 40)[FLOAT]], [model.6.m.0.cv1.conv.weight -> (64, 64, 3, 3)[FLOAT]], [model.6.m.0.cv1.conv.bias -> (64)[FLOAT]], 
[09/28/2026-23:30:22] [TRT] [V] Convolution input dimensions: (1, 64, 40, 40)
[09/28/2026-23:30:22] [TRT] [V] Registering layer: /model.6/m.0/cv1/conv/Conv for ONNX node: /model.6/m.0/cv1/conv/Conv
[09/28/2026-23:30:22] [TRT] [V] Using kernel: (3, 3), strides: (1, 1), prepadding: (1, 1), postpadding: (1, 1), dilations: (1, 1), numOutputs: 64, nbGroups: 1
[09/28/2026-23:30:22] [TRT] [V] Convolution output dimensions: (1, 64, 40, 40)
[09/28/2026-23:30:22] [TRT] [V] Registering tensor: /model.6/m.0/cv1/conv/Conv_output_0 for ONNX tensor: /model.6/m.0/cv1/conv/Conv_output_0
[09/28/2026-23:30:22] [TRT] [V] /model.6/m.0/cv1/conv/Conv [Conv] outputs: [/model.6/m.0/cv1/conv/Conv_output_0 -> (1, 64, 40, 40)[FLOAT]], 
[09/28/2026-23:30:22] [TRT] [V] Static check for parsing node: /model.6/m.0/cv1/act/Sigmoid [Sigmoid]
[09/28/2026-23:30:22] [TRT] [V] Parsing node: /model.6/m.0/cv1/act/Sigmoid [Sigmoid]
[09/28/2026-23:30:22] [TRT] [V] Searching for input: /model.6/m.0/cv1/conv/Conv_output_0
[09/28/2026-23:30:22] [TRT] [V] /model.6/m.0/cv1/act/Sigmoid [Sigmoid] inputs: [/model.6/m.0/cv1/conv/Conv_output_0 -> (1, 64, 40, 40)[FLOAT]], 
[09/28/2026-23:30:22] [TRT] [V] Registering layer: /model.6/m.0/cv1/act/Sigmoid for ONNX node: /model.6/m.0/cv1/act/Sigmoid
[09/28/2026-23:30:22] [TRT] [V] Registering tensor: /model.6/m.0/cv1/act/Sigmoid_output_0 for ONNX tensor: /model.6/m.0/cv1/act/Sigmoid_output_0
[09/28/2026-23:30:22] [TRT] [V] /model.6/m.0/cv1/act/Sigmoid [Sigmoid] outputs: [/model.6/m.0/cv1/act/Sigmoid_output_0 -> (1, 64, 40, 40)[FLOAT]], 
[09/28/2026-23:30:22] [TRT] [V] Static check for parsing node: /model.6/m.0/cv1/act/Mul [Mul]
[09/28/2026-23:30:22] [TRT] [V] Parsing node: /model.6/m.0/cv1/act/Mul [Mul]
[09/28/2026-23:30:22] [TRT] [V] Searching for input: /model.6/m.0/cv1/conv/Conv_output_0
[09/28/2026-23:30:22] [TRT] [V] Searching for input: /model.6/m.0/cv1/act/Sigmoid_output_0
[09/28/2026-23:30:22] [TRT] [V] /model.6/m.0/cv1/act/Mul [Mul] inputs: [/model.6/m.0/cv1/conv/Conv_output_0 -> (1, 64, 40, 40)[FLOAT]], [/model.6/m.0/cv1/act/Sigmoid_output_0 -> (1, 64, 40, 40)[FLOAT]], 
[09/28/2026-23:30:22] [TRT] [V] Registering layer: /model.6/m.0/cv1/act/Mul for ONNX node: /model.6/m.0/cv1/act/Mul
[09/28/2026-23:30:22] [TRT] [V] Registering tensor: /model.6/m.0/cv1/act/Mul_output_0 for ONNX tensor: /model.6/m.0/cv1/act/Mul_output_0
[09/28/2026-23:30:22] [TRT] [V] /model.6/m.0/cv1/act/Mul [Mul] outputs: [/model.6/m.0/cv1/act/Mul_output_0 -> (1, 64, 40, 40)[FLOAT]], 
[09/28/2026-23:30:22] [TRT] [V] Static check for parsing node: /model.6/m.0/cv2/conv/Conv [Conv]
[09/28/2026-23:30:22] [TRT] [V] Parsing node: /model.6/m.0/cv2/conv/Conv [Conv]
[09/28/2026-23:30:22] [TRT] [V] Searching for input: /model.6/m.0/cv1/act/Mul_output_0
[09/28/2026-23:30:22] [TRT] [V] Searching for input: model.6.m.0.cv2.conv.weight
[09/28/2026-23:30:22] [TRT] [V] Searching for input: model.6.m.0.cv2.conv.bias
[09/28/2026-23:30:22] [TRT] [V] /model.6/m.0/cv2/conv/Conv [Conv] inputs: [/model.6/m.0/cv1/act/Mul_output_0 -> (1, 64, 40, 40)[FLOAT]], [model.6.m.0.cv2.conv.weight -> (64, 64, 3, 3)[FLOAT]], [model.6.m.0.cv2.conv.bias -> (64)[FLOAT]], 
[09/28/2026-23:30:22] [TRT] [V] Convolution input dimensions: (1, 64, 40, 40)
[09/28/2026-23:30:22] [TRT] [V] Registering layer: /model.6/m.0/cv2/conv/Conv for ONNX node: /model.6/m.0/cv2/conv/Conv
[09/28/2026-23:30:22] [TRT] [V] Using kernel: (3, 3), strides: (1, 1), prepadding: (1, 1), postpadding: (1, 1), dilations: (1, 1), numOutputs: 64, nbGroups: 1
[09/28/2026-23:30:22] [TRT] [V] Convolution output dimensions: (1, 64, 40, 40)
[09/28/2026-23:30:22] [TRT] [V] Registering tensor: /model.6/m.0/cv2/conv/Conv_output_0 for ONNX tensor: /model.6/m.0/cv2/conv/Conv_output_0
[09/28/2026-23:30:22] [TRT] [V] /model.6/m.0/cv2/conv/Conv [Conv] outputs: [/model.6/m.0/cv2/conv/Conv_output_0 -> (1, 64, 40, 40)[FLOAT]], 
[09/28/2026-23:30:22] [TRT] [V] Static check for parsing node: /model.6/m.0/cv2/act/Sigmoid [Sigmoid]
[09/28/2026-23:30:22] [TRT] [V] Parsing node: /model.6/m.0/cv2/act/Sigmoid [Sigmoid]
[09/28/2026-23:30:22] [TRT] [V] Searching for input: /model.6/m.0/cv2/conv/Conv_output_0
[09/28/2026-23:30:22] [TRT] [V] /model.6/m.0/cv2/act/Sigmoid [Sigmoid] inputs: [/model.6/m.0/cv2/conv/Conv_output_0 -> (1, 64, 40, 40)[FLOAT]], 
[09/28/2026-23:30:22] [TRT] [V] Registering layer: /model.6/m.0/cv2/act/Sigmoid for ONNX node: /model.6/m.0/cv2/act/Sigmoid
[09/28/2026-23:30:22] [TRT] [V] Registering tensor: /model.6/m.0/cv2/act/Sigmoid_output_0 for ONNX tensor: /model.6/m.0/cv2/act/Sigmoid_output_0
[09/28/2026-23:30:22] [TRT] [V] /model.6/m.0/cv2/act/Sigmoid [Sigmoid] outputs: [/model.6/m.0/cv2/act/Sigmoid_output_0 -> (1, 64, 40, 40)[FLOAT]], 
[09/28/2026-23:30:22] [TRT] [V] Static check for parsing node: /model.6/m.0/cv2/act/Mul [Mul]
[09/28/2026-23:30:22] [TRT] [V] Parsing node: /model.6/m.0/cv2/act/Mul [Mul]
[09/28/2026-23:30:22] [TRT] [V] Searching for input: /model.6/m.0/cv2/conv/Conv_output_0
[09/28/2026-23:30:22] [TRT] [V] Searching for input: /model.6/m.0/cv2/act/Sigmoid_output_0
[09/28/2026-23:30:22] [TRT] [V] /model.6/m.0/cv2/act/Mul [Mul] inputs: [/model.6/m.0/cv2/conv/Conv_output_0 -> (1, 64, 40, 40)[FLOAT]], [/model.6/m.0/cv2/act/Sigmoid_output_0 -> (1, 64, 40, 40)[FLOAT]], 
[09/28/2026-23:30:22] [TRT] [V] Registering layer: /model.6/m.0/cv2/act/Mul for ONNX node: /model.6/m.0/cv2/act/Mul
[09/28/2026-23:30:22] [TRT] [V] Registering tensor: /model.6/m.0/cv2/act/Mul_output_0 for ONNX tensor: /model.6/m.0/cv2/act/Mul_output_0
[09/28/2026-23:30:22] [TRT] [V] /model.6/m.0/cv2/act/Mul [Mul] outputs: [/model.6/m.0/cv2/act/Mul_output_0 -> (1, 64, 40, 40)[FLOAT]], 
[09/28/2026-23:30:22] [TRT] [V] Static check for parsing node: /model.6/m.0/Add [Add]
[09/28/2026-23:30:22] [TRT] [V] Parsing node: /model.6/m.0/Add [Add]
[09/28/2026-23:30:22] [TRT] [V] Searching for input: /model.6/Split_output_1
[09/28/2026-23:30:22] [TRT] [V] Searching for input: /model.6/m.0/cv2/act/Mul_output_0
[09/28/2026-23:30:22] [TRT] [V] /model.6/m.0/Add [Add] inputs: [/model.6/Split_output_1 -> (1, 64, 40, 40)[FLOAT]], [/model.6/m.0/cv2/act/Mul_output_0 -> (1, 64, 40, 40)[FLOAT]], 
[09/28/2026-23:30:22] [TRT] [V] Registering layer: /model.6/m.0/Add for ONNX node: /model.6/m.0/Add
[09/28/2026-23:30:22] [TRT] [V] Registering tensor: /model.6/m.0/Add_output_0 for ONNX tensor: /model.6/m.0/Add_output_0
[09/28/2026-23:30:22] [TRT] [V] /model.6/m.0/Add [Add] outputs: [/model.6/m.0/Add_output_0 -> (1, 64, 40, 40)[FLOAT]], 
[09/28/2026-23:30:22] [TRT] [V] Static check for parsing node: /model.6/m.1/cv1/conv/Conv [Conv]
[09/28/2026-23:30:22] [TRT] [V] Parsing node: /model.6/m.1/cv1/conv/Conv [Conv]
[09/28/2026-23:30:22] [TRT] [V] Searching for input: /model.6/m.0/Add_output_0
[09/28/2026-23:30:22] [TRT] [V] Searching for input: model.6.m.1.cv1.conv.weight
[09/28/2026-23:30:22] [TRT] [V] Searching for input: model.6.m.1.cv1.conv.bias
[09/28/2026-23:30:22] [TRT] [V] /model.6/m.1/cv1/conv/Conv [Conv] inputs: [/model.6/m.0/Add_output_0 -> (1, 64, 40, 40)[FLOAT]], [model.6.m.1.cv1.conv.weight -> (64, 64, 3, 3)[FLOAT]], [model.6.m.1.cv1.conv.bias -> (64)[FLOAT]], 
[09/28/2026-23:30:22] [TRT] [V] Convolution input dimensions: (1, 64, 40, 40)
[09/28/2026-23:30:22] [TRT] [V] Registering layer: /model.6/m.1/cv1/conv/Conv for ONNX node: /model.6/m.1/cv1/conv/Conv
[09/28/2026-23:30:22] [TRT] [V] Using kernel: (3, 3), strides: (1, 1), prepadding: (1, 1), postpadding: (1, 1), dilations: (1, 1), numOutputs: 64, nbGroups: 1
[09/28/2026-23:30:22] [TRT] [V] Convolution output dimensions: (1, 64, 40, 40)
[09/28/2026-23:30:22] [TRT] [V] Registering tensor: /model.6/m.1/cv1/conv/Conv_output_0 for ONNX tensor: /model.6/m.1/cv1/conv/Conv_output_0
[09/28/2026-23:30:22] [TRT] [V] /model.6/m.1/cv1/conv/Conv [Conv] outputs: [/model.6/m.1/cv1/conv/Conv_output_0 -> (1, 64, 40, 40)[FLOAT]], 
[09/28/2026-23:30:22] [TRT] [V] Static check for parsing node: /model.6/m.1/cv1/act/Sigmoid [Sigmoid]
[09/28/2026-23:30:22] [TRT] [V] Parsing node: /model.6/m.1/cv1/act/Sigmoid [Sigmoid]
[09/28/2026-23:30:22] [TRT] [V] Searching for input: /model.6/m.1/cv1/conv/Conv_output_0
[09/28/2026-23:30:22] [TRT] [V] /model.6/m.1/cv1/act/Sigmoid [Sigmoid] inputs: [/model.6/m.1/cv1/conv/Conv_output_0 -> (1, 64, 40, 40)[FLOAT]], 
[09/28/2026-23:30:22] [TRT] [V] Registering layer: /model.6/m.1/cv1/act/Sigmoid for ONNX node: /model.6/m.1/cv1/act/Sigmoid
[09/28/2026-23:30:22] [TRT] [V] Registering tensor: /model.6/m.1/cv1/act/Sigmoid_output_0 for ONNX tensor: /model.6/m.1/cv1/act/Sigmoid_output_0
[09/28/2026-23:30:22] [TRT] [V] /model.6/m.1/cv1/act/Sigmoid [Sigmoid] outputs: [/model.6/m.1/cv1/act/Sigmoid_output_0 -> (1, 64, 40, 40)[FLOAT]], 
[09/28/2026-23:30:22] [TRT] [V] Static check for parsing node: /model.6/m.1/cv1/act/Mul [Mul]
[09/28/2026-23:30:22] [TRT] [V] Parsing node: /model.6/m.1/cv1/act/Mul [Mul]
[09/28/2026-23:30:22] [TRT] [V] Searching for input: /model.6/m.1/cv1/conv/Conv_output_0
[09/28/2026-23:30:22] [TRT] [V] Searching for input: /model.6/m.1/cv1/act/Sigmoid_output_0
[09/28/2026-23:30:22] [TRT] [V] /model.6/m.1/cv1/act/Mul [Mul] inputs: [/model.6/m.1/cv1/conv/Conv_output_0 -> (1, 64, 40, 40)[FLOAT]], [/model.6/m.1/cv1/act/Sigmoid_output_0 -> (1, 64, 40, 40)[FLOAT]], 
[09/28/2026-23:30:22] [TRT] [V] Registering layer: /model.6/m.1/cv1/act/Mul for ONNX node: /model.6/m.1/cv1/act/Mul
[09/28/2026-23:30:22] [TRT] [V] Registering tensor: /model.6/m.1/cv1/act/Mul_output_0 for ONNX tensor: /model.6/m.1/cv1/act/Mul_output_0
[09/28/2026-23:30:22] [TRT] [V] /model.6/m.1/cv1/act/Mul [Mul] outputs: [/model.6/m.1/cv1/act/Mul_output_0 -> (1, 64, 40, 40)[FLOAT]], 
[09/28/2026-23:30:22] [TRT] [V] Static check for parsing node: /model.6/m.1/cv2/conv/Conv [Conv]
[09/28/2026-23:30:22] [TRT] [V] Parsing node: /model.6/m.1/cv2/conv/Conv [Conv]
[09/28/2026-23:30:22] [TRT] [V] Searching for input: /model.6/m.1/cv1/act/Mul_output_0
[09/28/2026-23:30:22] [TRT] [V] Searching for input: model.6.m.1.cv2.conv.weight
[09/28/2026-23:30:22] [TRT] [V] Searching for input: model.6.m.1.cv2.conv.bias
[09/28/2026-23:30:22] [TRT] [V] /model.6/m.1/cv2/conv/Conv [Conv] inputs: [/model.6/m.1/cv1/act/Mul_output_0 -> (1, 64, 40, 40)[FLOAT]], [model.6.m.1.cv2.conv.weight -> (64, 64, 3, 3)[FLOAT]], [model.6.m.1.cv2.conv.bias -> (64)[FLOAT]], 
[09/28/2026-23:30:22] [TRT] [V] Convolution input dimensions: (1, 64, 40, 40)
[09/28/2026-23:30:22] [TRT] [V] Registering layer: /model.6/m.1/cv2/conv/Conv for ONNX node: /model.6/m.1/cv2/conv/Conv
[09/28/2026-23:30:22] [TRT] [V] Using kernel: (3, 3), strides: (1, 1), prepadding: (1, 1), postpadding: (1, 1), dilations: (1, 1), numOutputs: 64, nbGroups: 1
[09/28/2026-23:30:22] [TRT] [V] Convolution output dimensions: (1, 64, 40, 40)
[09/28/2026-23:30:22] [TRT] [V] Registering tensor: /model.6/m.1/cv2/conv/Conv_output_0 for ONNX tensor: /model.6/m.1/cv2/conv/Conv_output_0
[09/28/2026-23:30:22] [TRT] [V] /model.6/m.1/cv2/conv/Conv [Conv] outputs: [/model.6/m.1/cv2/conv/Conv_output_0 -> (1, 64, 40, 40)[FLOAT]], 
[09/28/2026-23:30:22] [TRT] [V] Static check for parsing node: /model.6/m.1/cv2/act/Sigmoid [Sigmoid]
[09/28/2026-23:30:22] [TRT] [V] Parsing node: /model.6/m.1/cv2/act/Sigmoid [Sigmoid]
[09/28/2026-23:30:22] [TRT] [V] Searching for input: /model.6/m.1/cv2/conv/Conv_output_0
[09/28/2026-23:30:22] [TRT] [V] /model.6/m.1/cv2/act/Sigmoid [Sigmoid] inputs: [/model.6/m.1/cv2/conv/Conv_output_0 -> (1, 64, 40, 40)[FLOAT]], 
[09/28/2026-23:30:22] [TRT] [V] Registering layer: /model.6/m.1/cv2/act/Sigmoid for ONNX node: /model.6/m.1/cv2/act/Sigmoid
[09/28/2026-23:30:22] [TRT] [V] Registering tensor: /model.6/m.1/cv2/act/Sigmoid_output_0 for ONNX tensor: /model.6/m.1/cv2/act/Sigmoid_output_0
[09/28/2026-23:30:22] [TRT] [V] /model.6/m.1/cv2/act/Sigmoid [Sigmoid] outputs: [/model.6/m.1/cv2/act/Sigmoid_output_0 -> (1, 64, 40, 40)[FLOAT]], 
[09/28/2026-23:30:22] [TRT] [V] Static check for parsing node: /model.6/m.1/cv2/act/Mul [Mul]
[09/28/2026-23:30:22] [TRT] [V] Parsing node: /model.6/m.1/cv2/act/Mul [Mul]
[09/28/2026-23:30:22] [TRT] [V] Searching for input: /model.6/m.1/cv2/conv/Conv_output_0
[09/28/2026-23:30:22] [TRT] [V] Searching for input: /model.6/m.1/cv2/act/Sigmoid_output_0
[09/28/2026-23:30:22] [TRT] [V] /model.6/m.1/cv2/act/Mul [Mul] inputs: [/model.6/m.1/cv2/conv/Conv_output_0 -> (1, 64, 40, 40)[FLOAT]], [/model.6/m.1/cv2/act/Sigmoid_output_0 -> (1, 64, 40, 40)[FLOAT]], 
[09/28/2026-23:30:22] [TRT] [V] Registering layer: /model.6/m.1/cv2/act/Mul for ONNX node: /model.6/m.1/cv2/act/Mul
[09/28/2026-23:30:22] [TRT] [V] Registering tensor: /model.6/m.1/cv2/act/Mul_output_0 for ONNX tensor: /model.6/m.1/cv2/act/Mul_output_0
[09/28/2026-23:30:22] [TRT] [V] /model.6/m.1/cv2/act/Mul [Mul] outputs: [/model.6/m.1/cv2/act/Mul_output_0 -> (1, 64, 40, 40)[FLOAT]], 
[09/28/2026-23:30:22] [TRT] [V] Static check for parsing node: /model.6/m.1/Add [Add]
[09/28/2026-23:30:22] [TRT] [V] Parsing node: /model.6/m.1/Add [Add]
[09/28/2026-23:30:22] [TRT] [V] Searching for input: /model.6/m.0/Add_output_0
[09/28/2026-23:30:22] [TRT] [V] Searching for input: /model.6/m.1/cv2/act/Mul_output_0
[09/28/2026-23:30:22] [TRT] [V] /model.6/m.1/Add [Add] inputs: [/model.6/m.0/Add_output_0 -> (1, 64, 40, 40)[FLOAT]], [/model.6/m.1/cv2/act/Mul_output_0 -> (1, 64, 40, 40)[FLOAT]], 
[09/28/2026-23:30:22] [TRT] [V] Registering layer: /model.6/m.1/Add for ONNX node: /model.6/m.1/Add
[09/28/2026-23:30:22] [TRT] [V] Registering tensor: /model.6/m.1/Add_output_0 for ONNX tensor: /model.6/m.1/Add_output_0
[09/28/2026-23:30:22] [TRT] [V] /model.6/m.1/Add [Add] outputs: [/model.6/m.1/Add_output_0 -> (1, 64, 40, 40)[FLOAT]], 
[09/28/2026-23:30:22] [TRT] [V] Static check for parsing node: /model.6/Concat [Concat]
[09/28/2026-23:30:22] [TRT] [V] Parsing node: /model.6/Concat [Concat]
[09/28/2026-23:30:22] [TRT] [V] Searching for input: /model.6/Split_output_0
[09/28/2026-23:30:22] [TRT] [V] Searching for input: /model.6/Split_output_1
[09/28/2026-23:30:22] [TRT] [V] Searching for input: /model.6/m.0/Add_output_0
[09/28/2026-23:30:22] [TRT] [V] Searching for input: /model.6/m.1/Add_output_0
[09/28/2026-23:30:22] [TRT] [V] /model.6/Concat [Concat] inputs: [/model.6/Split_output_0 -> (1, 64, 40, 40)[FLOAT]], [/model.6/Split_output_1 -> (1, 64, 40, 40)[FLOAT]], [/model.6/m.0/Add_output_0 -> (1, 64, 40, 40)[FLOAT]], [/model.6/m.1/Add_output_0 -> (1, 64, 40, 40)[FLOAT]], 
[09/28/2026-23:30:22] [TRT] [V] Registering layer: /model.6/Concat for ONNX node: /model.6/Concat
[09/28/2026-23:30:22] [TRT] [V] Registering tensor: /model.6/Concat_output_0 for ONNX tensor: /model.6/Concat_output_0
[09/28/2026-23:30:22] [TRT] [V] /model.6/Concat [Concat] outputs: [/model.6/Concat_output_0 -> (1, 256, 40, 40)[FLOAT]], 
[09/28/2026-23:30:22] [TRT] [V] Static check for parsing node: /model.6/cv2/conv/Conv [Conv]
[09/28/2026-23:30:22] [TRT] [V] Parsing node: /model.6/cv2/conv/Conv [Conv]
[09/28/2026-23:30:22] [TRT] [V] Searching for input: /model.6/Concat_output_0
[09/28/2026-23:30:22] [TRT] [V] Searching for input: model.6.cv2.conv.weight
[09/28/2026-23:30:22] [TRT] [V] Searching for input: model.6.cv2.conv.bias
[09/28/2026-23:30:22] [TRT] [V] /model.6/cv2/conv/Conv [Conv] inputs: [/model.6/Concat_output_0 -> (1, 256, 40, 40)[FLOAT]], [model.6.cv2.conv.weight -> (128, 256, 1, 1)[FLOAT]], [model.6.cv2.conv.bias -> (128)[FLOAT]], 
[09/28/2026-23:30:22] [TRT] [V] Convolution input dimensions: (1, 256, 40, 40)
[09/28/2026-23:30:22] [TRT] [V] Registering layer: /model.6/cv2/conv/Conv for ONNX node: /model.6/cv2/conv/Conv
[09/28/2026-23:30:22] [TRT] [V] Using kernel: (1, 1), strides: (1, 1), prepadding: (0, 0), postpadding: (0, 0), dilations: (1, 1), numOutputs: 128, nbGroups: 1
[09/28/2026-23:30:22] [TRT] [V] Convolution output dimensions: (1, 128, 40, 40)
[09/28/2026-23:30:22] [TRT] [V] Registering tensor: /model.6/cv2/conv/Conv_output_0 for ONNX tensor: /model.6/cv2/conv/Conv_output_0
[09/28/2026-23:30:22] [TRT] [V] /model.6/cv2/conv/Conv [Conv] outputs: [/model.6/cv2/conv/Conv_output_0 -> (1, 128, 40, 40)[FLOAT]], 
[09/28/2026-23:30:22] [TRT] [V] Static check for parsing node: /model.6/cv2/act/Sigmoid [Sigmoid]
[09/28/2026-23:30:22] [TRT] [V] Parsing node: /model.6/cv2/act/Sigmoid [Sigmoid]
[09/28/2026-23:30:22] [TRT] [V] Searching for input: /model.6/cv2/conv/Conv_output_0
[09/28/2026-23:30:22] [TRT] [V] /model.6/cv2/act/Sigmoid [Sigmoid] inputs: [/model.6/cv2/conv/Conv_output_0 -> (1, 128, 40, 40)[FLOAT]], 
[09/28/2026-23:30:22] [TRT] [V] Registering layer: /model.6/cv2/act/Sigmoid for ONNX node: /model.6/cv2/act/Sigmoid
[09/28/2026-23:30:22] [TRT] [V] Registering tensor: /model.6/cv2/act/Sigmoid_output_0 for ONNX tensor: /model.6/cv2/act/Sigmoid_output_0
[09/28/2026-23:30:22] [TRT] [V] /model.6/cv2/act/Sigmoid [Sigmoid] outputs: [/model.6/cv2/act/Sigmoid_output_0 -> (1, 128, 40, 40)[FLOAT]], 
[09/28/2026-23:30:22] [TRT] [V] Static check for parsing node: /model.6/cv2/act/Mul [Mul]
[09/28/2026-23:30:22] [TRT] [V] Parsing node: /model.6/cv2/act/Mul [Mul]
[09/28/2026-23:30:22] [TRT] [V] Searching for input: /model.6/cv2/conv/Conv_output_0
[09/28/2026-23:30:22] [TRT] [V] Searching for input: /model.6/cv2/act/Sigmoid_output_0
[09/28/2026-23:30:22] [TRT] [V] /model.6/cv2/act/Mul [Mul] inputs: [/model.6/cv2/conv/Conv_output_0 -> (1, 128, 40, 40)[FLOAT]], [/model.6/cv2/act/Sigmoid_output_0 -> (1, 128, 40, 40)[FLOAT]], 
[09/28/2026-23:30:22] [TRT] [V] Registering layer: /model.6/cv2/act/Mul for ONNX node: /model.6/cv2/act/Mul
[09/28/2026-23:30:22] [TRT] [V] Registering tensor: /model.6/cv2/act/Mul_output_0 for ONNX tensor: /model.6/cv2/act/Mul_output_0
[09/28/2026-23:30:22] [TRT] [V] /model.6/cv2/act/Mul [Mul] outputs: [/model.6/cv2/act/Mul_output_0 -> (1, 128, 40, 40)[FLOAT]], 
[09/28/2026-23:30:22] [TRT] [V] Static check for parsing node: /model.7/conv/Conv [Conv]
[09/28/2026-23:30:22] [TRT] [V] Parsing node: /model.7/conv/Conv [Conv]
[09/28/2026-23:30:22] [TRT] [V] Searching for input: /model.6/cv2/act/Mul_output_0
[09/28/2026-23:30:22] [TRT] [V] Searching for input: model.7.conv.weight
[09/28/2026-23:30:22] [TRT] [V] Searching for input: model.7.conv.bias
[09/28/2026-23:30:22] [TRT] [V] /model.7/conv/Conv [Conv] inputs: [/model.6/cv2/act/Mul_output_0 -> (1, 128, 40, 40)[FLOAT]], [model.7.conv.weight -> (256, 128, 3, 3)[FLOAT]], [model.7.conv.bias -> (256)[FLOAT]], 
[09/28/2026-23:30:22] [TRT] [V] Convolution input dimensions: (1, 128, 40, 40)
[09/28/2026-23:30:22] [TRT] [V] Registering layer: /model.7/conv/Conv for ONNX node: /model.7/conv/Conv
[09/28/2026-23:30:22] [TRT] [V] Using kernel: (3, 3), strides: (2, 2), prepadding: (1, 1), postpadding: (1, 1), dilations: (1, 1), numOutputs: 256, nbGroups: 1
[09/28/2026-23:30:22] [TRT] [V] Convolution output dimensions: (1, 256, 20, 20)
[09/28/2026-23:30:22] [TRT] [V] Registering tensor: /model.7/conv/Conv_output_0 for ONNX tensor: /model.7/conv/Conv_output_0
[09/28/2026-23:30:22] [TRT] [V] /model.7/conv/Conv [Conv] outputs: [/model.7/conv/Conv_output_0 -> (1, 256, 20, 20)[FLOAT]], 
[09/28/2026-23:30:22] [TRT] [V] Static check for parsing node: /model.7/act/Sigmoid [Sigmoid]
[09/28/2026-23:30:22] [TRT] [V] Parsing node: /model.7/act/Sigmoid [Sigmoid]
[09/28/2026-23:30:22] [TRT] [V] Searching for input: /model.7/conv/Conv_output_0
[09/28/2026-23:30:22] [TRT] [V] /model.7/act/Sigmoid [Sigmoid] inputs: [/model.7/conv/Conv_output_0 -> (1, 256, 20, 20)[FLOAT]], 
[09/28/2026-23:30:22] [TRT] [V] Registering layer: /model.7/act/Sigmoid for ONNX node: /model.7/act/Sigmoid
[09/28/2026-23:30:22] [TRT] [V] Registering tensor: /model.7/act/Sigmoid_output_0 for ONNX tensor: /model.7/act/Sigmoid_output_0
[09/28/2026-23:30:22] [TRT] [V] /model.7/act/Sigmoid [Sigmoid] outputs: [/model.7/act/Sigmoid_output_0 -> (1, 256, 20, 20)[FLOAT]], 
[09/28/2026-23:30:22] [TRT] [V] Static check for parsing node: /model.7/act/Mul [Mul]
[09/28/2026-23:30:22] [TRT] [V] Parsing node: /model.7/act/Mul [Mul]
[09/28/2026-23:30:22] [TRT] [V] Searching for input: /model.7/conv/Conv_output_0
[09/28/2026-23:30:22] [TRT] [V] Searching for input: /model.7/act/Sigmoid_output_0
[09/28/2026-23:30:22] [TRT] [V] /model.7/act/Mul [Mul] inputs: [/model.7/conv/Conv_output_0 -> (1, 256, 20, 20)[FLOAT]], [/model.7/act/Sigmoid_output_0 -> (1, 256, 20, 20)[FLOAT]], 
[09/28/2026-23:30:22] [TRT] [V] Registering layer: /model.7/act/Mul for ONNX node: /model.7/act/Mul
[09/28/2026-23:30:22] [TRT] [V] Registering tensor: /model.7/act/Mul_output_0 for ONNX tensor: /model.7/act/Mul_output_0
[09/28/2026-23:30:22] [TRT] [V] /model.7/act/Mul [Mul] outputs: [/model.7/act/Mul_output_0 -> (1, 256, 20, 20)[FLOAT]], 
[09/28/2026-23:30:22] [TRT] [V] Static check for parsing node: /model.8/cv1/conv/Conv [Conv]
[09/28/2026-23:30:22] [TRT] [V] Parsing node: /model.8/cv1/conv/Conv [Conv]
[09/28/2026-23:30:22] [TRT] [V] Searching for input: /model.7/act/Mul_output_0
[09/28/2026-23:30:22] [TRT] [V] Searching for input: model.8.cv1.conv.weight
[09/28/2026-23:30:22] [TRT] [V] Searching for input: model.8.cv1.conv.bias
[09/28/2026-23:30:22] [TRT] [V] /model.8/cv1/conv/Conv [Conv] inputs: [/model.7/act/Mul_output_0 -> (1, 256, 20, 20)[FLOAT]], [model.8.cv1.conv.weight -> (256, 256, 1, 1)[FLOAT]], [model.8.cv1.conv.bias -> (256)[FLOAT]], 
[09/28/2026-23:30:22] [TRT] [V] Convolution input dimensions: (1, 256, 20, 20)
[09/28/2026-23:30:22] [TRT] [V] Registering layer: /model.8/cv1/conv/Conv for ONNX node: /model.8/cv1/conv/Conv
[09/28/2026-23:30:22] [TRT] [V] Using kernel: (1, 1), strides: (1, 1), prepadding: (0, 0), postpadding: (0, 0), dilations: (1, 1), numOutputs: 256, nbGroups: 1
[09/28/2026-23:30:22] [TRT] [V] Convolution output dimensions: (1, 256, 20, 20)
[09/28/2026-23:30:22] [TRT] [V] Registering tensor: /model.8/cv1/conv/Conv_output_0 for ONNX tensor: /model.8/cv1/conv/Conv_output_0
[09/28/2026-23:30:22] [TRT] [V] /model.8/cv1/conv/Conv [Conv] outputs: [/model.8/cv1/conv/Conv_output_0 -> (1, 256, 20, 20)[FLOAT]], 
[09/28/2026-23:30:22] [TRT] [V] Static check for parsing node: /model.8/cv1/act/Sigmoid [Sigmoid]
[09/28/2026-23:30:22] [TRT] [V] Parsing node: /model.8/cv1/act/Sigmoid [Sigmoid]
[09/28/2026-23:30:22] [TRT] [V] Searching for input: /model.8/cv1/conv/Conv_output_0
[09/28/2026-23:30:22] [TRT] [V] /model.8/cv1/act/Sigmoid [Sigmoid] inputs: [/model.8/cv1/conv/Conv_output_0 -> (1, 256, 20, 20)[FLOAT]], 
[09/28/2026-23:30:22] [TRT] [V] Registering layer: /model.8/cv1/act/Sigmoid for ONNX node: /model.8/cv1/act/Sigmoid
[09/28/2026-23:30:22] [TRT] [V] Registering tensor: /model.8/cv1/act/Sigmoid_output_0 for ONNX tensor: /model.8/cv1/act/Sigmoid_output_0
[09/28/2026-23:30:22] [TRT] [V] /model.8/cv1/act/Sigmoid [Sigmoid] outputs: [/model.8/cv1/act/Sigmoid_output_0 -> (1, 256, 20, 20)[FLOAT]], 
[09/28/2026-23:30:22] [TRT] [V] Static check for parsing node: /model.8/cv1/act/Mul [Mul]
[09/28/2026-23:30:22] [TRT] [V] Parsing node: /model.8/cv1/act/Mul [Mul]
[09/28/2026-23:30:22] [TRT] [V] Searching for input: /model.8/cv1/conv/Conv_output_0
[09/28/2026-23:30:22] [TRT] [V] Searching for input: /model.8/cv1/act/Sigmoid_output_0
[09/28/2026-23:30:22] [TRT] [V] /model.8/cv1/act/Mul [Mul] inputs: [/model.8/cv1/conv/Conv_output_0 -> (1, 256, 20, 20)[FLOAT]], [/model.8/cv1/act/Sigmoid_output_0 -> (1, 256, 20, 20)[FLOAT]], 
[09/28/2026-23:30:22] [TRT] [V] Registering layer: /model.8/cv1/act/Mul for ONNX node: /model.8/cv1/act/Mul
[09/28/2026-23:30:22] [TRT] [V] Registering tensor: /model.8/cv1/act/Mul_output_0 for ONNX tensor: /model.8/cv1/act/Mul_output_0
[09/28/2026-23:30:22] [TRT] [V] /model.8/cv1/act/Mul [Mul] outputs: [/model.8/cv1/act/Mul_output_0 -> (1, 256, 20, 20)[FLOAT]], 
[09/28/2026-23:30:22] [TRT] [V] Static check for parsing node: /model.8/Split [Split]
[09/28/2026-23:30:22] [TRT] [V] Parsing node: /model.8/Split [Split]
[09/28/2026-23:30:22] [TRT] [V] Searching for input: /model.8/cv1/act/Mul_output_0
[09/28/2026-23:30:22] [TRT] [V] Searching for input: onnx::Split_211
[09/28/2026-23:30:22] [TRT] [V] /model.8/Split [Split] inputs: [/model.8/cv1/act/Mul_output_0 -> (1, 256, 20, 20)[FLOAT]], [onnx::Split_211 -> (2)[INT64]], 
[09/28/2026-23:30:22] [TRT] [V] Registering layer: ONNXTRT_ShapeSlice_8 required by ONNX-TRT
[09/28/2026-23:30:22] [TRT] [V] Registering layer: /model.8/Split for ONNX node: /model.8/Split
[09/28/2026-23:30:22] [TRT] [V] Registering layer: ONNXTRT_ShapeSlice_9 required by ONNX-TRT
[09/28/2026-23:30:22] [TRT] [V] Registering layer: /model.8/Split_10 for ONNX node: /model.8/Split
[09/28/2026-23:30:22] [TRT] [V] Registering tensor: /model.8/Split_output_0 for ONNX tensor: /model.8/Split_output_0
[09/28/2026-23:30:22] [TRT] [V] Registering tensor: /model.8/Split_output_1 for ONNX tensor: /model.8/Split_output_1
[09/28/2026-23:30:22] [TRT] [V] /model.8/Split [Split] outputs: [/model.8/Split_output_0 -> (1, 128, 20, 20)[FLOAT]], [/model.8/Split_output_1 -> (1, 128, 20, 20)[FLOAT]], 
[09/28/2026-23:30:22] [TRT] [V] Static check for parsing node: /model.8/m.0/cv1/conv/Conv [Conv]
[09/28/2026-23:30:22] [TRT] [V] Parsing node: /model.8/m.0/cv1/conv/Conv [Conv]
[09/28/2026-23:30:22] [TRT] [V] Searching for input: /model.8/Split_output_1
[09/28/2026-23:30:22] [TRT] [V] Searching for input: model.8.m.0.cv1.conv.weight
[09/28/2026-23:30:22] [TRT] [V] Searching for input: model.8.m.0.cv1.conv.bias
[09/28/2026-23:30:22] [TRT] [V] /model.8/m.0/cv1/conv/Conv [Conv] inputs: [/model.8/Split_output_1 -> (1, 128, 20, 20)[FLOAT]], [model.8.m.0.cv1.conv.weight -> (128, 128, 3, 3)[FLOAT]], [model.8.m.0.cv1.conv.bias -> (128)[FLOAT]], 
[09/28/2026-23:30:22] [TRT] [V] Convolution input dimensions: (1, 128, 20, 20)
[09/28/2026-23:30:22] [TRT] [V] Registering layer: /model.8/m.0/cv1/conv/Conv for ONNX node: /model.8/m.0/cv1/conv/Conv
[09/28/2026-23:30:22] [TRT] [V] Using kernel: (3, 3), strides: (1, 1), prepadding: (1, 1), postpadding: (1, 1), dilations: (1, 1), numOutputs: 128, nbGroups: 1
[09/28/2026-23:30:22] [TRT] [V] Convolution output dimensions: (1, 128, 20, 20)
[09/28/2026-23:30:22] [TRT] [V] Registering tensor: /model.8/m.0/cv1/conv/Conv_output_0 for ONNX tensor: /model.8/m.0/cv1/conv/Conv_output_0
[09/28/2026-23:30:22] [TRT] [V] /model.8/m.0/cv1/conv/Conv [Conv] outputs: [/model.8/m.0/cv1/conv/Conv_output_0 -> (1, 128, 20, 20)[FLOAT]], 
[09/28/2026-23:30:22] [TRT] [V] Static check for parsing node: /model.8/m.0/cv1/act/Sigmoid [Sigmoid]
[09/28/2026-23:30:22] [TRT] [V] Parsing node: /model.8/m.0/cv1/act/Sigmoid [Sigmoid]
[09/28/2026-23:30:22] [TRT] [V] Searching for input: /model.8/m.0/cv1/conv/Conv_output_0
[09/28/2026-23:30:22] [TRT] [V] /model.8/m.0/cv1/act/Sigmoid [Sigmoid] inputs: [/model.8/m.0/cv1/conv/Conv_output_0 -> (1, 128, 20, 20)[FLOAT]], 
[09/28/2026-23:30:22] [TRT] [V] Registering layer: /model.8/m.0/cv1/act/Sigmoid for ONNX node: /model.8/m.0/cv1/act/Sigmoid
[09/28/2026-23:30:22] [TRT] [V] Registering tensor: /model.8/m.0/cv1/act/Sigmoid_output_0 for ONNX tensor: /model.8/m.0/cv1/act/Sigmoid_output_0
[09/28/2026-23:30:22] [TRT] [V] /model.8/m.0/cv1/act/Sigmoid [Sigmoid] outputs: [/model.8/m.0/cv1/act/Sigmoid_output_0 -> (1, 128, 20, 20)[FLOAT]], 
[09/28/2026-23:30:22] [TRT] [V] Static check for parsing node: /model.8/m.0/cv1/act/Mul [Mul]
[09/28/2026-23:30:22] [TRT] [V] Parsing node: /model.8/m.0/cv1/act/Mul [Mul]
[09/28/2026-23:30:22] [TRT] [V] Searching for input: /model.8/m.0/cv1/conv/Conv_output_0
[09/28/2026-23:30:22] [TRT] [V] Searching for input: /model.8/m.0/cv1/act/Sigmoid_output_0
[09/28/2026-23:30:22] [TRT] [V] /model.8/m.0/cv1/act/Mul [Mul] inputs: [/model.8/m.0/cv1/conv/Conv_output_0 -> (1, 128, 20, 20)[FLOAT]], [/model.8/m.0/cv1/act/Sigmoid_output_0 -> (1, 128, 20, 20)[FLOAT]], 
[09/28/2026-23:30:22] [TRT] [V] Registering layer: /model.8/m.0/cv1/act/Mul for ONNX node: /model.8/m.0/cv1/act/Mul
[09/28/2026-23:30:22] [TRT] [V] Registering tensor: /model.8/m.0/cv1/act/Mul_output_0 for ONNX tensor: /model.8/m.0/cv1/act/Mul_output_0
[09/28/2026-23:30:22] [TRT] [V] /model.8/m.0/cv1/act/Mul [Mul] outputs: [/model.8/m.0/cv1/act/Mul_output_0 -> (1, 128, 20, 20)[FLOAT]], 
[09/28/2026-23:30:22] [TRT] [V] Static check for parsing node: /model.8/m.0/cv2/conv/Conv [Conv]
[09/28/2026-23:30:22] [TRT] [V] Parsing node: /model.8/m.0/cv2/conv/Conv [Conv]
[09/28/2026-23:30:22] [TRT] [V] Searching for input: /model.8/m.0/cv1/act/Mul_output_0
[09/28/2026-23:30:22] [TRT] [V] Searching for input: model.8.m.0.cv2.conv.weight
[09/28/2026-23:30:22] [TRT] [V] Searching for input: model.8.m.0.cv2.conv.bias
[09/28/2026-23:30:22] [TRT] [V] /model.8/m.0/cv2/conv/Conv [Conv] inputs: [/model.8/m.0/cv1/act/Mul_output_0 -> (1, 128, 20, 20)[FLOAT]], [model.8.m.0.cv2.conv.weight -> (128, 128, 3, 3)[FLOAT]], [model.8.m.0.cv2.conv.bias -> (128)[FLOAT]], 
[09/28/2026-23:30:22] [TRT] [V] Convolution input dimensions: (1, 128, 20, 20)
[09/28/2026-23:30:22] [TRT] [V] Registering layer: /model.8/m.0/cv2/conv/Conv for ONNX node: /model.8/m.0/cv2/conv/Conv
[09/28/2026-23:30:22] [TRT] [V] Using kernel: (3, 3), strides: (1, 1), prepadding: (1, 1), postpadding: (1, 1), dilations: (1, 1), numOutputs: 128, nbGroups: 1
[09/28/2026-23:30:22] [TRT] [V] Convolution output dimensions: (1, 128, 20, 20)
[09/28/2026-23:30:22] [TRT] [V] Registering tensor: /model.8/m.0/cv2/conv/Conv_output_0 for ONNX tensor: /model.8/m.0/cv2/conv/Conv_output_0
[09/28/2026-23:30:22] [TRT] [V] /model.8/m.0/cv2/conv/Conv [Conv] outputs: [/model.8/m.0/cv2/conv/Conv_output_0 -> (1, 128, 20, 20)[FLOAT]], 
[09/28/2026-23:30:22] [TRT] [V] Static check for parsing node: /model.8/m.0/cv2/act/Sigmoid [Sigmoid]
[09/28/2026-23:30:22] [TRT] [V] Parsing node: /model.8/m.0/cv2/act/Sigmoid [Sigmoid]
[09/28/2026-23:30:22] [TRT] [V] Searching for input: /model.8/m.0/cv2/conv/Conv_output_0
[09/28/2026-23:30:22] [TRT] [V] /model.8/m.0/cv2/act/Sigmoid [Sigmoid] inputs: [/model.8/m.0/cv2/conv/Conv_output_0 -> (1, 128, 20, 20)[FLOAT]], 
[09/28/2026-23:30:22] [TRT] [V] Registering layer: /model.8/m.0/cv2/act/Sigmoid for ONNX node: /model.8/m.0/cv2/act/Sigmoid
[09/28/2026-23:30:22] [TRT] [V] Registering tensor: /model.8/m.0/cv2/act/Sigmoid_output_0 for ONNX tensor: /model.8/m.0/cv2/act/Sigmoid_output_0
[09/28/2026-23:30:22] [TRT] [V] /model.8/m.0/cv2/act/Sigmoid [Sigmoid] outputs: [/model.8/m.0/cv2/act/Sigmoid_output_0 -> (1, 128, 20, 20)[FLOAT]], 
[09/28/2026-23:30:22] [TRT] [V] Static check for parsing node: /model.8/m.0/cv2/act/Mul [Mul]
[09/28/2026-23:30:22] [TRT] [V] Parsing node: /model.8/m.0/cv2/act/Mul [Mul]
[09/28/2026-23:30:22] [TRT] [V] Searching for input: /model.8/m.0/cv2/conv/Conv_output_0
[09/28/2026-23:30:22] [TRT] [V] Searching for input: /model.8/m.0/cv2/act/Sigmoid_output_0
[09/28/2026-23:30:22] [TRT] [V] /model.8/m.0/cv2/act/Mul [Mul] inputs: [/model.8/m.0/cv2/conv/Conv_output_0 -> (1, 128, 20, 20)[FLOAT]], [/model.8/m.0/cv2/act/Sigmoid_output_0 -> (1, 128, 20, 20)[FLOAT]], 
[09/28/2026-23:30:22] [TRT] [V] Registering layer: /model.8/m.0/cv2/act/Mul for ONNX node: /model.8/m.0/cv2/act/Mul
[09/28/2026-23:30:22] [TRT] [V] Registering tensor: /model.8/m.0/cv2/act/Mul_output_0 for ONNX tensor: /model.8/m.0/cv2/act/Mul_output_0
[09/28/2026-23:30:22] [TRT] [V] /model.8/m.0/cv2/act/Mul [Mul] outputs: [/model.8/m.0/cv2/act/Mul_output_0 -> (1, 128, 20, 20)[FLOAT]], 
[09/28/2026-23:30:22] [TRT] [V] Static check for parsing node: /model.8/m.0/Add [Add]
[09/28/2026-23:30:22] [TRT] [V] Parsing node: /model.8/m.0/Add [Add]
[09/28/2026-23:30:22] [TRT] [V] Searching for input: /model.8/Split_output_1
[09/28/2026-23:30:22] [TRT] [V] Searching for input: /model.8/m.0/cv2/act/Mul_output_0
[09/28/2026-23:30:22] [TRT] [V] /model.8/m.0/Add [Add] inputs: [/model.8/Split_output_1 -> (1, 128, 20, 20)[FLOAT]], [/model.8/m.0/cv2/act/Mul_output_0 -> (1, 128, 20, 20)[FLOAT]], 
[09/28/2026-23:30:22] [TRT] [V] Registering layer: /model.8/m.0/Add for ONNX node: /model.8/m.0/Add
[09/28/2026-23:30:22] [TRT] [V] Registering tensor: /model.8/m.0/Add_output_0 for ONNX tensor: /model.8/m.0/Add_output_0
[09/28/2026-23:30:22] [TRT] [V] /model.8/m.0/Add [Add] outputs: [/model.8/m.0/Add_output_0 -> (1, 128, 20, 20)[FLOAT]], 
[09/28/2026-23:30:22] [TRT] [V] Static check for parsing node: /model.8/Concat [Concat]
[09/28/2026-23:30:22] [TRT] [V] Parsing node: /model.8/Concat [Concat]
[09/28/2026-23:30:22] [TRT] [V] Searching for input: /model.8/Split_output_0
[09/28/2026-23:30:22] [TRT] [V] Searching for input: /model.8/Split_output_1
[09/28/2026-23:30:22] [TRT] [V] Searching for input: /model.8/m.0/Add_output_0
[09/28/2026-23:30:22] [TRT] [V] /model.8/Concat [Concat] inputs: [/model.8/Split_output_0 -> (1, 128, 20, 20)[FLOAT]], [/model.8/Split_output_1 -> (1, 128, 20, 20)[FLOAT]], [/model.8/m.0/Add_output_0 -> (1, 128, 20, 20)[FLOAT]], 
[09/28/2026-23:30:22] [TRT] [V] Registering layer: /model.8/Concat for ONNX node: /model.8/Concat
[09/28/2026-23:30:22] [TRT] [V] Registering tensor: /model.8/Concat_output_0 for ONNX tensor: /model.8/Concat_output_0
[09/28/2026-23:30:22] [TRT] [V] /model.8/Concat [Concat] outputs: [/model.8/Concat_output_0 -> (1, 384, 20, 20)[FLOAT]], 
[09/28/2026-23:30:22] [TRT] [V] Static check for parsing node: /model.8/cv2/conv/Conv [Conv]
[09/28/2026-23:30:22] [TRT] [V] Parsing node: /model.8/cv2/conv/Conv [Conv]
[09/28/2026-23:30:22] [TRT] [V] Searching for input: /model.8/Concat_output_0
[09/28/2026-23:30:22] [TRT] [V] Searching for input: model.8.cv2.conv.weight
[09/28/2026-23:30:22] [TRT] [V] Searching for input: model.8.cv2.conv.bias
[09/28/2026-23:30:22] [TRT] [V] /model.8/cv2/conv/Conv [Conv] inputs: [/model.8/Concat_output_0 -> (1, 384, 20, 20)[FLOAT]], [model.8.cv2.conv.weight -> (256, 384, 1, 1)[FLOAT]], [model.8.cv2.conv.bias -> (256)[FLOAT]], 
[09/28/2026-23:30:22] [TRT] [V] Convolution input dimensions: (1, 384, 20, 20)
[09/28/2026-23:30:22] [TRT] [V] Registering layer: /model.8/cv2/conv/Conv for ONNX node: /model.8/cv2/conv/Conv
[09/28/2026-23:30:22] [TRT] [V] Using kernel: (1, 1), strides: (1, 1), prepadding: (0, 0), postpadding: (0, 0), dilations: (1, 1), numOutputs: 256, nbGroups: 1
[09/28/2026-23:30:22] [TRT] [V] Convolution output dimensions: (1, 256, 20, 20)
[09/28/2026-23:30:22] [TRT] [V] Registering tensor: /model.8/cv2/conv/Conv_output_0 for ONNX tensor: /model.8/cv2/conv/Conv_output_0
[09/28/2026-23:30:22] [TRT] [V] /model.8/cv2/conv/Conv [Conv] outputs: [/model.8/cv2/conv/Conv_output_0 -> (1, 256, 20, 20)[FLOAT]], 
[09/28/2026-23:30:22] [TRT] [V] Static check for parsing node: /model.8/cv2/act/Sigmoid [Sigmoid]
[09/28/2026-23:30:22] [TRT] [V] Parsing node: /model.8/cv2/act/Sigmoid [Sigmoid]
[09/28/2026-23:30:22] [TRT] [V] Searching for input: /model.8/cv2/conv/Conv_output_0
[09/28/2026-23:30:22] [TRT] [V] /model.8/cv2/act/Sigmoid [Sigmoid] inputs: [/model.8/cv2/conv/Conv_output_0 -> (1, 256, 20, 20)[FLOAT]], 
[09/28/2026-23:30:22] [TRT] [V] Registering layer: /model.8/cv2/act/Sigmoid for ONNX node: /model.8/cv2/act/Sigmoid
[09/28/2026-23:30:22] [TRT] [V] Registering tensor: /model.8/cv2/act/Sigmoid_output_0 for ONNX tensor: /model.8/cv2/act/Sigmoid_output_0
[09/28/2026-23:30:22] [TRT] [V] /model.8/cv2/act/Sigmoid [Sigmoid] outputs: [/model.8/cv2/act/Sigmoid_output_0 -> (1, 256, 20, 20)[FLOAT]], 
[09/28/2026-23:30:22] [TRT] [V] Static check for parsing node: /model.8/cv2/act/Mul [Mul]
[09/28/2026-23:30:22] [TRT] [V] Parsing node: /model.8/cv2/act/Mul [Mul]
[09/28/2026-23:30:22] [TRT] [V] Searching for input: /model.8/cv2/conv/Conv_output_0
[09/28/2026-23:30:22] [TRT] [V] Searching for input: /model.8/cv2/act/Sigmoid_output_0
[09/28/2026-23:30:22] [TRT] [V] /model.8/cv2/act/Mul [Mul] inputs: [/model.8/cv2/conv/Conv_output_0 -> (1, 256, 20, 20)[FLOAT]], [/model.8/cv2/act/Sigmoid_output_0 -> (1, 256, 20, 20)[FLOAT]], 
[09/28/2026-23:30:22] [TRT] [V] Registering layer: /model.8/cv2/act/Mul for ONNX node: /model.8/cv2/act/Mul
[09/28/2026-23:30:22] [TRT] [V] Registering tensor: /model.8/cv2/act/Mul_output_0 for ONNX tensor: /model.8/cv2/act/Mul_output_0
[09/28/2026-23:30:22] [TRT] [V] /model.8/cv2/act/Mul [Mul] outputs: [/model.8/cv2/act/Mul_output_0 -> (1, 256, 20, 20)[FLOAT]], 
[09/28/2026-23:30:22] [TRT] [V] Static check for parsing node: /model.9/cv1/conv/Conv [Conv]
[09/28/2026-23:30:22] [TRT] [V] Parsing node: /model.9/cv1/conv/Conv [Conv]
[09/28/2026-23:30:22] [TRT] [V] Searching for input: /model.8/cv2/act/Mul_output_0
[09/28/2026-23:30:22] [TRT] [V] Searching for input: model.9.cv1.conv.weight
[09/28/2026-23:30:22] [TRT] [V] Searching for input: model.9.cv1.conv.bias
[09/28/2026-23:30:22] [TRT] [V] /model.9/cv1/conv/Conv [Conv] inputs: [/model.8/cv2/act/Mul_output_0 -> (1, 256, 20, 20)[FLOAT]], [model.9.cv1.conv.weight -> (128, 256, 1, 1)[FLOAT]], [model.9.cv1.conv.bias -> (128)[FLOAT]], 
[09/28/2026-23:30:22] [TRT] [V] Convolution input dimensions: (1, 256, 20, 20)
[09/28/2026-23:30:22] [TRT] [V] Registering layer: /model.9/cv1/conv/Conv for ONNX node: /model.9/cv1/conv/Conv
[09/28/2026-23:30:22] [TRT] [V] Using kernel: (1, 1), strides: (1, 1), prepadding: (0, 0), postpadding: (0, 0), dilations: (1, 1), numOutputs: 128, nbGroups: 1
[09/28/2026-23:30:22] [TRT] [V] Convolution output dimensions: (1, 128, 20, 20)
[09/28/2026-23:30:22] [TRT] [V] Registering tensor: /model.9/cv1/conv/Conv_output_0 for ONNX tensor: /model.9/cv1/conv/Conv_output_0
[09/28/2026-23:30:22] [TRT] [V] /model.9/cv1/conv/Conv [Conv] outputs: [/model.9/cv1/conv/Conv_output_0 -> (1, 128, 20, 20)[FLOAT]], 
[09/28/2026-23:30:22] [TRT] [V] Static check for parsing node: /model.9/m/MaxPool [MaxPool]
[09/28/2026-23:30:22] [TRT] [V] Parsing node: /model.9/m/MaxPool [MaxPool]
[09/28/2026-23:30:22] [TRT] [V] Searching for input: /model.9/cv1/conv/Conv_output_0
[09/28/2026-23:30:22] [TRT] [V] /model.9/m/MaxPool [MaxPool] inputs: [/model.9/cv1/conv/Conv_output_0 -> (1, 128, 20, 20)[FLOAT]], 
[09/28/2026-23:30:22] [TRT] [V] Registering layer: /model.9/m/MaxPool for ONNX node: /model.9/m/MaxPool
[09/28/2026-23:30:22] [TRT] [V] Registering tensor: /model.9/m/MaxPool_output_0 for ONNX tensor: /model.9/m/MaxPool_output_0
[09/28/2026-23:30:22] [TRT] [V] /model.9/m/MaxPool [MaxPool] outputs: [/model.9/m/MaxPool_output_0 -> (1, 128, 20, 20)[FLOAT]], 
[09/28/2026-23:30:22] [TRT] [V] Static check for parsing node: /model.9/m_1/MaxPool [MaxPool]
[09/28/2026-23:30:22] [TRT] [V] Parsing node: /model.9/m_1/MaxPool [MaxPool]
[09/28/2026-23:30:22] [TRT] [V] Searching for input: /model.9/m/MaxPool_output_0
[09/28/2026-23:30:22] [TRT] [V] /model.9/m_1/MaxPool [MaxPool] inputs: [/model.9/m/MaxPool_output_0 -> (1, 128, 20, 20)[FLOAT]], 
[09/28/2026-23:30:22] [TRT] [V] Registering layer: /model.9/m_1/MaxPool for ONNX node: /model.9/m_1/MaxPool
[09/28/2026-23:30:22] [TRT] [V] Registering tensor: /model.9/m_1/MaxPool_output_0 for ONNX tensor: /model.9/m_1/MaxPool_output_0
[09/28/2026-23:30:22] [TRT] [V] /model.9/m_1/MaxPool [MaxPool] outputs: [/model.9/m_1/MaxPool_output_0 -> (1, 128, 20, 20)[FLOAT]], 
[09/28/2026-23:30:22] [TRT] [V] Static check for parsing node: /model.9/m_2/MaxPool [MaxPool]
[09/28/2026-23:30:22] [TRT] [V] Parsing node: /model.9/m_2/MaxPool [MaxPool]
[09/28/2026-23:30:22] [TRT] [V] Searching for input: /model.9/m_1/MaxPool_output_0
[09/28/2026-23:30:22] [TRT] [V] /model.9/m_2/MaxPool [MaxPool] inputs: [/model.9/m_1/MaxPool_output_0 -> (1, 128, 20, 20)[FLOAT]], 
[09/28/2026-23:30:22] [TRT] [V] Registering layer: /model.9/m_2/MaxPool for ONNX node: /model.9/m_2/MaxPool
[09/28/2026-23:30:22] [TRT] [V] Registering tensor: /model.9/m_2/MaxPool_output_0 for ONNX tensor: /model.9/m_2/MaxPool_output_0
[09/28/2026-23:30:22] [TRT] [V] /model.9/m_2/MaxPool [MaxPool] outputs: [/model.9/m_2/MaxPool_output_0 -> (1, 128, 20, 20)[FLOAT]], 
[09/28/2026-23:30:22] [TRT] [V] Static check for parsing node: /model.9/Concat [Concat]
[09/28/2026-23:30:22] [TRT] [V] Parsing node: /model.9/Concat [Concat]
[09/28/2026-23:30:22] [TRT] [V] Searching for input: /model.9/cv1/conv/Conv_output_0
[09/28/2026-23:30:22] [TRT] [V] Searching for input: /model.9/m/MaxPool_output_0
[09/28/2026-23:30:22] [TRT] [V] Searching for input: /model.9/m_1/MaxPool_output_0
[09/28/2026-23:30:22] [TRT] [V] Searching for input: /model.9/m_2/MaxPool_output_0
[09/28/2026-23:30:22] [TRT] [V] /model.9/Concat [Concat] inputs: [/model.9/cv1/conv/Conv_output_0 -> (1, 128, 20, 20)[FLOAT]], [/model.9/m/MaxPool_output_0 -> (1, 128, 20, 20)[FLOAT]], [/model.9/m_1/MaxPool_output_0 -> (1, 128, 20, 20)[FLOAT]], [/model.9/m_2/MaxPool_output_0 -> (1, 128, 20, 20)[FLOAT]], 
[09/28/2026-23:30:22] [TRT] [V] Registering layer: /model.9/Concat for ONNX node: /model.9/Concat
[09/28/2026-23:30:22] [TRT] [V] Registering tensor: /model.9/Concat_output_0 for ONNX tensor: /model.9/Concat_output_0
[09/28/2026-23:30:22] [TRT] [V] /model.9/Concat [Concat] outputs: [/model.9/Concat_output_0 -> (1, 512, 20, 20)[FLOAT]], 
[09/28/2026-23:30:22] [TRT] [V] Static check for parsing node: /model.9/cv2/conv/Conv [Conv]
[09/28/2026-23:30:22] [TRT] [V] Parsing node: /model.9/cv2/conv/Conv [Conv]
[09/28/2026-23:30:22] [TRT] [V] Searching for input: /model.9/Concat_output_0
[09/28/2026-23:30:22] [TRT] [V] Searching for input: model.9.cv2.conv.weight
[09/28/2026-23:30:22] [TRT] [V] Searching for input: model.9.cv2.conv.bias
[09/28/2026-23:30:22] [TRT] [V] /model.9/cv2/conv/Conv [Conv] inputs: [/model.9/Concat_output_0 -> (1, 512, 20, 20)[FLOAT]], [model.9.cv2.conv.weight -> (256, 512, 1, 1)[FLOAT]], [model.9.cv2.conv.bias -> (256)[FLOAT]], 
[09/28/2026-23:30:22] [TRT] [V] Convolution input dimensions: (1, 512, 20, 20)
[09/28/2026-23:30:22] [TRT] [V] Registering layer: /model.9/cv2/conv/Conv for ONNX node: /model.9/cv2/conv/Conv
[09/28/2026-23:30:22] [TRT] [V] Using kernel: (1, 1), strides: (1, 1), prepadding: (0, 0), postpadding: (0, 0), dilations: (1, 1), numOutputs: 256, nbGroups: 1
[09/28/2026-23:30:22] [TRT] [V] Convolution output dimensions: (1, 256, 20, 20)
[09/28/2026-23:30:22] [TRT] [V] Registering tensor: /model.9/cv2/conv/Conv_output_0 for ONNX tensor: /model.9/cv2/conv/Conv_output_0
[09/28/2026-23:30:22] [TRT] [V] /model.9/cv2/conv/Conv [Conv] outputs: [/model.9/cv2/conv/Conv_output_0 -> (1, 256, 20, 20)[FLOAT]], 
[09/28/2026-23:30:22] [TRT] [V] Static check for parsing node: /model.9/cv2/act/Sigmoid [Sigmoid]
[09/28/2026-23:30:22] [TRT] [V] Parsing node: /model.9/cv2/act/Sigmoid [Sigmoid]
[09/28/2026-23:30:22] [TRT] [V] Searching for input: /model.9/cv2/conv/Conv_output_0
[09/28/2026-23:30:22] [TRT] [V] /model.9/cv2/act/Sigmoid [Sigmoid] inputs: [/model.9/cv2/conv/Conv_output_0 -> (1, 256, 20, 20)[FLOAT]], 
[09/28/2026-23:30:22] [TRT] [V] Registering layer: /model.9/cv2/act/Sigmoid for ONNX node: /model.9/cv2/act/Sigmoid
[09/28/2026-23:30:22] [TRT] [V] Registering tensor: /model.9/cv2/act/Sigmoid_output_0 for ONNX tensor: /model.9/cv2/act/Sigmoid_output_0
[09/28/2026-23:30:22] [TRT] [V] /model.9/cv2/act/Sigmoid [Sigmoid] outputs: [/model.9/cv2/act/Sigmoid_output_0 -> (1, 256, 20, 20)[FLOAT]], 
[09/28/2026-23:30:22] [TRT] [V] Static check for parsing node: /model.9/cv2/act/Mul [Mul]
[09/28/2026-23:30:22] [TRT] [V] Parsing node: /model.9/cv2/act/Mul [Mul]
[09/28/2026-23:30:22] [TRT] [V] Searching for input: /model.9/cv2/conv/Conv_output_0
[09/28/2026-23:30:22] [TRT] [V] Searching for input: /model.9/cv2/act/Sigmoid_output_0
[09/28/2026-23:30:22] [TRT] [V] /model.9/cv2/act/Mul [Mul] inputs: [/model.9/cv2/conv/Conv_output_0 -> (1, 256, 20, 20)[FLOAT]], [/model.9/cv2/act/Sigmoid_output_0 -> (1, 256, 20, 20)[FLOAT]], 
[09/28/2026-23:30:22] [TRT] [V] Registering layer: /model.9/cv2/act/Mul for ONNX node: /model.9/cv2/act/Mul
[09/28/2026-23:30:22] [TRT] [V] Registering tensor: /model.9/cv2/act/Mul_output_0 for ONNX tensor: /model.9/cv2/act/Mul_output_0
[09/28/2026-23:30:22] [TRT] [V] /model.9/cv2/act/Mul [Mul] outputs: [/model.9/cv2/act/Mul_output_0 -> (1, 256, 20, 20)[FLOAT]], 
[09/28/2026-23:30:22] [TRT] [V] Static check for parsing node: /model.10/Resize [Resize]
[09/28/2026-23:30:22] [TRT] [V] Parsing node: /model.10/Resize [Resize]
[09/28/2026-23:30:22] [TRT] [V] Searching for input: /model.9/cv2/act/Mul_output_0
[09/28/2026-23:30:22] [TRT] [V] Searching for input: /model.10/Constant_output_0
[09/28/2026-23:30:22] [TRT] [V] /model.10/Resize [Resize] inputs: [/model.9/cv2/act/Mul_output_0 -> (1, 256, 20, 20)[FLOAT]], [optional input, not set], [/model.10/Constant_output_0 -> (4)[FLOAT]], 
[09/28/2026-23:30:22] [TRT] [V] Registering layer: /model.10/Resize for ONNX node: /model.10/Resize
[09/28/2026-23:30:22] [TRT] [V] Running resize layer with:
[09/28/2026-23:30:22] [TRT] [V]     Transformation mode: asymmetric
[09/28/2026-23:30:22] [TRT] [V]     Resize mode: nearest
[09/28/2026-23:30:22] [TRT] [V] Registering tensor: /model.10/Resize_output_0 for ONNX tensor: /model.10/Resize_output_0
[09/28/2026-23:30:22] [TRT] [V] /model.10/Resize [Resize] outputs: [/model.10/Resize_output_0 -> (1, 256, 40, 40)[FLOAT]], 
[09/28/2026-23:30:22] [TRT] [V] Static check for parsing node: /model.11/Concat [Concat]
[09/28/2026-23:30:22] [TRT] [V] Parsing node: /model.11/Concat [Concat]
[09/28/2026-23:30:22] [TRT] [V] Searching for input: /model.10/Resize_output_0
[09/28/2026-23:30:22] [TRT] [V] Searching for input: /model.6/cv2/act/Mul_output_0
[09/28/2026-23:30:22] [TRT] [V] /model.11/Concat [Concat] inputs: [/model.10/Resize_output_0 -> (1, 256, 40, 40)[FLOAT]], [/model.6/cv2/act/Mul_output_0 -> (1, 128, 40, 40)[FLOAT]], 
[09/28/2026-23:30:22] [TRT] [V] Registering layer: /model.11/Concat for ONNX node: /model.11/Concat
[09/28/2026-23:30:22] [TRT] [V] Registering tensor: /model.11/Concat_output_0 for ONNX tensor: /model.11/Concat_output_0
[09/28/2026-23:30:22] [TRT] [V] /model.11/Concat [Concat] outputs: [/model.11/Concat_output_0 -> (1, 384, 40, 40)[FLOAT]], 
[09/28/2026-23:30:22] [TRT] [V] Static check for parsing node: /model.12/cv1/conv/Conv [Conv]
[09/28/2026-23:30:22] [TRT] [V] Parsing node: /model.12/cv1/conv/Conv [Conv]
[09/28/2026-23:30:22] [TRT] [V] Searching for input: /model.11/Concat_output_0
[09/28/2026-23:30:22] [TRT] [V] Searching for input: model.12.cv1.conv.weight
[09/28/2026-23:30:22] [TRT] [V] Searching for input: model.12.cv1.conv.bias
[09/28/2026-23:30:22] [TRT] [V] /model.12/cv1/conv/Conv [Conv] inputs: [/model.11/Concat_output_0 -> (1, 384, 40, 40)[FLOAT]], [model.12.cv1.conv.weight -> (128, 384, 1, 1)[FLOAT]], [model.12.cv1.conv.bias -> (128)[FLOAT]], 
[09/28/2026-23:30:22] [TRT] [V] Convolution input dimensions: (1, 384, 40, 40)
[09/28/2026-23:30:22] [TRT] [V] Registering layer: /model.12/cv1/conv/Conv for ONNX node: /model.12/cv1/conv/Conv
[09/28/2026-23:30:22] [TRT] [V] Using kernel: (1, 1), strides: (1, 1), prepadding: (0, 0), postpadding: (0, 0), dilations: (1, 1), numOutputs: 128, nbGroups: 1
[09/28/2026-23:30:22] [TRT] [V] Convolution output dimensions: (1, 128, 40, 40)
[09/28/2026-23:30:22] [TRT] [V] Registering tensor: /model.12/cv1/conv/Conv_output_0 for ONNX tensor: /model.12/cv1/conv/Conv_output_0
[09/28/2026-23:30:22] [TRT] [V] /model.12/cv1/conv/Conv [Conv] outputs: [/model.12/cv1/conv/Conv_output_0 -> (1, 128, 40, 40)[FLOAT]], 
[09/28/2026-23:30:22] [TRT] [V] Static check for parsing node: /model.12/cv1/act/Sigmoid [Sigmoid]
[09/28/2026-23:30:22] [TRT] [V] Parsing node: /model.12/cv1/act/Sigmoid [Sigmoid]
[09/28/2026-23:30:22] [TRT] [V] Searching for input: /model.12/cv1/conv/Conv_output_0
[09/28/2026-23:30:22] [TRT] [V] /model.12/cv1/act/Sigmoid [Sigmoid] inputs: [/model.12/cv1/conv/Conv_output_0 -> (1, 128, 40, 40)[FLOAT]], 
[09/28/2026-23:30:22] [TRT] [V] Registering layer: /model.12/cv1/act/Sigmoid for ONNX node: /model.12/cv1/act/Sigmoid
[09/28/2026-23:30:22] [TRT] [V] Registering tensor: /model.12/cv1/act/Sigmoid_output_0 for ONNX tensor: /model.12/cv1/act/Sigmoid_output_0
[09/28/2026-23:30:22] [TRT] [V] /model.12/cv1/act/Sigmoid [Sigmoid] outputs: [/model.12/cv1/act/Sigmoid_output_0 -> (1, 128, 40, 40)[FLOAT]], 
[09/28/2026-23:30:22] [TRT] [V] Static check for parsing node: /model.12/cv1/act/Mul [Mul]
[09/28/2026-23:30:22] [TRT] [V] Parsing node: /model.12/cv1/act/Mul [Mul]
[09/28/2026-23:30:22] [TRT] [V] Searching for input: /model.12/cv1/conv/Conv_output_0
[09/28/2026-23:30:22] [TRT] [V] Searching for input: /model.12/cv1/act/Sigmoid_output_0
[09/28/2026-23:30:22] [TRT] [V] /model.12/cv1/act/Mul [Mul] inputs: [/model.12/cv1/conv/Conv_output_0 -> (1, 128, 40, 40)[FLOAT]], [/model.12/cv1/act/Sigmoid_output_0 -> (1, 128, 40, 40)[FLOAT]], 
[09/28/2026-23:30:22] [TRT] [V] Registering layer: /model.12/cv1/act/Mul for ONNX node: /model.12/cv1/act/Mul
[09/28/2026-23:30:22] [TRT] [V] Registering tensor: /model.12/cv1/act/Mul_output_0 for ONNX tensor: /model.12/cv1/act/Mul_output_0
[09/28/2026-23:30:22] [TRT] [V] /model.12/cv1/act/Mul [Mul] outputs: [/model.12/cv1/act/Mul_output_0 -> (1, 128, 40, 40)[FLOAT]], 
[09/28/2026-23:30:22] [TRT] [V] Static check for parsing node: /model.12/Split [Split]
[09/28/2026-23:30:22] [TRT] [V] Parsing node: /model.12/Split [Split]
[09/28/2026-23:30:22] [TRT] [V] Searching for input: /model.12/cv1/act/Mul_output_0
[09/28/2026-23:30:22] [TRT] [V] Searching for input: onnx::Split_184
[09/28/2026-23:30:22] [TRT] [V] /model.12/Split [Split] inputs: [/model.12/cv1/act/Mul_output_0 -> (1, 128, 40, 40)[FLOAT]], [onnx::Split_184 -> (2)[INT64]], 
[09/28/2026-23:30:22] [TRT] [V] Registering layer: ONNXTRT_ShapeSlice_11 required by ONNX-TRT
[09/28/2026-23:30:22] [TRT] [V] Registering layer: /model.12/Split for ONNX node: /model.12/Split
[09/28/2026-23:30:22] [TRT] [V] Registering layer: ONNXTRT_ShapeSlice_12 required by ONNX-TRT
[09/28/2026-23:30:22] [TRT] [V] Registering layer: /model.12/Split_13 for ONNX node: /model.12/Split
[09/28/2026-23:30:22] [TRT] [V] Registering tensor: /model.12/Split_output_0 for ONNX tensor: /model.12/Split_output_0
[09/28/2026-23:30:22] [TRT] [V] Registering tensor: /model.12/Split_output_1 for ONNX tensor: /model.12/Split_output_1
[09/28/2026-23:30:22] [TRT] [V] /model.12/Split [Split] outputs: [/model.12/Split_output_0 -> (1, 64, 40, 40)[FLOAT]], [/model.12/Split_output_1 -> (1, 64, 40, 40)[FLOAT]], 
[09/28/2026-23:30:22] [TRT] [V] Static check for parsing node: /model.12/m.0/cv1/conv/Conv [Conv]
[09/28/2026-23:30:22] [TRT] [V] Parsing node: /model.12/m.0/cv1/conv/Conv [Conv]
[09/28/2026-23:30:22] [TRT] [V] Searching for input: /model.12/Split_output_1
[09/28/2026-23:30:22] [TRT] [V] Searching for input: model.12.m.0.cv1.conv.weight
[09/28/2026-23:30:22] [TRT] [V] Searching for input: model.12.m.0.cv1.conv.bias
[09/28/2026-23:30:22] [TRT] [V] /model.12/m.0/cv1/conv/Conv [Conv] inputs: [/model.12/Split_output_1 -> (1, 64, 40, 40)[FLOAT]], [model.12.m.0.cv1.conv.weight -> (64, 64, 3, 3)[FLOAT]], [model.12.m.0.cv1.conv.bias -> (64)[FLOAT]], 
[09/28/2026-23:30:22] [TRT] [V] Convolution input dimensions: (1, 64, 40, 40)
[09/28/2026-23:30:22] [TRT] [V] Registering layer: /model.12/m.0/cv1/conv/Conv for ONNX node: /model.12/m.0/cv1/conv/Conv
[09/28/2026-23:30:22] [TRT] [V] Using kernel: (3, 3), strides: (1, 1), prepadding: (1, 1), postpadding: (1, 1), dilations: (1, 1), numOutputs: 64, nbGroups: 1
[09/28/2026-23:30:22] [TRT] [V] Convolution output dimensions: (1, 64, 40, 40)
[09/28/2026-23:30:22] [TRT] [V] Registering tensor: /model.12/m.0/cv1/conv/Conv_output_0 for ONNX tensor: /model.12/m.0/cv1/conv/Conv_output_0
[09/28/2026-23:30:22] [TRT] [V] /model.12/m.0/cv1/conv/Conv [Conv] outputs: [/model.12/m.0/cv1/conv/Conv_output_0 -> (1, 64, 40, 40)[FLOAT]], 
[09/28/2026-23:30:22] [TRT] [V] Static check for parsing node: /model.12/m.0/cv1/act/Sigmoid [Sigmoid]
[09/28/2026-23:30:22] [TRT] [V] Parsing node: /model.12/m.0/cv1/act/Sigmoid [Sigmoid]
[09/28/2026-23:30:22] [TRT] [V] Searching for input: /model.12/m.0/cv1/conv/Conv_output_0
[09/28/2026-23:30:22] [TRT] [V] /model.12/m.0/cv1/act/Sigmoid [Sigmoid] inputs: [/model.12/m.0/cv1/conv/Conv_output_0 -> (1, 64, 40, 40)[FLOAT]], 
[09/28/2026-23:30:22] [TRT] [V] Registering layer: /model.12/m.0/cv1/act/Sigmoid for ONNX node: /model.12/m.0/cv1/act/Sigmoid
[09/28/2026-23:30:22] [TRT] [V] Registering tensor: /model.12/m.0/cv1/act/Sigmoid_output_0 for ONNX tensor: /model.12/m.0/cv1/act/Sigmoid_output_0
[09/28/2026-23:30:22] [TRT] [V] /model.12/m.0/cv1/act/Sigmoid [Sigmoid] outputs: [/model.12/m.0/cv1/act/Sigmoid_output_0 -> (1, 64, 40, 40)[FLOAT]], 
[09/28/2026-23:30:22] [TRT] [V] Static check for parsing node: /model.12/m.0/cv1/act/Mul [Mul]
[09/28/2026-23:30:22] [TRT] [V] Parsing node: /model.12/m.0/cv1/act/Mul [Mul]
[09/28/2026-23:30:22] [TRT] [V] Searching for input: /model.12/m.0/cv1/conv/Conv_output_0
[09/28/2026-23:30:22] [TRT] [V] Searching for input: /model.12/m.0/cv1/act/Sigmoid_output_0
[09/28/2026-23:30:22] [TRT] [V] /model.12/m.0/cv1/act/Mul [Mul] inputs: [/model.12/m.0/cv1/conv/Conv_output_0 -> (1, 64, 40, 40)[FLOAT]], [/model.12/m.0/cv1/act/Sigmoid_output_0 -> (1, 64, 40, 40)[FLOAT]], 
[09/28/2026-23:30:22] [TRT] [V] Registering layer: /model.12/m.0/cv1/act/Mul for ONNX node: /model.12/m.0/cv1/act/Mul
[09/28/2026-23:30:22] [TRT] [V] Registering tensor: /model.12/m.0/cv1/act/Mul_output_0 for ONNX tensor: /model.12/m.0/cv1/act/Mul_output_0
[09/28/2026-23:30:22] [TRT] [V] /model.12/m.0/cv1/act/Mul [Mul] outputs: [/model.12/m.0/cv1/act/Mul_output_0 -> (1, 64, 40, 40)[FLOAT]], 
[09/28/2026-23:30:22] [TRT] [V] Static check for parsing node: /model.12/m.0/cv2/conv/Conv [Conv]
[09/28/2026-23:30:22] [TRT] [V] Parsing node: /model.12/m.0/cv2/conv/Conv [Conv]
[09/28/2026-23:30:22] [TRT] [V] Searching for input: /model.12/m.0/cv1/act/Mul_output_0
[09/28/2026-23:30:22] [TRT] [V] Searching for input: model.12.m.0.cv2.conv.weight
[09/28/2026-23:30:22] [TRT] [V] Searching for input: model.12.m.0.cv2.conv.bias
[09/28/2026-23:30:22] [TRT] [V] /model.12/m.0/cv2/conv/Conv [Conv] inputs: [/model.12/m.0/cv1/act/Mul_output_0 -> (1, 64, 40, 40)[FLOAT]], [model.12.m.0.cv2.conv.weight -> (64, 64, 3, 3)[FLOAT]], [model.12.m.0.cv2.conv.bias -> (64)[FLOAT]], 
[09/28/2026-23:30:22] [TRT] [V] Convolution input dimensions: (1, 64, 40, 40)
[09/28/2026-23:30:22] [TRT] [V] Registering layer: /model.12/m.0/cv2/conv/Conv for ONNX node: /model.12/m.0/cv2/conv/Conv
[09/28/2026-23:30:22] [TRT] [V] Using kernel: (3, 3), strides: (1, 1), prepadding: (1, 1), postpadding: (1, 1), dilations: (1, 1), numOutputs: 64, nbGroups: 1
[09/28/2026-23:30:22] [TRT] [V] Convolution output dimensions: (1, 64, 40, 40)
[09/28/2026-23:30:22] [TRT] [V] Registering tensor: /model.12/m.0/cv2/conv/Conv_output_0 for ONNX tensor: /model.12/m.0/cv2/conv/Conv_output_0
[09/28/2026-23:30:22] [TRT] [V] /model.12/m.0/cv2/conv/Conv [Conv] outputs: [/model.12/m.0/cv2/conv/Conv_output_0 -> (1, 64, 40, 40)[FLOAT]], 
[09/28/2026-23:30:22] [TRT] [V] Static check for parsing node: /model.12/m.0/cv2/act/Sigmoid [Sigmoid]
[09/28/2026-23:30:22] [TRT] [V] Parsing node: /model.12/m.0/cv2/act/Sigmoid [Sigmoid]
[09/28/2026-23:30:22] [TRT] [V] Searching for input: /model.12/m.0/cv2/conv/Conv_output_0
[09/28/2026-23:30:22] [TRT] [V] /model.12/m.0/cv2/act/Sigmoid [Sigmoid] inputs: [/model.12/m.0/cv2/conv/Conv_output_0 -> (1, 64, 40, 40)[FLOAT]], 
[09/28/2026-23:30:22] [TRT] [V] Registering layer: /model.12/m.0/cv2/act/Sigmoid for ONNX node: /model.12/m.0/cv2/act/Sigmoid
[09/28/2026-23:30:22] [TRT] [V] Registering tensor: /model.12/m.0/cv2/act/Sigmoid_output_0 for ONNX tensor: /model.12/m.0/cv2/act/Sigmoid_output_0
[09/28/2026-23:30:22] [TRT] [V] /model.12/m.0/cv2/act/Sigmoid [Sigmoid] outputs: [/model.12/m.0/cv2/act/Sigmoid_output_0 -> (1, 64, 40, 40)[FLOAT]], 
[09/28/2026-23:30:22] [TRT] [V] Static check for parsing node: /model.12/m.0/cv2/act/Mul [Mul]
[09/28/2026-23:30:22] [TRT] [V] Parsing node: /model.12/m.0/cv2/act/Mul [Mul]
[09/28/2026-23:30:22] [TRT] [V] Searching for input: /model.12/m.0/cv2/conv/Conv_output_0
[09/28/2026-23:30:22] [TRT] [V] Searching for input: /model.12/m.0/cv2/act/Sigmoid_output_0
[09/28/2026-23:30:22] [TRT] [V] /model.12/m.0/cv2/act/Mul [Mul] inputs: [/model.12/m.0/cv2/conv/Conv_output_0 -> (1, 64, 40, 40)[FLOAT]], [/model.12/m.0/cv2/act/Sigmoid_output_0 -> (1, 64, 40, 40)[FLOAT]], 
[09/28/2026-23:30:22] [TRT] [V] Registering layer: /model.12/m.0/cv2/act/Mul for ONNX node: /model.12/m.0/cv2/act/Mul
[09/28/2026-23:30:22] [TRT] [V] Registering tensor: /model.12/m.0/cv2/act/Mul_output_0 for ONNX tensor: /model.12/m.0/cv2/act/Mul_output_0
[09/28/2026-23:30:22] [TRT] [V] /model.12/m.0/cv2/act/Mul [Mul] outputs: [/model.12/m.0/cv2/act/Mul_output_0 -> (1, 64, 40, 40)[FLOAT]], 
[09/28/2026-23:30:22] [TRT] [V] Static check for parsing node: /model.12/Concat [Concat]
[09/28/2026-23:30:22] [TRT] [V] Parsing node: /model.12/Concat [Concat]
[09/28/2026-23:30:22] [TRT] [V] Searching for input: /model.12/Split_output_0
[09/28/2026-23:30:22] [TRT] [V] Searching for input: /model.12/Split_output_1
[09/28/2026-23:30:22] [TRT] [V] Searching for input: /model.12/m.0/cv2/act/Mul_output_0
[09/28/2026-23:30:22] [TRT] [V] /model.12/Concat [Concat] inputs: [/model.12/Split_output_0 -> (1, 64, 40, 40)[FLOAT]], [/model.12/Split_output_1 -> (1, 64, 40, 40)[FLOAT]], [/model.12/m.0/cv2/act/Mul_output_0 -> (1, 64, 40, 40)[FLOAT]], 
[09/28/2026-23:30:22] [TRT] [V] Registering layer: /model.12/Concat for ONNX node: /model.12/Concat
[09/28/2026-23:30:22] [TRT] [V] Registering tensor: /model.12/Concat_output_0 for ONNX tensor: /model.12/Concat_output_0
[09/28/2026-23:30:22] [TRT] [V] /model.12/Concat [Concat] outputs: [/model.12/Concat_output_0 -> (1, 192, 40, 40)[FLOAT]], 
[09/28/2026-23:30:22] [TRT] [V] Static check for parsing node: /model.12/cv2/conv/Conv [Conv]
[09/28/2026-23:30:22] [TRT] [V] Parsing node: /model.12/cv2/conv/Conv [Conv]
[09/28/2026-23:30:22] [TRT] [V] Searching for input: /model.12/Concat_output_0
[09/28/2026-23:30:22] [TRT] [V] Searching for input: model.12.cv2.conv.weight
[09/28/2026-23:30:22] [TRT] [V] Searching for input: model.12.cv2.conv.bias
[09/28/2026-23:30:22] [TRT] [V] /model.12/cv2/conv/Conv [Conv] inputs: [/model.12/Concat_output_0 -> (1, 192, 40, 40)[FLOAT]], [model.12.cv2.conv.weight -> (128, 192, 1, 1)[FLOAT]], [model.12.cv2.conv.bias -> (128)[FLOAT]], 
[09/28/2026-23:30:22] [TRT] [V] Convolution input dimensions: (1, 192, 40, 40)
[09/28/2026-23:30:22] [TRT] [V] Registering layer: /model.12/cv2/conv/Conv for ONNX node: /model.12/cv2/conv/Conv
[09/28/2026-23:30:22] [TRT] [V] Using kernel: (1, 1), strides: (1, 1), prepadding: (0, 0), postpadding: (0, 0), dilations: (1, 1), numOutputs: 128, nbGroups: 1
[09/28/2026-23:30:22] [TRT] [V] Convolution output dimensions: (1, 128, 40, 40)
[09/28/2026-23:30:22] [TRT] [V] Registering tensor: /model.12/cv2/conv/Conv_output_0 for ONNX tensor: /model.12/cv2/conv/Conv_output_0
[09/28/2026-23:30:22] [TRT] [V] /model.12/cv2/conv/Conv [Conv] outputs: [/model.12/cv2/conv/Conv_output_0 -> (1, 128, 40, 40)[FLOAT]], 
[09/28/2026-23:30:22] [TRT] [V] Static check for parsing node: /model.12/cv2/act/Sigmoid [Sigmoid]
[09/28/2026-23:30:22] [TRT] [V] Parsing node: /model.12/cv2/act/Sigmoid [Sigmoid]
[09/28/2026-23:30:22] [TRT] [V] Searching for input: /model.12/cv2/conv/Conv_output_0
[09/28/2026-23:30:22] [TRT] [V] /model.12/cv2/act/Sigmoid [Sigmoid] inputs: [/model.12/cv2/conv/Conv_output_0 -> (1, 128, 40, 40)[FLOAT]], 
[09/28/2026-23:30:22] [TRT] [V] Registering layer: /model.12/cv2/act/Sigmoid for ONNX node: /model.12/cv2/act/Sigmoid
[09/28/2026-23:30:22] [TRT] [V] Registering tensor: /model.12/cv2/act/Sigmoid_output_0 for ONNX tensor: /model.12/cv2/act/Sigmoid_output_0
[09/28/2026-23:30:22] [TRT] [V] /model.12/cv2/act/Sigmoid [Sigmoid] outputs: [/model.12/cv2/act/Sigmoid_output_0 -> (1, 128, 40, 40)[FLOAT]], 
[09/28/2026-23:30:22] [TRT] [V] Static check for parsing node: /model.12/cv2/act/Mul [Mul]
[09/28/2026-23:30:22] [TRT] [V] Parsing node: /model.12/cv2/act/Mul [Mul]
[09/28/2026-23:30:22] [TRT] [V] Searching for input: /model.12/cv2/conv/Conv_output_0
[09/28/2026-23:30:22] [TRT] [V] Searching for input: /model.12/cv2/act/Sigmoid_output_0
[09/28/2026-23:30:22] [TRT] [V] /model.12/cv2/act/Mul [Mul] inputs: [/model.12/cv2/conv/Conv_output_0 -> (1, 128, 40, 40)[FLOAT]], [/model.12/cv2/act/Sigmoid_output_0 -> (1, 128, 40, 40)[FLOAT]], 
[09/28/2026-23:30:22] [TRT] [V] Registering layer: /model.12/cv2/act/Mul for ONNX node: /model.12/cv2/act/Mul
[09/28/2026-23:30:22] [TRT] [V] Registering tensor: /model.12/cv2/act/Mul_output_0 for ONNX tensor: /model.12/cv2/act/Mul_output_0
[09/28/2026-23:30:22] [TRT] [V] /model.12/cv2/act/Mul [Mul] outputs: [/model.12/cv2/act/Mul_output_0 -> (1, 128, 40, 40)[FLOAT]], 
[09/28/2026-23:30:22] [TRT] [V] Static check for parsing node: /model.13/Resize [Resize]
[09/28/2026-23:30:22] [TRT] [V] Parsing node: /model.13/Resize [Resize]
[09/28/2026-23:30:22] [TRT] [V] Searching for input: /model.12/cv2/act/Mul_output_0
[09/28/2026-23:30:22] [TRT] [V] Searching for input: /model.10/Constant_output_0
[09/28/2026-23:30:22] [TRT] [V] /model.13/Resize [Resize] inputs: [/model.12/cv2/act/Mul_output_0 -> (1, 128, 40, 40)[FLOAT]], [optional input, not set], [/model.10/Constant_output_0 -> (4)[FLOAT]], 
[09/28/2026-23:30:22] [TRT] [V] Registering layer: /model.13/Resize for ONNX node: /model.13/Resize
[09/28/2026-23:30:22] [TRT] [V] Running resize layer with:
[09/28/2026-23:30:22] [TRT] [V]     Transformation mode: asymmetric
[09/28/2026-23:30:22] [TRT] [V]     Resize mode: nearest
[09/28/2026-23:30:22] [TRT] [V] Registering tensor: /model.13/Resize_output_0 for ONNX tensor: /model.13/Resize_output_0
[09/28/2026-23:30:22] [TRT] [V] /model.13/Resize [Resize] outputs: [/model.13/Resize_output_0 -> (1, 128, 80, 80)[FLOAT]], 
[09/28/2026-23:30:22] [TRT] [V] Static check for parsing node: /model.14/Concat [Concat]
[09/28/2026-23:30:22] [TRT] [V] Parsing node: /model.14/Concat [Concat]
[09/28/2026-23:30:22] [TRT] [V] Searching for input: /model.13/Resize_output_0
[09/28/2026-23:30:22] [TRT] [V] Searching for input: /model.4/cv2/act/Mul_output_0
[09/28/2026-23:30:22] [TRT] [V] /model.14/Concat [Concat] inputs: [/model.13/Resize_output_0 -> (1, 128, 80, 80)[FLOAT]], [/model.4/cv2/act/Mul_output_0 -> (1, 64, 80, 80)[FLOAT]], 
[09/28/2026-23:30:22] [TRT] [V] Registering layer: /model.14/Concat for ONNX node: /model.14/Concat
[09/28/2026-23:30:22] [TRT] [V] Registering tensor: /model.14/Concat_output_0 for ONNX tensor: /model.14/Concat_output_0
[09/28/2026-23:30:22] [TRT] [V] /model.14/Concat [Concat] outputs: [/model.14/Concat_output_0 -> (1, 192, 80, 80)[FLOAT]], 
[09/28/2026-23:30:22] [TRT] [V] Static check for parsing node: /model.15/cv1/conv/Conv [Conv]
[09/28/2026-23:30:22] [TRT] [V] Parsing node: /model.15/cv1/conv/Conv [Conv]
[09/28/2026-23:30:22] [TRT] [V] Searching for input: /model.14/Concat_output_0
[09/28/2026-23:30:22] [TRT] [V] Searching for input: model.15.cv1.conv.weight
[09/28/2026-23:30:22] [TRT] [V] Searching for input: model.15.cv1.conv.bias
[09/28/2026-23:30:22] [TRT] [V] /model.15/cv1/conv/Conv [Conv] inputs: [/model.14/Concat_output_0 -> (1, 192, 80, 80)[FLOAT]], [model.15.cv1.conv.weight -> (64, 192, 1, 1)[FLOAT]], [model.15.cv1.conv.bias -> (64)[FLOAT]], 
[09/28/2026-23:30:22] [TRT] [V] Convolution input dimensions: (1, 192, 80, 80)
[09/28/2026-23:30:22] [TRT] [V] Registering layer: /model.15/cv1/conv/Conv for ONNX node: /model.15/cv1/conv/Conv
[09/28/2026-23:30:22] [TRT] [V] Using kernel: (1, 1), strides: (1, 1), prepadding: (0, 0), postpadding: (0, 0), dilations: (1, 1), numOutputs: 64, nbGroups: 1
[09/28/2026-23:30:22] [TRT] [V] Convolution output dimensions: (1, 64, 80, 80)
[09/28/2026-23:30:22] [TRT] [V] Registering tensor: /model.15/cv1/conv/Conv_output_0 for ONNX tensor: /model.15/cv1/conv/Conv_output_0
[09/28/2026-23:30:22] [TRT] [V] /model.15/cv1/conv/Conv [Conv] outputs: [/model.15/cv1/conv/Conv_output_0 -> (1, 64, 80, 80)[FLOAT]], 
[09/28/2026-23:30:22] [TRT] [V] Static check for parsing node: /model.15/cv1/act/Sigmoid [Sigmoid]
[09/28/2026-23:30:22] [TRT] [V] Parsing node: /model.15/cv1/act/Sigmoid [Sigmoid]
[09/28/2026-23:30:22] [TRT] [V] Searching for input: /model.15/cv1/conv/Conv_output_0
[09/28/2026-23:30:22] [TRT] [V] /model.15/cv1/act/Sigmoid [Sigmoid] inputs: [/model.15/cv1/conv/Conv_output_0 -> (1, 64, 80, 80)[FLOAT]], 
[09/28/2026-23:30:22] [TRT] [V] Registering layer: /model.15/cv1/act/Sigmoid for ONNX node: /model.15/cv1/act/Sigmoid
[09/28/2026-23:30:22] [TRT] [V] Registering tensor: /model.15/cv1/act/Sigmoid_output_0 for ONNX tensor: /model.15/cv1/act/Sigmoid_output_0
[09/28/2026-23:30:22] [TRT] [V] /model.15/cv1/act/Sigmoid [Sigmoid] outputs: [/model.15/cv1/act/Sigmoid_output_0 -> (1, 64, 80, 80)[FLOAT]], 
[09/28/2026-23:30:22] [TRT] [V] Static check for parsing node: /model.15/cv1/act/Mul [Mul]
[09/28/2026-23:30:22] [TRT] [V] Parsing node: /model.15/cv1/act/Mul [Mul]
[09/28/2026-23:30:22] [TRT] [V] Searching for input: /model.15/cv1/conv/Conv_output_0
[09/28/2026-23:30:22] [TRT] [V] Searching for input: /model.15/cv1/act/Sigmoid_output_0
[09/28/2026-23:30:22] [TRT] [V] /model.15/cv1/act/Mul [Mul] inputs: [/model.15/cv1/conv/Conv_output_0 -> (1, 64, 80, 80)[FLOAT]], [/model.15/cv1/act/Sigmoid_output_0 -> (1, 64, 80, 80)[FLOAT]], 
[09/28/2026-23:30:22] [TRT] [V] Registering layer: /model.15/cv1/act/Mul for ONNX node: /model.15/cv1/act/Mul
[09/28/2026-23:30:22] [TRT] [V] Registering tensor: /model.15/cv1/act/Mul_output_0 for ONNX tensor: /model.15/cv1/act/Mul_output_0
[09/28/2026-23:30:22] [TRT] [V] /model.15/cv1/act/Mul [Mul] outputs: [/model.15/cv1/act/Mul_output_0 -> (1, 64, 80, 80)[FLOAT]], 
[09/28/2026-23:30:22] [TRT] [V] Static check for parsing node: /model.15/Split [Split]
[09/28/2026-23:30:22] [TRT] [V] Parsing node: /model.15/Split [Split]
[09/28/2026-23:30:22] [TRT] [V] Searching for input: /model.15/cv1/act/Mul_output_0
[09/28/2026-23:30:22] [TRT] [V] Searching for input: onnx::Split_157
[09/28/2026-23:30:22] [TRT] [V] /model.15/Split [Split] inputs: [/model.15/cv1/act/Mul_output_0 -> (1, 64, 80, 80)[FLOAT]], [onnx::Split_157 -> (2)[INT64]], 
[09/28/2026-23:30:22] [TRT] [V] Registering layer: ONNXTRT_ShapeSlice_14 required by ONNX-TRT
[09/28/2026-23:30:22] [TRT] [V] Registering layer: /model.15/Split for ONNX node: /model.15/Split
[09/28/2026-23:30:22] [TRT] [V] Registering layer: ONNXTRT_ShapeSlice_15 required by ONNX-TRT
[09/28/2026-23:30:22] [TRT] [V] Registering layer: /model.15/Split_16 for ONNX node: /model.15/Split
[09/28/2026-23:30:22] [TRT] [V] Registering tensor: /model.15/Split_output_0 for ONNX tensor: /model.15/Split_output_0
[09/28/2026-23:30:22] [TRT] [V] Registering tensor: /model.15/Split_output_1 for ONNX tensor: /model.15/Split_output_1
[09/28/2026-23:30:22] [TRT] [V] /model.15/Split [Split] outputs: [/model.15/Split_output_0 -> (1, 32, 80, 80)[FLOAT]], [/model.15/Split_output_1 -> (1, 32, 80, 80)[FLOAT]], 
[09/28/2026-23:30:22] [TRT] [V] Static check for parsing node: /model.15/m.0/cv1/conv/Conv [Conv]
[09/28/2026-23:30:22] [TRT] [V] Parsing node: /model.15/m.0/cv1/conv/Conv [Conv]
[09/28/2026-23:30:22] [TRT] [V] Searching for input: /model.15/Split_output_1
[09/28/2026-23:30:22] [TRT] [V] Searching for input: model.15.m.0.cv1.conv.weight
[09/28/2026-23:30:22] [TRT] [V] Searching for input: model.15.m.0.cv1.conv.bias
[09/28/2026-23:30:22] [TRT] [V] /model.15/m.0/cv1/conv/Conv [Conv] inputs: [/model.15/Split_output_1 -> (1, 32, 80, 80)[FLOAT]], [model.15.m.0.cv1.conv.weight -> (32, 32, 3, 3)[FLOAT]], [model.15.m.0.cv1.conv.bias -> (32)[FLOAT]], 
[09/28/2026-23:30:22] [TRT] [V] Convolution input dimensions: (1, 32, 80, 80)
[09/28/2026-23:30:22] [TRT] [V] Registering layer: /model.15/m.0/cv1/conv/Conv for ONNX node: /model.15/m.0/cv1/conv/Conv
[09/28/2026-23:30:22] [TRT] [V] Using kernel: (3, 3), strides: (1, 1), prepadding: (1, 1), postpadding: (1, 1), dilations: (1, 1), numOutputs: 32, nbGroups: 1
[09/28/2026-23:30:22] [TRT] [V] Convolution output dimensions: (1, 32, 80, 80)
[09/28/2026-23:30:22] [TRT] [V] Registering tensor: /model.15/m.0/cv1/conv/Conv_output_0 for ONNX tensor: /model.15/m.0/cv1/conv/Conv_output_0
[09/28/2026-23:30:22] [TRT] [V] /model.15/m.0/cv1/conv/Conv [Conv] outputs: [/model.15/m.0/cv1/conv/Conv_output_0 -> (1, 32, 80, 80)[FLOAT]], 
[09/28/2026-23:30:22] [TRT] [V] Static check for parsing node: /model.15/m.0/cv1/act/Sigmoid [Sigmoid]
[09/28/2026-23:30:22] [TRT] [V] Parsing node: /model.15/m.0/cv1/act/Sigmoid [Sigmoid]
[09/28/2026-23:30:22] [TRT] [V] Searching for input: /model.15/m.0/cv1/conv/Conv_output_0
[09/28/2026-23:30:22] [TRT] [V] /model.15/m.0/cv1/act/Sigmoid [Sigmoid] inputs: [/model.15/m.0/cv1/conv/Conv_output_0 -> (1, 32, 80, 80)[FLOAT]], 
[09/28/2026-23:30:22] [TRT] [V] Registering layer: /model.15/m.0/cv1/act/Sigmoid for ONNX node: /model.15/m.0/cv1/act/Sigmoid
[09/28/2026-23:30:22] [TRT] [V] Registering tensor: /model.15/m.0/cv1/act/Sigmoid_output_0 for ONNX tensor: /model.15/m.0/cv1/act/Sigmoid_output_0
[09/28/2026-23:30:22] [TRT] [V] /model.15/m.0/cv1/act/Sigmoid [Sigmoid] outputs: [/model.15/m.0/cv1/act/Sigmoid_output_0 -> (1, 32, 80, 80)[FLOAT]], 
[09/28/2026-23:30:22] [TRT] [V] Static check for parsing node: /model.15/m.0/cv1/act/Mul [Mul]
[09/28/2026-23:30:22] [TRT] [V] Parsing node: /model.15/m.0/cv1/act/Mul [Mul]
[09/28/2026-23:30:22] [TRT] [V] Searching for input: /model.15/m.0/cv1/conv/Conv_output_0
[09/28/2026-23:30:22] [TRT] [V] Searching for input: /model.15/m.0/cv1/act/Sigmoid_output_0
[09/28/2026-23:30:22] [TRT] [V] /model.15/m.0/cv1/act/Mul [Mul] inputs: [/model.15/m.0/cv1/conv/Conv_output_0 -> (1, 32, 80, 80)[FLOAT]], [/model.15/m.0/cv1/act/Sigmoid_output_0 -> (1, 32, 80, 80)[FLOAT]], 
[09/28/2026-23:30:22] [TRT] [V] Registering layer: /model.15/m.0/cv1/act/Mul for ONNX node: /model.15/m.0/cv1/act/Mul
[09/28/2026-23:30:22] [TRT] [V] Registering tensor: /model.15/m.0/cv1/act/Mul_output_0 for ONNX tensor: /model.15/m.0/cv1/act/Mul_output_0
[09/28/2026-23:30:22] [TRT] [V] /model.15/m.0/cv1/act/Mul [Mul] outputs: [/model.15/m.0/cv1/act/Mul_output_0 -> (1, 32, 80, 80)[FLOAT]], 
[09/28/2026-23:30:22] [TRT] [V] Static check for parsing node: /model.15/m.0/cv2/conv/Conv [Conv]
[09/28/2026-23:30:22] [TRT] [V] Parsing node: /model.15/m.0/cv2/conv/Conv [Conv]
[09/28/2026-23:30:22] [TRT] [V] Searching for input: /model.15/m.0/cv1/act/Mul_output_0
[09/28/2026-23:30:22] [TRT] [V] Searching for input: model.15.m.0.cv2.conv.weight
[09/28/2026-23:30:22] [TRT] [V] Searching for input: model.15.m.0.cv2.conv.bias
[09/28/2026-23:30:22] [TRT] [V] /model.15/m.0/cv2/conv/Conv [Conv] inputs: [/model.15/m.0/cv1/act/Mul_output_0 -> (1, 32, 80, 80)[FLOAT]], [model.15.m.0.cv2.conv.weight -> (32, 32, 3, 3)[FLOAT]], [model.15.m.0.cv2.conv.bias -> (32)[FLOAT]], 
[09/28/2026-23:30:22] [TRT] [V] Convolution input dimensions: (1, 32, 80, 80)
[09/28/2026-23:30:22] [TRT] [V] Registering layer: /model.15/m.0/cv2/conv/Conv for ONNX node: /model.15/m.0/cv2/conv/Conv
[09/28/2026-23:30:22] [TRT] [V] Using kernel: (3, 3), strides: (1, 1), prepadding: (1, 1), postpadding: (1, 1), dilations: (1, 1), numOutputs: 32, nbGroups: 1
[09/28/2026-23:30:22] [TRT] [V] Convolution output dimensions: (1, 32, 80, 80)
[09/28/2026-23:30:22] [TRT] [V] Registering tensor: /model.15/m.0/cv2/conv/Conv_output_0 for ONNX tensor: /model.15/m.0/cv2/conv/Conv_output_0
[09/28/2026-23:30:22] [TRT] [V] /model.15/m.0/cv2/conv/Conv [Conv] outputs: [/model.15/m.0/cv2/conv/Conv_output_0 -> (1, 32, 80, 80)[FLOAT]], 
[09/28/2026-23:30:22] [TRT] [V] Static check for parsing node: /model.15/m.0/cv2/act/Sigmoid [Sigmoid]
[09/28/2026-23:30:22] [TRT] [V] Parsing node: /model.15/m.0/cv2/act/Sigmoid [Sigmoid]
[09/28/2026-23:30:22] [TRT] [V] Searching for input: /model.15/m.0/cv2/conv/Conv_output_0
[09/28/2026-23:30:22] [TRT] [V] /model.15/m.0/cv2/act/Sigmoid [Sigmoid] inputs: [/model.15/m.0/cv2/conv/Conv_output_0 -> (1, 32, 80, 80)[FLOAT]], 
[09/28/2026-23:30:22] [TRT] [V] Registering layer: /model.15/m.0/cv2/act/Sigmoid for ONNX node: /model.15/m.0/cv2/act/Sigmoid
[09/28/2026-23:30:22] [TRT] [V] Registering tensor: /model.15/m.0/cv2/act/Sigmoid_output_0 for ONNX tensor: /model.15/m.0/cv2/act/Sigmoid_output_0
[09/28/2026-23:30:22] [TRT] [V] /model.15/m.0/cv2/act/Sigmoid [Sigmoid] outputs: [/model.15/m.0/cv2/act/Sigmoid_output_0 -> (1, 32, 80, 80)[FLOAT]], 
[09/28/2026-23:30:22] [TRT] [V] Static check for parsing node: /model.15/m.0/cv2/act/Mul [Mul]
[09/28/2026-23:30:22] [TRT] [V] Parsing node: /model.15/m.0/cv2/act/Mul [Mul]
[09/28/2026-23:30:22] [TRT] [V] Searching for input: /model.15/m.0/cv2/conv/Conv_output_0
[09/28/2026-23:30:22] [TRT] [V] Searching for input: /model.15/m.0/cv2/act/Sigmoid_output_0
[09/28/2026-23:30:22] [TRT] [V] /model.15/m.0/cv2/act/Mul [Mul] inputs: [/model.15/m.0/cv2/conv/Conv_output_0 -> (1, 32, 80, 80)[FLOAT]], [/model.15/m.0/cv2/act/Sigmoid_output_0 -> (1, 32, 80, 80)[FLOAT]], 
[09/28/2026-23:30:22] [TRT] [V] Registering layer: /model.15/m.0/cv2/act/Mul for ONNX node: /model.15/m.0/cv2/act/Mul
[09/28/2026-23:30:22] [TRT] [V] Registering tensor: /model.15/m.0/cv2/act/Mul_output_0 for ONNX tensor: /model.15/m.0/cv2/act/Mul_output_0
[09/28/2026-23:30:22] [TRT] [V] /model.15/m.0/cv2/act/Mul [Mul] outputs: [/model.15/m.0/cv2/act/Mul_output_0 -> (1, 32, 80, 80)[FLOAT]], 
[09/28/2026-23:30:22] [TRT] [V] Static check for parsing node: /model.15/Concat [Concat]
[09/28/2026-23:30:22] [TRT] [V] Parsing node: /model.15/Concat [Concat]
[09/28/2026-23:30:22] [TRT] [V] Searching for input: /model.15/Split_output_0
[09/28/2026-23:30:22] [TRT] [V] Searching for input: /model.15/Split_output_1
[09/28/2026-23:30:22] [TRT] [V] Searching for input: /model.15/m.0/cv2/act/Mul_output_0
[09/28/2026-23:30:22] [TRT] [V] /model.15/Concat [Concat] inputs: [/model.15/Split_output_0 -> (1, 32, 80, 80)[FLOAT]], [/model.15/Split_output_1 -> (1, 32, 80, 80)[FLOAT]], [/model.15/m.0/cv2/act/Mul_output_0 -> (1, 32, 80, 80)[FLOAT]], 
[09/28/2026-23:30:22] [TRT] [V] Registering layer: /model.15/Concat for ONNX node: /model.15/Concat
[09/28/2026-23:30:22] [TRT] [V] Registering tensor: /model.15/Concat_output_0 for ONNX tensor: /model.15/Concat_output_0
[09/28/2026-23:30:22] [TRT] [V] /model.15/Concat [Concat] outputs: [/model.15/Concat_output_0 -> (1, 96, 80, 80)[FLOAT]], 
[09/28/2026-23:30:22] [TRT] [V] Static check for parsing node: /model.15/cv2/conv/Conv [Conv]
[09/28/2026-23:30:22] [TRT] [V] Parsing node: /model.15/cv2/conv/Conv [Conv]
[09/28/2026-23:30:22] [TRT] [V] Searching for input: /model.15/Concat_output_0
[09/28/2026-23:30:22] [TRT] [V] Searching for input: model.15.cv2.conv.weight
[09/28/2026-23:30:22] [TRT] [V] Searching for input: model.15.cv2.conv.bias
[09/28/2026-23:30:22] [TRT] [V] /model.15/cv2/conv/Conv [Conv] inputs: [/model.15/Concat_output_0 -> (1, 96, 80, 80)[FLOAT]], [model.15.cv2.conv.weight -> (64, 96, 1, 1)[FLOAT]], [model.15.cv2.conv.bias -> (64)[FLOAT]], 
[09/28/2026-23:30:22] [TRT] [V] Convolution input dimensions: (1, 96, 80, 80)
[09/28/2026-23:30:22] [TRT] [V] Registering layer: /model.15/cv2/conv/Conv for ONNX node: /model.15/cv2/conv/Conv
[09/28/2026-23:30:22] [TRT] [V] Using kernel: (1, 1), strides: (1, 1), prepadding: (0, 0), postpadding: (0, 0), dilations: (1, 1), numOutputs: 64, nbGroups: 1
[09/28/2026-23:30:22] [TRT] [V] Convolution output dimensions: (1, 64, 80, 80)
[09/28/2026-23:30:22] [TRT] [V] Registering tensor: /model.15/cv2/conv/Conv_output_0 for ONNX tensor: /model.15/cv2/conv/Conv_output_0
[09/28/2026-23:30:22] [TRT] [V] /model.15/cv2/conv/Conv [Conv] outputs: [/model.15/cv2/conv/Conv_output_0 -> (1, 64, 80, 80)[FLOAT]], 
[09/28/2026-23:30:22] [TRT] [V] Static check for parsing node: /model.15/cv2/act/Sigmoid [Sigmoid]
[09/28/2026-23:30:22] [TRT] [V] Parsing node: /model.15/cv2/act/Sigmoid [Sigmoid]
[09/28/2026-23:30:22] [TRT] [V] Searching for input: /model.15/cv2/conv/Conv_output_0
[09/28/2026-23:30:22] [TRT] [V] /model.15/cv2/act/Sigmoid [Sigmoid] inputs: [/model.15/cv2/conv/Conv_output_0 -> (1, 64, 80, 80)[FLOAT]], 
[09/28/2026-23:30:22] [TRT] [V] Registering layer: /model.15/cv2/act/Sigmoid for ONNX node: /model.15/cv2/act/Sigmoid
[09/28/2026-23:30:22] [TRT] [V] Registering tensor: /model.15/cv2/act/Sigmoid_output_0 for ONNX tensor: /model.15/cv2/act/Sigmoid_output_0
[09/28/2026-23:30:22] [TRT] [V] /model.15/cv2/act/Sigmoid [Sigmoid] outputs: [/model.15/cv2/act/Sigmoid_output_0 -> (1, 64, 80, 80)[FLOAT]], 
[09/28/2026-23:30:22] [TRT] [V] Static check for parsing node: /model.15/cv2/act/Mul [Mul]
[09/28/2026-23:30:22] [TRT] [V] Parsing node: /model.15/cv2/act/Mul [Mul]
[09/28/2026-23:30:22] [TRT] [V] Searching for input: /model.15/cv2/conv/Conv_output_0
[09/28/2026-23:30:22] [TRT] [V] Searching for input: /model.15/cv2/act/Sigmoid_output_0
[09/28/2026-23:30:22] [TRT] [V] /model.15/cv2/act/Mul [Mul] inputs: [/model.15/cv2/conv/Conv_output_0 -> (1, 64, 80, 80)[FLOAT]], [/model.15/cv2/act/Sigmoid_output_0 -> (1, 64, 80, 80)[FLOAT]], 
[09/28/2026-23:30:22] [TRT] [V] Registering layer: /model.15/cv2/act/Mul for ONNX node: /model.15/cv2/act/Mul
[09/28/2026-23:30:22] [TRT] [V] Registering tensor: /model.15/cv2/act/Mul_output_0 for ONNX tensor: /model.15/cv2/act/Mul_output_0
[09/28/2026-23:30:22] [TRT] [V] /model.15/cv2/act/Mul [Mul] outputs: [/model.15/cv2/act/Mul_output_0 -> (1, 64, 80, 80)[FLOAT]], 
[09/28/2026-23:30:22] [TRT] [V] Static check for parsing node: /model.16/conv/Conv [Conv]
[09/28/2026-23:30:22] [TRT] [V] Parsing node: /model.16/conv/Conv [Conv]
[09/28/2026-23:30:22] [TRT] [V] Searching for input: /model.15/cv2/act/Mul_output_0
[09/28/2026-23:30:22] [TRT] [V] Searching for input: model.16.conv.weight
[09/28/2026-23:30:22] [TRT] [V] Searching for input: model.16.conv.bias
[09/28/2026-23:30:22] [TRT] [V] /model.16/conv/Conv [Conv] inputs: [/model.15/cv2/act/Mul_output_0 -> (1, 64, 80, 80)[FLOAT]], [model.16.conv.weight -> (64, 64, 3, 3)[FLOAT]], [model.16.conv.bias -> (64)[FLOAT]], 
[09/28/2026-23:30:22] [TRT] [V] Convolution input dimensions: (1, 64, 80, 80)
[09/28/2026-23:30:22] [TRT] [V] Registering layer: /model.16/conv/Conv for ONNX node: /model.16/conv/Conv
[09/28/2026-23:30:22] [TRT] [V] Using kernel: (3, 3), strides: (2, 2), prepadding: (1, 1), postpadding: (1, 1), dilations: (1, 1), numOutputs: 64, nbGroups: 1
[09/28/2026-23:30:22] [TRT] [V] Convolution output dimensions: (1, 64, 40, 40)
[09/28/2026-23:30:22] [TRT] [V] Registering tensor: /model.16/conv/Conv_output_0 for ONNX tensor: /model.16/conv/Conv_output_0
[09/28/2026-23:30:22] [TRT] [V] /model.16/conv/Conv [Conv] outputs: [/model.16/conv/Conv_output_0 -> (1, 64, 40, 40)[FLOAT]], 
[09/28/2026-23:30:22] [TRT] [V] Static check for parsing node: /model.22/cv2.0/cv2.0.0/conv/Conv [Conv]
[09/28/2026-23:30:22] [TRT] [V] Parsing node: /model.22/cv2.0/cv2.0.0/conv/Conv [Conv]
[09/28/2026-23:30:22] [TRT] [V] Searching for input: /model.15/cv2/act/Mul_output_0
[09/28/2026-23:30:22] [TRT] [V] Searching for input: model.22.cv2.0.0.conv.weight
[09/28/2026-23:30:22] [TRT] [V] Searching for input: model.22.cv2.0.0.conv.bias
[09/28/2026-23:30:22] [TRT] [V] /model.22/cv2.0/cv2.0.0/conv/Conv [Conv] inputs: [/model.15/cv2/act/Mul_output_0 -> (1, 64, 80, 80)[FLOAT]], [model.22.cv2.0.0.conv.weight -> (64, 64, 3, 3)[FLOAT]], [model.22.cv2.0.0.conv.bias -> (64)[FLOAT]], 
[09/28/2026-23:30:22] [TRT] [V] Convolution input dimensions: (1, 64, 80, 80)
[09/28/2026-23:30:22] [TRT] [V] Registering layer: /model.22/cv2.0/cv2.0.0/conv/Conv for ONNX node: /model.22/cv2.0/cv2.0.0/conv/Conv
[09/28/2026-23:30:22] [TRT] [V] Using kernel: (3, 3), strides: (1, 1), prepadding: (1, 1), postpadding: (1, 1), dilations: (1, 1), numOutputs: 64, nbGroups: 1
[09/28/2026-23:30:22] [TRT] [V] Convolution output dimensions: (1, 64, 80, 80)
[09/28/2026-23:30:22] [TRT] [V] Registering tensor: /model.22/cv2.0/cv2.0.0/conv/Conv_output_0 for ONNX tensor: /model.22/cv2.0/cv2.0.0/conv/Conv_output_0
[09/28/2026-23:30:22] [TRT] [V] /model.22/cv2.0/cv2.0.0/conv/Conv [Conv] outputs: [/model.22/cv2.0/cv2.0.0/conv/Conv_output_0 -> (1, 64, 80, 80)[FLOAT]], 
[09/28/2026-23:30:22] [TRT] [V] Static check for parsing node: /model.22/cv3.0/cv3.0.0/conv/Conv [Conv]
[09/28/2026-23:30:22] [TRT] [V] Parsing node: /model.22/cv3.0/cv3.0.0/conv/Conv [Conv]
[09/28/2026-23:30:22] [TRT] [V] Searching for input: /model.15/cv2/act/Mul_output_0
[09/28/2026-23:30:22] [TRT] [V] Searching for input: model.22.cv3.0.0.conv.weight
[09/28/2026-23:30:22] [TRT] [V] Searching for input: model.22.cv3.0.0.conv.bias
[09/28/2026-23:30:22] [TRT] [V] /model.22/cv3.0/cv3.0.0/conv/Conv [Conv] inputs: [/model.15/cv2/act/Mul_output_0 -> (1, 64, 80, 80)[FLOAT]], [model.22.cv3.0.0.conv.weight -> (64, 64, 3, 3)[FLOAT]], [model.22.cv3.0.0.conv.bias -> (64)[FLOAT]], 
[09/28/2026-23:30:22] [TRT] [V] Convolution input dimensions: (1, 64, 80, 80)
[09/28/2026-23:30:22] [TRT] [V] Registering layer: /model.22/cv3.0/cv3.0.0/conv/Conv for ONNX node: /model.22/cv3.0/cv3.0.0/conv/Conv
[09/28/2026-23:30:22] [TRT] [V] Using kernel: (3, 3), strides: (1, 1), prepadding: (1, 1), postpadding: (1, 1), dilations: (1, 1), numOutputs: 64, nbGroups: 1
[09/28/2026-23:30:22] [TRT] [V] Convolution output dimensions: (1, 64, 80, 80)
[09/28/2026-23:30:22] [TRT] [V] Registering tensor: /model.22/cv3.0/cv3.0.0/conv/Conv_output_0 for ONNX tensor: /model.22/cv3.0/cv3.0.0/conv/Conv_output_0
[09/28/2026-23:30:22] [TRT] [V] /model.22/cv3.0/cv3.0.0/conv/Conv [Conv] outputs: [/model.22/cv3.0/cv3.0.0/conv/Conv_output_0 -> (1, 64, 80, 80)[FLOAT]], 
[09/28/2026-23:30:22] [TRT] [V] Static check for parsing node: /model.16/act/Sigmoid [Sigmoid]
[09/28/2026-23:30:22] [TRT] [V] Parsing node: /model.16/act/Sigmoid [Sigmoid]
[09/28/2026-23:30:22] [TRT] [V] Searching for input: /model.16/conv/Conv_output_0
[09/28/2026-23:30:22] [TRT] [V] /model.16/act/Sigmoid [Sigmoid] inputs: [/model.16/conv/Conv_output_0 -> (1, 64, 40, 40)[FLOAT]], 
[09/28/2026-23:30:22] [TRT] [V] Registering layer: /model.16/act/Sigmoid for ONNX node: /model.16/act/Sigmoid
[09/28/2026-23:30:22] [TRT] [V] Registering tensor: /model.16/act/Sigmoid_output_0 for ONNX tensor: /model.16/act/Sigmoid_output_0
[09/28/2026-23:30:22] [TRT] [V] /model.16/act/Sigmoid [Sigmoid] outputs: [/model.16/act/Sigmoid_output_0 -> (1, 64, 40, 40)[FLOAT]], 
[09/28/2026-23:30:22] [TRT] [V] Static check for parsing node: /model.22/cv2.0/cv2.0.0/act/Sigmoid [Sigmoid]
[09/28/2026-23:30:22] [TRT] [V] Parsing node: /model.22/cv2.0/cv2.0.0/act/Sigmoid [Sigmoid]
[09/28/2026-23:30:22] [TRT] [V] Searching for input: /model.22/cv2.0/cv2.0.0/conv/Conv_output_0
[09/28/2026-23:30:22] [TRT] [V] /model.22/cv2.0/cv2.0.0/act/Sigmoid [Sigmoid] inputs: [/model.22/cv2.0/cv2.0.0/conv/Conv_output_0 -> (1, 64, 80, 80)[FLOAT]], 
[09/28/2026-23:30:22] [TRT] [V] Registering layer: /model.22/cv2.0/cv2.0.0/act/Sigmoid for ONNX node: /model.22/cv2.0/cv2.0.0/act/Sigmoid
[09/28/2026-23:30:22] [TRT] [V] Registering tensor: /model.22/cv2.0/cv2.0.0/act/Sigmoid_output_0 for ONNX tensor: /model.22/cv2.0/cv2.0.0/act/Sigmoid_output_0
[09/28/2026-23:30:22] [TRT] [V] /model.22/cv2.0/cv2.0.0/act/Sigmoid [Sigmoid] outputs: [/model.22/cv2.0/cv2.0.0/act/Sigmoid_output_0 -> (1, 64, 80, 80)[FLOAT]], 
[09/28/2026-23:30:22] [TRT] [V] Static check for parsing node: /model.22/cv3.0/cv3.0.0/act/Sigmoid [Sigmoid]
[09/28/2026-23:30:22] [TRT] [V] Parsing node: /model.22/cv3.0/cv3.0.0/act/Sigmoid [Sigmoid]
[09/28/2026-23:30:22] [TRT] [V] Searching for input: /model.22/cv3.0/cv3.0.0/conv/Conv_output_0
[09/28/2026-23:30:22] [TRT] [V] /model.22/cv3.0/cv3.0.0/act/Sigmoid [Sigmoid] inputs: [/model.22/cv3.0/cv3.0.0/conv/Conv_output_0 -> (1, 64, 80, 80)[FLOAT]], 
[09/28/2026-23:30:22] [TRT] [V] Registering layer: /model.22/cv3.0/cv3.0.0/act/Sigmoid for ONNX node: /model.22/cv3.0/cv3.0.0/act/Sigmoid
[09/28/2026-23:30:22] [TRT] [V] Registering tensor: /model.22/cv3.0/cv3.0.0/act/Sigmoid_output_0 for ONNX tensor: /model.22/cv3.0/cv3.0.0/act/Sigmoid_output_0
[09/28/2026-23:30:22] [TRT] [V] /model.22/cv3.0/cv3.0.0/act/Sigmoid [Sigmoid] outputs: [/model.22/cv3.0/cv3.0.0/act/Sigmoid_output_0 -> (1, 64, 80, 80)[FLOAT]], 
[09/28/2026-23:30:22] [TRT] [V] Static check for parsing node: /model.16/act/Mul [Mul]
[09/28/2026-23:30:22] [TRT] [V] Parsing node: /model.16/act/Mul [Mul]
[09/28/2026-23:30:22] [TRT] [V] Searching for input: /model.16/conv/Conv_output_0
[09/28/2026-23:30:22] [TRT] [V] Searching for input: /model.16/act/Sigmoid_output_0
[09/28/2026-23:30:22] [TRT] [V] /model.16/act/Mul [Mul] inputs: [/model.16/conv/Conv_output_0 -> (1, 64, 40, 40)[FLOAT]], [/model.16/act/Sigmoid_output_0 -> (1, 64, 40, 40)[FLOAT]], 
[09/28/2026-23:30:22] [TRT] [V] Registering layer: /model.16/act/Mul for ONNX node: /model.16/act/Mul
[09/28/2026-23:30:22] [TRT] [V] Registering tensor: /model.16/act/Mul_output_0 for ONNX tensor: /model.16/act/Mul_output_0
[09/28/2026-23:30:22] [TRT] [V] /model.16/act/Mul [Mul] outputs: [/model.16/act/Mul_output_0 -> (1, 64, 40, 40)[FLOAT]], 
[09/28/2026-23:30:22] [TRT] [V] Static check for parsing node: /model.22/cv2.0/cv2.0.0/act/Mul [Mul]
[09/28/2026-23:30:22] [TRT] [V] Parsing node: /model.22/cv2.0/cv2.0.0/act/Mul [Mul]
[09/28/2026-23:30:22] [TRT] [V] Searching for input: /model.22/cv2.0/cv2.0.0/conv/Conv_output_0
[09/28/2026-23:30:22] [TRT] [V] Searching for input: /model.22/cv2.0/cv2.0.0/act/Sigmoid_output_0
[09/28/2026-23:30:22] [TRT] [V] /model.22/cv2.0/cv2.0.0/act/Mul [Mul] inputs: [/model.22/cv2.0/cv2.0.0/conv/Conv_output_0 -> (1, 64, 80, 80)[FLOAT]], [/model.22/cv2.0/cv2.0.0/act/Sigmoid_output_0 -> (1, 64, 80, 80)[FLOAT]], 
[09/28/2026-23:30:22] [TRT] [V] Registering layer: /model.22/cv2.0/cv2.0.0/act/Mul for ONNX node: /model.22/cv2.0/cv2.0.0/act/Mul
[09/28/2026-23:30:22] [TRT] [V] Registering tensor: /model.22/cv2.0/cv2.0.0/act/Mul_output_0 for ONNX tensor: /model.22/cv2.0/cv2.0.0/act/Mul_output_0
[09/28/2026-23:30:22] [TRT] [V] /model.22/cv2.0/cv2.0.0/act/Mul [Mul] outputs: [/model.22/cv2.0/cv2.0.0/act/Mul_output_0 -> (1, 64, 80, 80)[FLOAT]], 
[09/28/2026-23:30:22] [TRT] [V] Static check for parsing node: /model.22/cv3.0/cv3.0.0/act/Mul [Mul]
[09/28/2026-23:30:22] [TRT] [V] Parsing node: /model.22/cv3.0/cv3.0.0/act/Mul [Mul]
[09/28/2026-23:30:22] [TRT] [V] Searching for input: /model.22/cv3.0/cv3.0.0/conv/Conv_output_0
[09/28/2026-23:30:22] [TRT] [V] Searching for input: /model.22/cv3.0/cv3.0.0/act/Sigmoid_output_0
[09/28/2026-23:30:22] [TRT] [V] /model.22/cv3.0/cv3.0.0/act/Mul [Mul] inputs: [/model.22/cv3.0/cv3.0.0/conv/Conv_output_0 -> (1, 64, 80, 80)[FLOAT]], [/model.22/cv3.0/cv3.0.0/act/Sigmoid_output_0 -> (1, 64, 80, 80)[FLOAT]], 
[09/28/2026-23:30:22] [TRT] [V] Registering layer: /model.22/cv3.0/cv3.0.0/act/Mul for ONNX node: /model.22/cv3.0/cv3.0.0/act/Mul
[09/28/2026-23:30:22] [TRT] [V] Registering tensor: /model.22/cv3.0/cv3.0.0/act/Mul_output_0 for ONNX tensor: /model.22/cv3.0/cv3.0.0/act/Mul_output_0
[09/28/2026-23:30:22] [TRT] [V] /model.22/cv3.0/cv3.0.0/act/Mul [Mul] outputs: [/model.22/cv3.0/cv3.0.0/act/Mul_output_0 -> (1, 64, 80, 80)[FLOAT]], 
[09/28/2026-23:30:22] [TRT] [V] Static check for parsing node: /model.17/Concat [Concat]
[09/28/2026-23:30:22] [TRT] [V] Parsing node: /model.17/Concat [Concat]
[09/28/2026-23:30:22] [TRT] [V] Searching for input: /model.16/act/Mul_output_0
[09/28/2026-23:30:22] [TRT] [V] Searching for input: /model.12/cv2/act/Mul_output_0
[09/28/2026-23:30:22] [TRT] [V] /model.17/Concat [Concat] inputs: [/model.16/act/Mul_output_0 -> (1, 64, 40, 40)[FLOAT]], [/model.12/cv2/act/Mul_output_0 -> (1, 128, 40, 40)[FLOAT]], 
[09/28/2026-23:30:22] [TRT] [V] Registering layer: /model.17/Concat for ONNX node: /model.17/Concat
[09/28/2026-23:30:22] [TRT] [V] Registering tensor: /model.17/Concat_output_0 for ONNX tensor: /model.17/Concat_output_0
[09/28/2026-23:30:22] [TRT] [V] /model.17/Concat [Concat] outputs: [/model.17/Concat_output_0 -> (1, 192, 40, 40)[FLOAT]], 
[09/28/2026-23:30:22] [TRT] [V] Static check for parsing node: /model.22/cv2.0/cv2.0.1/conv/Conv [Conv]
[09/28/2026-23:30:22] [TRT] [V] Parsing node: /model.22/cv2.0/cv2.0.1/conv/Conv [Conv]
[09/28/2026-23:30:22] [TRT] [V] Searching for input: /model.22/cv2.0/cv2.0.0/act/Mul_output_0
[09/28/2026-23:30:22] [TRT] [V] Searching for input: model.22.cv2.0.1.conv.weight
[09/28/2026-23:30:22] [TRT] [V] Searching for input: model.22.cv2.0.1.conv.bias
[09/28/2026-23:30:22] [TRT] [V] /model.22/cv2.0/cv2.0.1/conv/Conv [Conv] inputs: [/model.22/cv2.0/cv2.0.0/act/Mul_output_0 -> (1, 64, 80, 80)[FLOAT]], [model.22.cv2.0.1.conv.weight -> (64, 64, 3, 3)[FLOAT]], [model.22.cv2.0.1.conv.bias -> (64)[FLOAT]], 
[09/28/2026-23:30:22] [TRT] [V] Convolution input dimensions: (1, 64, 80, 80)
[09/28/2026-23:30:22] [TRT] [V] Registering layer: /model.22/cv2.0/cv2.0.1/conv/Conv for ONNX node: /model.22/cv2.0/cv2.0.1/conv/Conv
[09/28/2026-23:30:22] [TRT] [V] Using kernel: (3, 3), strides: (1, 1), prepadding: (1, 1), postpadding: (1, 1), dilations: (1, 1), numOutputs: 64, nbGroups: 1
[09/28/2026-23:30:22] [TRT] [V] Convolution output dimensions: (1, 64, 80, 80)
[09/28/2026-23:30:22] [TRT] [V] Registering tensor: /model.22/cv2.0/cv2.0.1/conv/Conv_output_0 for ONNX tensor: /model.22/cv2.0/cv2.0.1/conv/Conv_output_0
[09/28/2026-23:30:22] [TRT] [V] /model.22/cv2.0/cv2.0.1/conv/Conv [Conv] outputs: [/model.22/cv2.0/cv2.0.1/conv/Conv_output_0 -> (1, 64, 80, 80)[FLOAT]], 
[09/28/2026-23:30:22] [TRT] [V] Static check for parsing node: /model.22/cv3.0/cv3.0.1/conv/Conv [Conv]
[09/28/2026-23:30:22] [TRT] [V] Parsing node: /model.22/cv3.0/cv3.0.1/conv/Conv [Conv]
[09/28/2026-23:30:22] [TRT] [V] Searching for input: /model.22/cv3.0/cv3.0.0/act/Mul_output_0
[09/28/2026-23:30:22] [TRT] [V] Searching for input: model.22.cv3.0.1.conv.weight
[09/28/2026-23:30:22] [TRT] [V] Searching for input: model.22.cv3.0.1.conv.bias
[09/28/2026-23:30:22] [TRT] [V] /model.22/cv3.0/cv3.0.1/conv/Conv [Conv] inputs: [/model.22/cv3.0/cv3.0.0/act/Mul_output_0 -> (1, 64, 80, 80)[FLOAT]], [model.22.cv3.0.1.conv.weight -> (64, 64, 3, 3)[FLOAT]], [model.22.cv3.0.1.conv.bias -> (64)[FLOAT]], 
[09/28/2026-23:30:22] [TRT] [V] Convolution input dimensions: (1, 64, 80, 80)
[09/28/2026-23:30:22] [TRT] [V] Registering layer: /model.22/cv3.0/cv3.0.1/conv/Conv for ONNX node: /model.22/cv3.0/cv3.0.1/conv/Conv
[09/28/2026-23:30:22] [TRT] [V] Using kernel: (3, 3), strides: (1, 1), prepadding: (1, 1), postpadding: (1, 1), dilations: (1, 1), numOutputs: 64, nbGroups: 1
[09/28/2026-23:30:22] [TRT] [V] Convolution output dimensions: (1, 64, 80, 80)
[09/28/2026-23:30:22] [TRT] [V] Registering tensor: /model.22/cv3.0/cv3.0.1/conv/Conv_output_0 for ONNX tensor: /model.22/cv3.0/cv3.0.1/conv/Conv_output_0
[09/28/2026-23:30:22] [TRT] [V] /model.22/cv3.0/cv3.0.1/conv/Conv [Conv] outputs: [/model.22/cv3.0/cv3.0.1/conv/Conv_output_0 -> (1, 64, 80, 80)[FLOAT]], 
[09/28/2026-23:30:22] [TRT] [V] Static check for parsing node: /model.18/cv1/conv/Conv [Conv]
[09/28/2026-23:30:22] [TRT] [V] Parsing node: /model.18/cv1/conv/Conv [Conv]
[09/28/2026-23:30:22] [TRT] [V] Searching for input: /model.17/Concat_output_0
[09/28/2026-23:30:22] [TRT] [V] Searching for input: model.18.cv1.conv.weight
[09/28/2026-23:30:22] [TRT] [V] Searching for input: model.18.cv1.conv.bias
[09/28/2026-23:30:22] [TRT] [V] /model.18/cv1/conv/Conv [Conv] inputs: [/model.17/Concat_output_0 -> (1, 192, 40, 40)[FLOAT]], [model.18.cv1.conv.weight -> (128, 192, 1, 1)[FLOAT]], [model.18.cv1.conv.bias -> (128)[FLOAT]], 
[09/28/2026-23:30:22] [TRT] [V] Convolution input dimensions: (1, 192, 40, 40)
[09/28/2026-23:30:22] [TRT] [V] Registering layer: /model.18/cv1/conv/Conv for ONNX node: /model.18/cv1/conv/Conv
[09/28/2026-23:30:22] [TRT] [V] Using kernel: (1, 1), strides: (1, 1), prepadding: (0, 0), postpadding: (0, 0), dilations: (1, 1), numOutputs: 128, nbGroups: 1
[09/28/2026-23:30:22] [TRT] [V] Convolution output dimensions: (1, 128, 40, 40)
[09/28/2026-23:30:22] [TRT] [V] Registering tensor: /model.18/cv1/conv/Conv_output_0 for ONNX tensor: /model.18/cv1/conv/Conv_output_0
[09/28/2026-23:30:22] [TRT] [V] /model.18/cv1/conv/Conv [Conv] outputs: [/model.18/cv1/conv/Conv_output_0 -> (1, 128, 40, 40)[FLOAT]], 
[09/28/2026-23:30:22] [TRT] [V] Static check for parsing node: /model.22/cv2.0/cv2.0.1/act/Sigmoid [Sigmoid]
[09/28/2026-23:30:22] [TRT] [V] Parsing node: /model.22/cv2.0/cv2.0.1/act/Sigmoid [Sigmoid]
[09/28/2026-23:30:22] [TRT] [V] Searching for input: /model.22/cv2.0/cv2.0.1/conv/Conv_output_0
[09/28/2026-23:30:22] [TRT] [V] /model.22/cv2.0/cv2.0.1/act/Sigmoid [Sigmoid] inputs: [/model.22/cv2.0/cv2.0.1/conv/Conv_output_0 -> (1, 64, 80, 80)[FLOAT]], 
[09/28/2026-23:30:22] [TRT] [V] Registering layer: /model.22/cv2.0/cv2.0.1/act/Sigmoid for ONNX node: /model.22/cv2.0/cv2.0.1/act/Sigmoid
[09/28/2026-23:30:22] [TRT] [V] Registering tensor: /model.22/cv2.0/cv2.0.1/act/Sigmoid_output_0 for ONNX tensor: /model.22/cv2.0/cv2.0.1/act/Sigmoid_output_0
[09/28/2026-23:30:22] [TRT] [V] /model.22/cv2.0/cv2.0.1/act/Sigmoid [Sigmoid] outputs: [/model.22/cv2.0/cv2.0.1/act/Sigmoid_output_0 -> (1, 64, 80, 80)[FLOAT]], 
[09/28/2026-23:30:22] [TRT] [V] Static check for parsing node: /model.22/cv3.0/cv3.0.1/act/Sigmoid [Sigmoid]
[09/28/2026-23:30:22] [TRT] [V] Parsing node: /model.22/cv3.0/cv3.0.1/act/Sigmoid [Sigmoid]
[09/28/2026-23:30:22] [TRT] [V] Searching for input: /model.22/cv3.0/cv3.0.1/conv/Conv_output_0
[09/28/2026-23:30:22] [TRT] [V] /model.22/cv3.0/cv3.0.1/act/Sigmoid [Sigmoid] inputs: [/model.22/cv3.0/cv3.0.1/conv/Conv_output_0 -> (1, 64, 80, 80)[FLOAT]], 
[09/28/2026-23:30:22] [TRT] [V] Registering layer: /model.22/cv3.0/cv3.0.1/act/Sigmoid for ONNX node: /model.22/cv3.0/cv3.0.1/act/Sigmoid
[09/28/2026-23:30:22] [TRT] [V] Registering tensor: /model.22/cv3.0/cv3.0.1/act/Sigmoid_output_0 for ONNX tensor: /model.22/cv3.0/cv3.0.1/act/Sigmoid_output_0
[09/28/2026-23:30:22] [TRT] [V] /model.22/cv3.0/cv3.0.1/act/Sigmoid [Sigmoid] outputs: [/model.22/cv3.0/cv3.0.1/act/Sigmoid_output_0 -> (1, 64, 80, 80)[FLOAT]], 
[09/28/2026-23:30:22] [TRT] [V] Static check for parsing node: /model.18/cv1/act/Sigmoid [Sigmoid]
[09/28/2026-23:30:22] [TRT] [V] Parsing node: /model.18/cv1/act/Sigmoid [Sigmoid]
[09/28/2026-23:30:22] [TRT] [V] Searching for input: /model.18/cv1/conv/Conv_output_0
[09/28/2026-23:30:22] [TRT] [V] /model.18/cv1/act/Sigmoid [Sigmoid] inputs: [/model.18/cv1/conv/Conv_output_0 -> (1, 128, 40, 40)[FLOAT]], 
[09/28/2026-23:30:22] [TRT] [V] Registering layer: /model.18/cv1/act/Sigmoid for ONNX node: /model.18/cv1/act/Sigmoid
[09/28/2026-23:30:22] [TRT] [V] Registering tensor: /model.18/cv1/act/Sigmoid_output_0 for ONNX tensor: /model.18/cv1/act/Sigmoid_output_0
[09/28/2026-23:30:22] [TRT] [V] /model.18/cv1/act/Sigmoid [Sigmoid] outputs: [/model.18/cv1/act/Sigmoid_output_0 -> (1, 128, 40, 40)[FLOAT]], 
[09/28/2026-23:30:22] [TRT] [V] Static check for parsing node: /model.22/cv2.0/cv2.0.1/act/Mul [Mul]
[09/28/2026-23:30:22] [TRT] [V] Parsing node: /model.22/cv2.0/cv2.0.1/act/Mul [Mul]
[09/28/2026-23:30:22] [TRT] [V] Searching for input: /model.22/cv2.0/cv2.0.1/conv/Conv_output_0
[09/28/2026-23:30:22] [TRT] [V] Searching for input: /model.22/cv2.0/cv2.0.1/act/Sigmoid_output_0
[09/28/2026-23:30:22] [TRT] [V] /model.22/cv2.0/cv2.0.1/act/Mul [Mul] inputs: [/model.22/cv2.0/cv2.0.1/conv/Conv_output_0 -> (1, 64, 80, 80)[FLOAT]], [/model.22/cv2.0/cv2.0.1/act/Sigmoid_output_0 -> (1, 64, 80, 80)[FLOAT]], 
[09/28/2026-23:30:22] [TRT] [V] Registering layer: /model.22/cv2.0/cv2.0.1/act/Mul for ONNX node: /model.22/cv2.0/cv2.0.1/act/Mul
[09/28/2026-23:30:22] [TRT] [V] Registering tensor: /model.22/cv2.0/cv2.0.1/act/Mul_output_0 for ONNX tensor: /model.22/cv2.0/cv2.0.1/act/Mul_output_0
[09/28/2026-23:30:22] [TRT] [V] /model.22/cv2.0/cv2.0.1/act/Mul [Mul] outputs: [/model.22/cv2.0/cv2.0.1/act/Mul_output_0 -> (1, 64, 80, 80)[FLOAT]], 
[09/28/2026-23:30:22] [TRT] [V] Static check for parsing node: /model.22/cv3.0/cv3.0.1/act/Mul [Mul]
[09/28/2026-23:30:22] [TRT] [V] Parsing node: /model.22/cv3.0/cv3.0.1/act/Mul [Mul]
[09/28/2026-23:30:22] [TRT] [V] Searching for input: /model.22/cv3.0/cv3.0.1/conv/Conv_output_0
[09/28/2026-23:30:22] [TRT] [V] Searching for input: /model.22/cv3.0/cv3.0.1/act/Sigmoid_output_0
[09/28/2026-23:30:22] [TRT] [V] /model.22/cv3.0/cv3.0.1/act/Mul [Mul] inputs: [/model.22/cv3.0/cv3.0.1/conv/Conv_output_0 -> (1, 64, 80, 80)[FLOAT]], [/model.22/cv3.0/cv3.0.1/act/Sigmoid_output_0 -> (1, 64, 80, 80)[FLOAT]], 
[09/28/2026-23:30:22] [TRT] [V] Registering layer: /model.22/cv3.0/cv3.0.1/act/Mul for ONNX node: /model.22/cv3.0/cv3.0.1/act/Mul
[09/28/2026-23:30:22] [TRT] [V] Registering tensor: /model.22/cv3.0/cv3.0.1/act/Mul_output_0 for ONNX tensor: /model.22/cv3.0/cv3.0.1/act/Mul_output_0
[09/28/2026-23:30:22] [TRT] [V] /model.22/cv3.0/cv3.0.1/act/Mul [Mul] outputs: [/model.22/cv3.0/cv3.0.1/act/Mul_output_0 -> (1, 64, 80, 80)[FLOAT]], 
[09/28/2026-23:30:22] [TRT] [V] Static check for parsing node: /model.18/cv1/act/Mul [Mul]
[09/28/2026-23:30:22] [TRT] [V] Parsing node: /model.18/cv1/act/Mul [Mul]
[09/28/2026-23:30:22] [TRT] [V] Searching for input: /model.18/cv1/conv/Conv_output_0
[09/28/2026-23:30:22] [TRT] [V] Searching for input: /model.18/cv1/act/Sigmoid_output_0
[09/28/2026-23:30:22] [TRT] [V] /model.18/cv1/act/Mul [Mul] inputs: [/model.18/cv1/conv/Conv_output_0 -> (1, 128, 40, 40)[FLOAT]], [/model.18/cv1/act/Sigmoid_output_0 -> (1, 128, 40, 40)[FLOAT]], 
[09/28/2026-23:30:22] [TRT] [V] Registering layer: /model.18/cv1/act/Mul for ONNX node: /model.18/cv1/act/Mul
[09/28/2026-23:30:22] [TRT] [V] Registering tensor: /model.18/cv1/act/Mul_output_0 for ONNX tensor: /model.18/cv1/act/Mul_output_0
[09/28/2026-23:30:22] [TRT] [V] /model.18/cv1/act/Mul [Mul] outputs: [/model.18/cv1/act/Mul_output_0 -> (1, 128, 40, 40)[FLOAT]], 
[09/28/2026-23:30:22] [TRT] [V] Static check for parsing node: /model.22/cv2.0/cv2.0.2/Conv [Conv]
[09/28/2026-23:30:22] [TRT] [V] Parsing node: /model.22/cv2.0/cv2.0.2/Conv [Conv]
[09/28/2026-23:30:22] [TRT] [V] Searching for input: /model.22/cv2.0/cv2.0.1/act/Mul_output_0
[09/28/2026-23:30:22] [TRT] [V] Searching for input: model.22.cv2.0.2.weight
[09/28/2026-23:30:22] [TRT] [V] Searching for input: model.22.cv2.0.2.bias
[09/28/2026-23:30:22] [TRT] [V] /model.22/cv2.0/cv2.0.2/Conv [Conv] inputs: [/model.22/cv2.0/cv2.0.1/act/Mul_output_0 -> (1, 64, 80, 80)[FLOAT]], [model.22.cv2.0.2.weight -> (64, 64, 1, 1)[FLOAT]], [model.22.cv2.0.2.bias -> (64)[FLOAT]], 
[09/28/2026-23:30:22] [TRT] [V] Convolution input dimensions: (1, 64, 80, 80)
[09/28/2026-23:30:22] [TRT] [V] Registering layer: /model.22/cv2.0/cv2.0.2/Conv for ONNX node: /model.22/cv2.0/cv2.0.2/Conv
[09/28/2026-23:30:22] [TRT] [V] Using kernel: (1, 1), strides: (1, 1), prepadding: (0, 0), postpadding: (0, 0), dilations: (1, 1), numOutputs: 64, nbGroups: 1
[09/28/2026-23:30:22] [TRT] [V] Convolution output dimensions: (1, 64, 80, 80)
[09/28/2026-23:30:22] [TRT] [V] Registering tensor: /model.22/cv2.0/cv2.0.2/Conv_output_0 for ONNX tensor: /model.22/cv2.0/cv2.0.2/Conv_output_0
[09/28/2026-23:30:22] [TRT] [V] /model.22/cv2.0/cv2.0.2/Conv [Conv] outputs: [/model.22/cv2.0/cv2.0.2/Conv_output_0 -> (1, 64, 80, 80)[FLOAT]], 
[09/28/2026-23:30:22] [TRT] [V] Static check for parsing node: /model.22/cv3.0/cv3.0.2/Conv [Conv]
[09/28/2026-23:30:22] [TRT] [V] Parsing node: /model.22/cv3.0/cv3.0.2/Conv [Conv]
[09/28/2026-23:30:22] [TRT] [V] Searching for input: /model.22/cv3.0/cv3.0.1/act/Mul_output_0
[09/28/2026-23:30:22] [TRT] [V] Searching for input: model.22.cv3.0.2.weight
[09/28/2026-23:30:22] [TRT] [V] Searching for input: model.22.cv3.0.2.bias
[09/28/2026-23:30:22] [TRT] [V] /model.22/cv3.0/cv3.0.2/Conv [Conv] inputs: [/model.22/cv3.0/cv3.0.1/act/Mul_output_0 -> (1, 64, 80, 80)[FLOAT]], [model.22.cv3.0.2.weight -> (3, 64, 1, 1)[FLOAT]], [model.22.cv3.0.2.bias -> (3)[FLOAT]], 
[09/28/2026-23:30:22] [TRT] [V] Convolution input dimensions: (1, 64, 80, 80)
[09/28/2026-23:30:22] [TRT] [V] Registering layer: /model.22/cv3.0/cv3.0.2/Conv for ONNX node: /model.22/cv3.0/cv3.0.2/Conv
[09/28/2026-23:30:22] [TRT] [V] Using kernel: (1, 1), strides: (1, 1), prepadding: (0, 0), postpadding: (0, 0), dilations: (1, 1), numOutputs: 3, nbGroups: 1
[09/28/2026-23:30:22] [TRT] [V] Convolution output dimensions: (1, 3, 80, 80)
[09/28/2026-23:30:22] [TRT] [V] Registering tensor: /model.22/cv3.0/cv3.0.2/Conv_output_0 for ONNX tensor: /model.22/cv3.0/cv3.0.2/Conv_output_0
[09/28/2026-23:30:22] [TRT] [V] /model.22/cv3.0/cv3.0.2/Conv [Conv] outputs: [/model.22/cv3.0/cv3.0.2/Conv_output_0 -> (1, 3, 80, 80)[FLOAT]], 
[09/28/2026-23:30:22] [TRT] [V] Static check for parsing node: /model.18/Split [Split]
[09/28/2026-23:30:22] [TRT] [V] Parsing node: /model.18/Split [Split]
[09/28/2026-23:30:22] [TRT] [V] Searching for input: /model.18/cv1/act/Mul_output_0
[09/28/2026-23:30:22] [TRT] [V] Searching for input: onnx::Split_184
[09/28/2026-23:30:22] [TRT] [V] /model.18/Split [Split] inputs: [/model.18/cv1/act/Mul_output_0 -> (1, 128, 40, 40)[FLOAT]], [onnx::Split_184 -> (2)[INT64]], 
[09/28/2026-23:30:22] [TRT] [V] Registering layer: ONNXTRT_ShapeSlice_17 required by ONNX-TRT
[09/28/2026-23:30:22] [TRT] [V] Registering layer: /model.18/Split for ONNX node: /model.18/Split
[09/28/2026-23:30:22] [TRT] [V] Registering layer: ONNXTRT_ShapeSlice_18 required by ONNX-TRT
[09/28/2026-23:30:22] [TRT] [V] Registering layer: /model.18/Split_19 for ONNX node: /model.18/Split
[09/28/2026-23:30:22] [TRT] [V] Registering tensor: /model.18/Split_output_0 for ONNX tensor: /model.18/Split_output_0
[09/28/2026-23:30:22] [TRT] [V] Registering tensor: /model.18/Split_output_1 for ONNX tensor: /model.18/Split_output_1
[09/28/2026-23:30:22] [TRT] [V] /model.18/Split [Split] outputs: [/model.18/Split_output_0 -> (1, 64, 40, 40)[FLOAT]], [/model.18/Split_output_1 -> (1, 64, 40, 40)[FLOAT]], 
[09/28/2026-23:30:22] [TRT] [V] Static check for parsing node: /model.22/Reshape [Reshape]
[09/28/2026-23:30:22] [TRT] [V] Parsing node: /model.22/Reshape [Reshape]
[09/28/2026-23:30:22] [TRT] [V] Searching for input: /model.22/cv2.0/cv2.0.2/Conv_output_0
[09/28/2026-23:30:22] [TRT] [V] Searching for input: /model.22/Constant_output_0
[09/28/2026-23:30:22] [TRT] [V] /model.22/Reshape [Reshape] inputs: [/model.22/cv2.0/cv2.0.2/Conv_output_0 -> (1, 64, 80, 80)[FLOAT]], [/model.22/Constant_output_0 -> (3)[INT64]], 
[09/28/2026-23:30:22] [TRT] [V] Registering layer: ONNXTRT_ShapeShuffle required by ONNX-TRT
[09/28/2026-23:30:22] [TRT] [V] Registering layer: /model.22/Reshape for ONNX node: /model.22/Reshape
[09/28/2026-23:30:22] [TRT] [V] Registering tensor: /model.22/Reshape_output_0 for ONNX tensor: /model.22/Reshape_output_0
[09/28/2026-23:30:22] [TRT] [V] /model.22/Reshape [Reshape] outputs: [/model.22/Reshape_output_0 -> (1, 64, 6400)[FLOAT]], 
[09/28/2026-23:30:22] [TRT] [V] Static check for parsing node: /model.22/Reshape_3 [Reshape]
[09/28/2026-23:30:22] [TRT] [V] Parsing node: /model.22/Reshape_3 [Reshape]
[09/28/2026-23:30:22] [TRT] [V] Searching for input: /model.22/cv3.0/cv3.0.2/Conv_output_0
[09/28/2026-23:30:22] [TRT] [V] Searching for input: /model.22/Constant_3_output_0
[09/28/2026-23:30:22] [TRT] [V] /model.22/Reshape_3 [Reshape] inputs: [/model.22/cv3.0/cv3.0.2/Conv_output_0 -> (1, 3, 80, 80)[FLOAT]], [/model.22/Constant_3_output_0 -> (3)[INT64]], 
[09/28/2026-23:30:22] [TRT] [V] Registering layer: ONNXTRT_ShapeShuffle_20 required by ONNX-TRT
[09/28/2026-23:30:22] [TRT] [V] Registering layer: /model.22/Reshape_3 for ONNX node: /model.22/Reshape_3
[09/28/2026-23:30:22] [TRT] [V] Registering tensor: /model.22/Reshape_3_output_0 for ONNX tensor: /model.22/Reshape_3_output_0
[09/28/2026-23:30:22] [TRT] [V] /model.22/Reshape_3 [Reshape] outputs: [/model.22/Reshape_3_output_0 -> (1, 3, 6400)[FLOAT]], 
[09/28/2026-23:30:22] [TRT] [V] Static check for parsing node: /model.18/m.0/cv1/conv/Conv [Conv]
[09/28/2026-23:30:22] [TRT] [V] Parsing node: /model.18/m.0/cv1/conv/Conv [Conv]
[09/28/2026-23:30:22] [TRT] [V] Searching for input: /model.18/Split_output_1
[09/28/2026-23:30:22] [TRT] [V] Searching for input: model.18.m.0.cv1.conv.weight
[09/28/2026-23:30:22] [TRT] [V] Searching for input: model.18.m.0.cv1.conv.bias
[09/28/2026-23:30:22] [TRT] [V] /model.18/m.0/cv1/conv/Conv [Conv] inputs: [/model.18/Split_output_1 -> (1, 64, 40, 40)[FLOAT]], [model.18.m.0.cv1.conv.weight -> (64, 64, 3, 3)[FLOAT]], [model.18.m.0.cv1.conv.bias -> (64)[FLOAT]], 
[09/28/2026-23:30:22] [TRT] [V] Convolution input dimensions: (1, 64, 40, 40)
[09/28/2026-23:30:22] [TRT] [V] Registering layer: /model.18/m.0/cv1/conv/Conv for ONNX node: /model.18/m.0/cv1/conv/Conv
[09/28/2026-23:30:22] [TRT] [V] Using kernel: (3, 3), strides: (1, 1), prepadding: (1, 1), postpadding: (1, 1), dilations: (1, 1), numOutputs: 64, nbGroups: 1
[09/28/2026-23:30:22] [TRT] [V] Convolution output dimensions: (1, 64, 40, 40)
[09/28/2026-23:30:22] [TRT] [V] Registering tensor: /model.18/m.0/cv1/conv/Conv_output_0 for ONNX tensor: /model.18/m.0/cv1/conv/Conv_output_0
[09/28/2026-23:30:22] [TRT] [V] /model.18/m.0/cv1/conv/Conv [Conv] outputs: [/model.18/m.0/cv1/conv/Conv_output_0 -> (1, 64, 40, 40)[FLOAT]], 
[09/28/2026-23:30:22] [TRT] [V] Static check for parsing node: /model.18/m.0/cv1/act/Sigmoid [Sigmoid]
[09/28/2026-23:30:22] [TRT] [V] Parsing node: /model.18/m.0/cv1/act/Sigmoid [Sigmoid]
[09/28/2026-23:30:22] [TRT] [V] Searching for input: /model.18/m.0/cv1/conv/Conv_output_0
[09/28/2026-23:30:22] [TRT] [V] /model.18/m.0/cv1/act/Sigmoid [Sigmoid] inputs: [/model.18/m.0/cv1/conv/Conv_output_0 -> (1, 64, 40, 40)[FLOAT]], 
[09/28/2026-23:30:22] [TRT] [V] Registering layer: /model.18/m.0/cv1/act/Sigmoid for ONNX node: /model.18/m.0/cv1/act/Sigmoid
[09/28/2026-23:30:22] [TRT] [V] Registering tensor: /model.18/m.0/cv1/act/Sigmoid_output_0 for ONNX tensor: /model.18/m.0/cv1/act/Sigmoid_output_0
[09/28/2026-23:30:22] [TRT] [V] /model.18/m.0/cv1/act/Sigmoid [Sigmoid] outputs: [/model.18/m.0/cv1/act/Sigmoid_output_0 -> (1, 64, 40, 40)[FLOAT]], 
[09/28/2026-23:30:22] [TRT] [V] Static check for parsing node: /model.18/m.0/cv1/act/Mul [Mul]
[09/28/2026-23:30:22] [TRT] [V] Parsing node: /model.18/m.0/cv1/act/Mul [Mul]
[09/28/2026-23:30:22] [TRT] [V] Searching for input: /model.18/m.0/cv1/conv/Conv_output_0
[09/28/2026-23:30:22] [TRT] [V] Searching for input: /model.18/m.0/cv1/act/Sigmoid_output_0
[09/28/2026-23:30:22] [TRT] [V] /model.18/m.0/cv1/act/Mul [Mul] inputs: [/model.18/m.0/cv1/conv/Conv_output_0 -> (1, 64, 40, 40)[FLOAT]], [/model.18/m.0/cv1/act/Sigmoid_output_0 -> (1, 64, 40, 40)[FLOAT]], 
[09/28/2026-23:30:22] [TRT] [V] Registering layer: /model.18/m.0/cv1/act/Mul for ONNX node: /model.18/m.0/cv1/act/Mul
[09/28/2026-23:30:22] [TRT] [V] Registering tensor: /model.18/m.0/cv1/act/Mul_output_0 for ONNX tensor: /model.18/m.0/cv1/act/Mul_output_0
[09/28/2026-23:30:22] [TRT] [V] /model.18/m.0/cv1/act/Mul [Mul] outputs: [/model.18/m.0/cv1/act/Mul_output_0 -> (1, 64, 40, 40)[FLOAT]], 
[09/28/2026-23:30:22] [TRT] [V] Static check for parsing node: /model.18/m.0/cv2/conv/Conv [Conv]
[09/28/2026-23:30:22] [TRT] [V] Parsing node: /model.18/m.0/cv2/conv/Conv [Conv]
[09/28/2026-23:30:22] [TRT] [V] Searching for input: /model.18/m.0/cv1/act/Mul_output_0
[09/28/2026-23:30:22] [TRT] [V] Searching for input: model.18.m.0.cv2.conv.weight
[09/28/2026-23:30:22] [TRT] [V] Searching for input: model.18.m.0.cv2.conv.bias
[09/28/2026-23:30:22] [TRT] [V] /model.18/m.0/cv2/conv/Conv [Conv] inputs: [/model.18/m.0/cv1/act/Mul_output_0 -> (1, 64, 40, 40)[FLOAT]], [model.18.m.0.cv2.conv.weight -> (64, 64, 3, 3)[FLOAT]], [model.18.m.0.cv2.conv.bias -> (64)[FLOAT]], 
[09/28/2026-23:30:22] [TRT] [V] Convolution input dimensions: (1, 64, 40, 40)
[09/28/2026-23:30:22] [TRT] [V] Registering layer: /model.18/m.0/cv2/conv/Conv for ONNX node: /model.18/m.0/cv2/conv/Conv
[09/28/2026-23:30:22] [TRT] [V] Using kernel: (3, 3), strides: (1, 1), prepadding: (1, 1), postpadding: (1, 1), dilations: (1, 1), numOutputs: 64, nbGroups: 1
[09/28/2026-23:30:22] [TRT] [V] Convolution output dimensions: (1, 64, 40, 40)
[09/28/2026-23:30:22] [TRT] [V] Registering tensor: /model.18/m.0/cv2/conv/Conv_output_0 for ONNX tensor: /model.18/m.0/cv2/conv/Conv_output_0
[09/28/2026-23:30:22] [TRT] [V] /model.18/m.0/cv2/conv/Conv [Conv] outputs: [/model.18/m.0/cv2/conv/Conv_output_0 -> (1, 64, 40, 40)[FLOAT]], 
[09/28/2026-23:30:22] [TRT] [V] Static check for parsing node: /model.18/m.0/cv2/act/Sigmoid [Sigmoid]
[09/28/2026-23:30:22] [TRT] [V] Parsing node: /model.18/m.0/cv2/act/Sigmoid [Sigmoid]
[09/28/2026-23:30:22] [TRT] [V] Searching for input: /model.18/m.0/cv2/conv/Conv_output_0
[09/28/2026-23:30:22] [TRT] [V] /model.18/m.0/cv2/act/Sigmoid [Sigmoid] inputs: [/model.18/m.0/cv2/conv/Conv_output_0 -> (1, 64, 40, 40)[FLOAT]], 
[09/28/2026-23:30:22] [TRT] [V] Registering layer: /model.18/m.0/cv2/act/Sigmoid for ONNX node: /model.18/m.0/cv2/act/Sigmoid
[09/28/2026-23:30:22] [TRT] [V] Registering tensor: /model.18/m.0/cv2/act/Sigmoid_output_0 for ONNX tensor: /model.18/m.0/cv2/act/Sigmoid_output_0
[09/28/2026-23:30:22] [TRT] [V] /model.18/m.0/cv2/act/Sigmoid [Sigmoid] outputs: [/model.18/m.0/cv2/act/Sigmoid_output_0 -> (1, 64, 40, 40)[FLOAT]], 
[09/28/2026-23:30:22] [TRT] [V] Static check for parsing node: /model.18/m.0/cv2/act/Mul [Mul]
[09/28/2026-23:30:22] [TRT] [V] Parsing node: /model.18/m.0/cv2/act/Mul [Mul]
[09/28/2026-23:30:22] [TRT] [V] Searching for input: /model.18/m.0/cv2/conv/Conv_output_0
[09/28/2026-23:30:22] [TRT] [V] Searching for input: /model.18/m.0/cv2/act/Sigmoid_output_0
[09/28/2026-23:30:22] [TRT] [V] /model.18/m.0/cv2/act/Mul [Mul] inputs: [/model.18/m.0/cv2/conv/Conv_output_0 -> (1, 64, 40, 40)[FLOAT]], [/model.18/m.0/cv2/act/Sigmoid_output_0 -> (1, 64, 40, 40)[FLOAT]], 
[09/28/2026-23:30:22] [TRT] [V] Registering layer: /model.18/m.0/cv2/act/Mul for ONNX node: /model.18/m.0/cv2/act/Mul
[09/28/2026-23:30:22] [TRT] [V] Registering tensor: /model.18/m.0/cv2/act/Mul_output_0 for ONNX tensor: /model.18/m.0/cv2/act/Mul_output_0
[09/28/2026-23:30:22] [TRT] [V] /model.18/m.0/cv2/act/Mul [Mul] outputs: [/model.18/m.0/cv2/act/Mul_output_0 -> (1, 64, 40, 40)[FLOAT]], 
[09/28/2026-23:30:22] [TRT] [V] Static check for parsing node: /model.18/Concat [Concat]
[09/28/2026-23:30:22] [TRT] [V] Parsing node: /model.18/Concat [Concat]
[09/28/2026-23:30:22] [TRT] [V] Searching for input: /model.18/Split_output_0
[09/28/2026-23:30:22] [TRT] [V] Searching for input: /model.18/Split_output_1
[09/28/2026-23:30:22] [TRT] [V] Searching for input: /model.18/m.0/cv2/act/Mul_output_0
[09/28/2026-23:30:22] [TRT] [V] /model.18/Concat [Concat] inputs: [/model.18/Split_output_0 -> (1, 64, 40, 40)[FLOAT]], [/model.18/Split_output_1 -> (1, 64, 40, 40)[FLOAT]], [/model.18/m.0/cv2/act/Mul_output_0 -> (1, 64, 40, 40)[FLOAT]], 
[09/28/2026-23:30:22] [TRT] [V] Registering layer: /model.18/Concat for ONNX node: /model.18/Concat
[09/28/2026-23:30:22] [TRT] [V] Registering tensor: /model.18/Concat_output_0 for ONNX tensor: /model.18/Concat_output_0
[09/28/2026-23:30:22] [TRT] [V] /model.18/Concat [Concat] outputs: [/model.18/Concat_output_0 -> (1, 192, 40, 40)[FLOAT]], 
[09/28/2026-23:30:22] [TRT] [V] Static check for parsing node: /model.18/cv2/conv/Conv [Conv]
[09/28/2026-23:30:22] [TRT] [V] Parsing node: /model.18/cv2/conv/Conv [Conv]
[09/28/2026-23:30:22] [TRT] [V] Searching for input: /model.18/Concat_output_0
[09/28/2026-23:30:22] [TRT] [V] Searching for input: model.18.cv2.conv.weight
[09/28/2026-23:30:22] [TRT] [V] Searching for input: model.18.cv2.conv.bias
[09/28/2026-23:30:22] [TRT] [V] /model.18/cv2/conv/Conv [Conv] inputs: [/model.18/Concat_output_0 -> (1, 192, 40, 40)[FLOAT]], [model.18.cv2.conv.weight -> (128, 192, 1, 1)[FLOAT]], [model.18.cv2.conv.bias -> (128)[FLOAT]], 
[09/28/2026-23:30:22] [TRT] [V] Convolution input dimensions: (1, 192, 40, 40)
[09/28/2026-23:30:22] [TRT] [V] Registering layer: /model.18/cv2/conv/Conv for ONNX node: /model.18/cv2/conv/Conv
[09/28/2026-23:30:22] [TRT] [V] Using kernel: (1, 1), strides: (1, 1), prepadding: (0, 0), postpadding: (0, 0), dilations: (1, 1), numOutputs: 128, nbGroups: 1
[09/28/2026-23:30:22] [TRT] [V] Convolution output dimensions: (1, 128, 40, 40)
[09/28/2026-23:30:22] [TRT] [V] Registering tensor: /model.18/cv2/conv/Conv_output_0 for ONNX tensor: /model.18/cv2/conv/Conv_output_0
[09/28/2026-23:30:22] [TRT] [V] /model.18/cv2/conv/Conv [Conv] outputs: [/model.18/cv2/conv/Conv_output_0 -> (1, 128, 40, 40)[FLOAT]], 
[09/28/2026-23:30:22] [TRT] [V] Static check for parsing node: /model.18/cv2/act/Sigmoid [Sigmoid]
[09/28/2026-23:30:22] [TRT] [V] Parsing node: /model.18/cv2/act/Sigmoid [Sigmoid]
[09/28/2026-23:30:22] [TRT] [V] Searching for input: /model.18/cv2/conv/Conv_output_0
[09/28/2026-23:30:22] [TRT] [V] /model.18/cv2/act/Sigmoid [Sigmoid] inputs: [/model.18/cv2/conv/Conv_output_0 -> (1, 128, 40, 40)[FLOAT]], 
[09/28/2026-23:30:22] [TRT] [V] Registering layer: /model.18/cv2/act/Sigmoid for ONNX node: /model.18/cv2/act/Sigmoid
[09/28/2026-23:30:22] [TRT] [V] Registering tensor: /model.18/cv2/act/Sigmoid_output_0 for ONNX tensor: /model.18/cv2/act/Sigmoid_output_0
[09/28/2026-23:30:22] [TRT] [V] /model.18/cv2/act/Sigmoid [Sigmoid] outputs: [/model.18/cv2/act/Sigmoid_output_0 -> (1, 128, 40, 40)[FLOAT]], 
[09/28/2026-23:30:22] [TRT] [V] Static check for parsing node: /model.18/cv2/act/Mul [Mul]
[09/28/2026-23:30:22] [TRT] [V] Parsing node: /model.18/cv2/act/Mul [Mul]
[09/28/2026-23:30:22] [TRT] [V] Searching for input: /model.18/cv2/conv/Conv_output_0
[09/28/2026-23:30:22] [TRT] [V] Searching for input: /model.18/cv2/act/Sigmoid_output_0
[09/28/2026-23:30:22] [TRT] [V] /model.18/cv2/act/Mul [Mul] inputs: [/model.18/cv2/conv/Conv_output_0 -> (1, 128, 40, 40)[FLOAT]], [/model.18/cv2/act/Sigmoid_output_0 -> (1, 128, 40, 40)[FLOAT]], 
[09/28/2026-23:30:22] [TRT] [V] Registering layer: /model.18/cv2/act/Mul for ONNX node: /model.18/cv2/act/Mul
[09/28/2026-23:30:22] [TRT] [V] Registering tensor: /model.18/cv2/act/Mul_output_0 for ONNX tensor: /model.18/cv2/act/Mul_output_0
[09/28/2026-23:30:22] [TRT] [V] /model.18/cv2/act/Mul [Mul] outputs: [/model.18/cv2/act/Mul_output_0 -> (1, 128, 40, 40)[FLOAT]], 
[09/28/2026-23:30:22] [TRT] [V] Static check for parsing node: /model.19/conv/Conv [Conv]
[09/28/2026-23:30:22] [TRT] [V] Parsing node: /model.19/conv/Conv [Conv]
[09/28/2026-23:30:22] [TRT] [V] Searching for input: /model.18/cv2/act/Mul_output_0
[09/28/2026-23:30:22] [TRT] [V] Searching for input: model.19.conv.weight
[09/28/2026-23:30:22] [TRT] [V] Searching for input: model.19.conv.bias
[09/28/2026-23:30:22] [TRT] [V] /model.19/conv/Conv [Conv] inputs: [/model.18/cv2/act/Mul_output_0 -> (1, 128, 40, 40)[FLOAT]], [model.19.conv.weight -> (128, 128, 3, 3)[FLOAT]], [model.19.conv.bias -> (128)[FLOAT]], 
[09/28/2026-23:30:22] [TRT] [V] Convolution input dimensions: (1, 128, 40, 40)
[09/28/2026-23:30:22] [TRT] [V] Registering layer: /model.19/conv/Conv for ONNX node: /model.19/conv/Conv
[09/28/2026-23:30:22] [TRT] [V] Using kernel: (3, 3), strides: (2, 2), prepadding: (1, 1), postpadding: (1, 1), dilations: (1, 1), numOutputs: 128, nbGroups: 1
[09/28/2026-23:30:22] [TRT] [V] Convolution output dimensions: (1, 128, 20, 20)
[09/28/2026-23:30:22] [TRT] [V] Registering tensor: /model.19/conv/Conv_output_0 for ONNX tensor: /model.19/conv/Conv_output_0
[09/28/2026-23:30:22] [TRT] [V] /model.19/conv/Conv [Conv] outputs: [/model.19/conv/Conv_output_0 -> (1, 128, 20, 20)[FLOAT]], 
[09/28/2026-23:30:22] [TRT] [V] Static check for parsing node: /model.22/cv2.1/cv2.1.0/conv/Conv [Conv]
[09/28/2026-23:30:22] [TRT] [V] Parsing node: /model.22/cv2.1/cv2.1.0/conv/Conv [Conv]
[09/28/2026-23:30:22] [TRT] [V] Searching for input: /model.18/cv2/act/Mul_output_0
[09/28/2026-23:30:22] [TRT] [V] Searching for input: model.22.cv2.1.0.conv.weight
[09/28/2026-23:30:22] [TRT] [V] Searching for input: model.22.cv2.1.0.conv.bias
[09/28/2026-23:30:22] [TRT] [V] /model.22/cv2.1/cv2.1.0/conv/Conv [Conv] inputs: [/model.18/cv2/act/Mul_output_0 -> (1, 128, 40, 40)[FLOAT]], [model.22.cv2.1.0.conv.weight -> (64, 128, 3, 3)[FLOAT]], [model.22.cv2.1.0.conv.bias -> (64)[FLOAT]], 
[09/28/2026-23:30:22] [TRT] [V] Convolution input dimensions: (1, 128, 40, 40)
[09/28/2026-23:30:22] [TRT] [V] Registering layer: /model.22/cv2.1/cv2.1.0/conv/Conv for ONNX node: /model.22/cv2.1/cv2.1.0/conv/Conv
[09/28/2026-23:30:22] [TRT] [V] Using kernel: (3, 3), strides: (1, 1), prepadding: (1, 1), postpadding: (1, 1), dilations: (1, 1), numOutputs: 64, nbGroups: 1
[09/28/2026-23:30:22] [TRT] [V] Convolution output dimensions: (1, 64, 40, 40)
[09/28/2026-23:30:22] [TRT] [V] Registering tensor: /model.22/cv2.1/cv2.1.0/conv/Conv_output_0 for ONNX tensor: /model.22/cv2.1/cv2.1.0/conv/Conv_output_0
[09/28/2026-23:30:22] [TRT] [V] /model.22/cv2.1/cv2.1.0/conv/Conv [Conv] outputs: [/model.22/cv2.1/cv2.1.0/conv/Conv_output_0 -> (1, 64, 40, 40)[FLOAT]], 
[09/28/2026-23:30:22] [TRT] [V] Static check for parsing node: /model.22/cv3.1/cv3.1.0/conv/Conv [Conv]
[09/28/2026-23:30:22] [TRT] [V] Parsing node: /model.22/cv3.1/cv3.1.0/conv/Conv [Conv]
[09/28/2026-23:30:22] [TRT] [V] Searching for input: /model.18/cv2/act/Mul_output_0
[09/28/2026-23:30:22] [TRT] [V] Searching for input: model.22.cv3.1.0.conv.weight
[09/28/2026-23:30:22] [TRT] [V] Searching for input: model.22.cv3.1.0.conv.bias
[09/28/2026-23:30:22] [TRT] [V] /model.22/cv3.1/cv3.1.0/conv/Conv [Conv] inputs: [/model.18/cv2/act/Mul_output_0 -> (1, 128, 40, 40)[FLOAT]], [model.22.cv3.1.0.conv.weight -> (64, 128, 3, 3)[FLOAT]], [model.22.cv3.1.0.conv.bias -> (64)[FLOAT]], 
[09/28/2026-23:30:22] [TRT] [V] Convolution input dimensions: (1, 128, 40, 40)
[09/28/2026-23:30:22] [TRT] [V] Registering layer: /model.22/cv3.1/cv3.1.0/conv/Conv for ONNX node: /model.22/cv3.1/cv3.1.0/conv/Conv
[09/28/2026-23:30:22] [TRT] [V] Using kernel: (3, 3), strides: (1, 1), prepadding: (1, 1), postpadding: (1, 1), dilations: (1, 1), numOutputs: 64, nbGroups: 1
[09/28/2026-23:30:22] [TRT] [V] Convolution output dimensions: (1, 64, 40, 40)
[09/28/2026-23:30:22] [TRT] [V] Registering tensor: /model.22/cv3.1/cv3.1.0/conv/Conv_output_0 for ONNX tensor: /model.22/cv3.1/cv3.1.0/conv/Conv_output_0
[09/28/2026-23:30:22] [TRT] [V] /model.22/cv3.1/cv3.1.0/conv/Conv [Conv] outputs: [/model.22/cv3.1/cv3.1.0/conv/Conv_output_0 -> (1, 64, 40, 40)[FLOAT]], 
[09/28/2026-23:30:22] [TRT] [V] Static check for parsing node: /model.19/act/Sigmoid [Sigmoid]
[09/28/2026-23:30:22] [TRT] [V] Parsing node: /model.19/act/Sigmoid [Sigmoid]
[09/28/2026-23:30:22] [TRT] [V] Searching for input: /model.19/conv/Conv_output_0
[09/28/2026-23:30:22] [TRT] [V] /model.19/act/Sigmoid [Sigmoid] inputs: [/model.19/conv/Conv_output_0 -> (1, 128, 20, 20)[FLOAT]], 
[09/28/2026-23:30:22] [TRT] [V] Registering layer: /model.19/act/Sigmoid for ONNX node: /model.19/act/Sigmoid
[09/28/2026-23:30:22] [TRT] [V] Registering tensor: /model.19/act/Sigmoid_output_0 for ONNX tensor: /model.19/act/Sigmoid_output_0
[09/28/2026-23:30:22] [TRT] [V] /model.19/act/Sigmoid [Sigmoid] outputs: [/model.19/act/Sigmoid_output_0 -> (1, 128, 20, 20)[FLOAT]], 
[09/28/2026-23:30:22] [TRT] [V] Static check for parsing node: /model.22/cv2.1/cv2.1.0/act/Sigmoid [Sigmoid]
[09/28/2026-23:30:22] [TRT] [V] Parsing node: /model.22/cv2.1/cv2.1.0/act/Sigmoid [Sigmoid]
[09/28/2026-23:30:22] [TRT] [V] Searching for input: /model.22/cv2.1/cv2.1.0/conv/Conv_output_0
[09/28/2026-23:30:22] [TRT] [V] /model.22/cv2.1/cv2.1.0/act/Sigmoid [Sigmoid] inputs: [/model.22/cv2.1/cv2.1.0/conv/Conv_output_0 -> (1, 64, 40, 40)[FLOAT]], 
[09/28/2026-23:30:22] [TRT] [V] Registering layer: /model.22/cv2.1/cv2.1.0/act/Sigmoid for ONNX node: /model.22/cv2.1/cv2.1.0/act/Sigmoid
[09/28/2026-23:30:22] [TRT] [V] Registering tensor: /model.22/cv2.1/cv2.1.0/act/Sigmoid_output_0 for ONNX tensor: /model.22/cv2.1/cv2.1.0/act/Sigmoid_output_0
[09/28/2026-23:30:22] [TRT] [V] /model.22/cv2.1/cv2.1.0/act/Sigmoid [Sigmoid] outputs: [/model.22/cv2.1/cv2.1.0/act/Sigmoid_output_0 -> (1, 64, 40, 40)[FLOAT]], 
[09/28/2026-23:30:22] [TRT] [V] Static check for parsing node: /model.22/cv3.1/cv3.1.0/act/Sigmoid [Sigmoid]
[09/28/2026-23:30:22] [TRT] [V] Parsing node: /model.22/cv3.1/cv3.1.0/act/Sigmoid [Sigmoid]
[09/28/2026-23:30:22] [TRT] [V] Searching for input: /model.22/cv3.1/cv3.1.0/conv/Conv_output_0
[09/28/2026-23:30:22] [TRT] [V] /model.22/cv3.1/cv3.1.0/act/Sigmoid [Sigmoid] inputs: [/model.22/cv3.1/cv3.1.0/conv/Conv_output_0 -> (1, 64, 40, 40)[FLOAT]], 
[09/28/2026-23:30:22] [TRT] [V] Registering layer: /model.22/cv3.1/cv3.1.0/act/Sigmoid for ONNX node: /model.22/cv3.1/cv3.1.0/act/Sigmoid
[09/28/2026-23:30:22] [TRT] [V] Registering tensor: /model.22/cv3.1/cv3.1.0/act/Sigmoid_output_0 for ONNX tensor: /model.22/cv3.1/cv3.1.0/act/Sigmoid_output_0
[09/28/2026-23:30:22] [TRT] [V] /model.22/cv3.1/cv3.1.0/act/Sigmoid [Sigmoid] outputs: [/model.22/cv3.1/cv3.1.0/act/Sigmoid_output_0 -> (1, 64, 40, 40)[FLOAT]], 
[09/28/2026-23:30:22] [TRT] [V] Static check for parsing node: /model.19/act/Mul [Mul]
[09/28/2026-23:30:22] [TRT] [V] Parsing node: /model.19/act/Mul [Mul]
[09/28/2026-23:30:22] [TRT] [V] Searching for input: /model.19/conv/Conv_output_0
[09/28/2026-23:30:22] [TRT] [V] Searching for input: /model.19/act/Sigmoid_output_0
[09/28/2026-23:30:22] [TRT] [V] /model.19/act/Mul [Mul] inputs: [/model.19/conv/Conv_output_0 -> (1, 128, 20, 20)[FLOAT]], [/model.19/act/Sigmoid_output_0 -> (1, 128, 20, 20)[FLOAT]], 
[09/28/2026-23:30:22] [TRT] [V] Registering layer: /model.19/act/Mul for ONNX node: /model.19/act/Mul
[09/28/2026-23:30:22] [TRT] [V] Registering tensor: /model.19/act/Mul_output_0 for ONNX tensor: /model.19/act/Mul_output_0
[09/28/2026-23:30:22] [TRT] [V] /model.19/act/Mul [Mul] outputs: [/model.19/act/Mul_output_0 -> (1, 128, 20, 20)[FLOAT]], 
[09/28/2026-23:30:22] [TRT] [V] Static check for parsing node: /model.22/cv2.1/cv2.1.0/act/Mul [Mul]
[09/28/2026-23:30:22] [TRT] [V] Parsing node: /model.22/cv2.1/cv2.1.0/act/Mul [Mul]
[09/28/2026-23:30:22] [TRT] [V] Searching for input: /model.22/cv2.1/cv2.1.0/conv/Conv_output_0
[09/28/2026-23:30:22] [TRT] [V] Searching for input: /model.22/cv2.1/cv2.1.0/act/Sigmoid_output_0
[09/28/2026-23:30:22] [TRT] [V] /model.22/cv2.1/cv2.1.0/act/Mul [Mul] inputs: [/model.22/cv2.1/cv2.1.0/conv/Conv_output_0 -> (1, 64, 40, 40)[FLOAT]], [/model.22/cv2.1/cv2.1.0/act/Sigmoid_output_0 -> (1, 64, 40, 40)[FLOAT]], 
[09/28/2026-23:30:22] [TRT] [V] Registering layer: /model.22/cv2.1/cv2.1.0/act/Mul for ONNX node: /model.22/cv2.1/cv2.1.0/act/Mul
[09/28/2026-23:30:22] [TRT] [V] Registering tensor: /model.22/cv2.1/cv2.1.0/act/Mul_output_0 for ONNX tensor: /model.22/cv2.1/cv2.1.0/act/Mul_output_0
[09/28/2026-23:30:22] [TRT] [V] /model.22/cv2.1/cv2.1.0/act/Mul [Mul] outputs: [/model.22/cv2.1/cv2.1.0/act/Mul_output_0 -> (1, 64, 40, 40)[FLOAT]], 
[09/28/2026-23:30:22] [TRT] [V] Static check for parsing node: /model.22/cv3.1/cv3.1.0/act/Mul [Mul]
[09/28/2026-23:30:22] [TRT] [V] Parsing node: /model.22/cv3.1/cv3.1.0/act/Mul [Mul]
[09/28/2026-23:30:22] [TRT] [V] Searching for input: /model.22/cv3.1/cv3.1.0/conv/Conv_output_0
[09/28/2026-23:30:22] [TRT] [V] Searching for input: /model.22/cv3.1/cv3.1.0/act/Sigmoid_output_0
[09/28/2026-23:30:22] [TRT] [V] /model.22/cv3.1/cv3.1.0/act/Mul [Mul] inputs: [/model.22/cv3.1/cv3.1.0/conv/Conv_output_0 -> (1, 64, 40, 40)[FLOAT]], [/model.22/cv3.1/cv3.1.0/act/Sigmoid_output_0 -> (1, 64, 40, 40)[FLOAT]], 
[09/28/2026-23:30:22] [TRT] [V] Registering layer: /model.22/cv3.1/cv3.1.0/act/Mul for ONNX node: /model.22/cv3.1/cv3.1.0/act/Mul
[09/28/2026-23:30:22] [TRT] [V] Registering tensor: /model.22/cv3.1/cv3.1.0/act/Mul_output_0 for ONNX tensor: /model.22/cv3.1/cv3.1.0/act/Mul_output_0
[09/28/2026-23:30:22] [TRT] [V] /model.22/cv3.1/cv3.1.0/act/Mul [Mul] outputs: [/model.22/cv3.1/cv3.1.0/act/Mul_output_0 -> (1, 64, 40, 40)[FLOAT]], 
[09/28/2026-23:30:22] [TRT] [V] Static check for parsing node: /model.20/Concat [Concat]
[09/28/2026-23:30:22] [TRT] [V] Parsing node: /model.20/Concat [Concat]
[09/28/2026-23:30:22] [TRT] [V] Searching for input: /model.19/act/Mul_output_0
[09/28/2026-23:30:22] [TRT] [V] Searching for input: /model.9/cv2/act/Mul_output_0
[09/28/2026-23:30:22] [TRT] [V] /model.20/Concat [Concat] inputs: [/model.19/act/Mul_output_0 -> (1, 128, 20, 20)[FLOAT]], [/model.9/cv2/act/Mul_output_0 -> (1, 256, 20, 20)[FLOAT]], 
[09/28/2026-23:30:22] [TRT] [V] Registering layer: /model.20/Concat for ONNX node: /model.20/Concat
[09/28/2026-23:30:22] [TRT] [V] Registering tensor: /model.20/Concat_output_0 for ONNX tensor: /model.20/Concat_output_0
[09/28/2026-23:30:22] [TRT] [V] /model.20/Concat [Concat] outputs: [/model.20/Concat_output_0 -> (1, 384, 20, 20)[FLOAT]], 
[09/28/2026-23:30:22] [TRT] [V] Static check for parsing node: /model.22/cv2.1/cv2.1.1/conv/Conv [Conv]
[09/28/2026-23:30:22] [TRT] [V] Parsing node: /model.22/cv2.1/cv2.1.1/conv/Conv [Conv]
[09/28/2026-23:30:22] [TRT] [V] Searching for input: /model.22/cv2.1/cv2.1.0/act/Mul_output_0
[09/28/2026-23:30:22] [TRT] [V] Searching for input: model.22.cv2.1.1.conv.weight
[09/28/2026-23:30:22] [TRT] [V] Searching for input: model.22.cv2.1.1.conv.bias
[09/28/2026-23:30:22] [TRT] [V] /model.22/cv2.1/cv2.1.1/conv/Conv [Conv] inputs: [/model.22/cv2.1/cv2.1.0/act/Mul_output_0 -> (1, 64, 40, 40)[FLOAT]], [model.22.cv2.1.1.conv.weight -> (64, 64, 3, 3)[FLOAT]], [model.22.cv2.1.1.conv.bias -> (64)[FLOAT]], 
[09/28/2026-23:30:22] [TRT] [V] Convolution input dimensions: (1, 64, 40, 40)
[09/28/2026-23:30:22] [TRT] [V] Registering layer: /model.22/cv2.1/cv2.1.1/conv/Conv for ONNX node: /model.22/cv2.1/cv2.1.1/conv/Conv
[09/28/2026-23:30:22] [TRT] [V] Using kernel: (3, 3), strides: (1, 1), prepadding: (1, 1), postpadding: (1, 1), dilations: (1, 1), numOutputs: 64, nbGroups: 1
[09/28/2026-23:30:22] [TRT] [V] Convolution output dimensions: (1, 64, 40, 40)
[09/28/2026-23:30:22] [TRT] [V] Registering tensor: /model.22/cv2.1/cv2.1.1/conv/Conv_output_0 for ONNX tensor: /model.22/cv2.1/cv2.1.1/conv/Conv_output_0
[09/28/2026-23:30:22] [TRT] [V] /model.22/cv2.1/cv2.1.1/conv/Conv [Conv] outputs: [/model.22/cv2.1/cv2.1.1/conv/Conv_output_0 -> (1, 64, 40, 40)[FLOAT]], 
[09/28/2026-23:30:22] [TRT] [V] Static check for parsing node: /model.22/cv3.1/cv3.1.1/conv/Conv [Conv]
[09/28/2026-23:30:22] [TRT] [V] Parsing node: /model.22/cv3.1/cv3.1.1/conv/Conv [Conv]
[09/28/2026-23:30:22] [TRT] [V] Searching for input: /model.22/cv3.1/cv3.1.0/act/Mul_output_0
[09/28/2026-23:30:22] [TRT] [V] Searching for input: model.22.cv3.1.1.conv.weight
[09/28/2026-23:30:22] [TRT] [V] Searching for input: model.22.cv3.1.1.conv.bias
[09/28/2026-23:30:22] [TRT] [V] /model.22/cv3.1/cv3.1.1/conv/Conv [Conv] inputs: [/model.22/cv3.1/cv3.1.0/act/Mul_output_0 -> (1, 64, 40, 40)[FLOAT]], [model.22.cv3.1.1.conv.weight -> (64, 64, 3, 3)[FLOAT]], [model.22.cv3.1.1.conv.bias -> (64)[FLOAT]], 
[09/28/2026-23:30:22] [TRT] [V] Convolution input dimensions: (1, 64, 40, 40)
[09/28/2026-23:30:22] [TRT] [V] Registering layer: /model.22/cv3.1/cv3.1.1/conv/Conv for ONNX node: /model.22/cv3.1/cv3.1.1/conv/Conv
[09/28/2026-23:30:22] [TRT] [V] Using kernel: (3, 3), strides: (1, 1), prepadding: (1, 1), postpadding: (1, 1), dilations: (1, 1), numOutputs: 64, nbGroups: 1
[09/28/2026-23:30:22] [TRT] [V] Convolution output dimensions: (1, 64, 40, 40)
[09/28/2026-23:30:22] [TRT] [V] Registering tensor: /model.22/cv3.1/cv3.1.1/conv/Conv_output_0 for ONNX tensor: /model.22/cv3.1/cv3.1.1/conv/Conv_output_0
[09/28/2026-23:30:22] [TRT] [V] /model.22/cv3.1/cv3.1.1/conv/Conv [Conv] outputs: [/model.22/cv3.1/cv3.1.1/conv/Conv_output_0 -> (1, 64, 40, 40)[FLOAT]], 
[09/28/2026-23:30:22] [TRT] [V] Static check for parsing node: /model.21/cv1/conv/Conv [Conv]
[09/28/2026-23:30:22] [TRT] [V] Parsing node: /model.21/cv1/conv/Conv [Conv]
[09/28/2026-23:30:22] [TRT] [V] Searching for input: /model.20/Concat_output_0
[09/28/2026-23:30:22] [TRT] [V] Searching for input: model.21.cv1.conv.weight
[09/28/2026-23:30:22] [TRT] [V] Searching for input: model.21.cv1.conv.bias
[09/28/2026-23:30:22] [TRT] [V] /model.21/cv1/conv/Conv [Conv] inputs: [/model.20/Concat_output_0 -> (1, 384, 20, 20)[FLOAT]], [model.21.cv1.conv.weight -> (256, 384, 1, 1)[FLOAT]], [model.21.cv1.conv.bias -> (256)[FLOAT]], 
[09/28/2026-23:30:22] [TRT] [V] Convolution input dimensions: (1, 384, 20, 20)
[09/28/2026-23:30:22] [TRT] [V] Registering layer: /model.21/cv1/conv/Conv for ONNX node: /model.21/cv1/conv/Conv
[09/28/2026-23:30:22] [TRT] [V] Using kernel: (1, 1), strides: (1, 1), prepadding: (0, 0), postpadding: (0, 0), dilations: (1, 1), numOutputs: 256, nbGroups: 1
[09/28/2026-23:30:22] [TRT] [V] Convolution output dimensions: (1, 256, 20, 20)
[09/28/2026-23:30:22] [TRT] [V] Registering tensor: /model.21/cv1/conv/Conv_output_0 for ONNX tensor: /model.21/cv1/conv/Conv_output_0
[09/28/2026-23:30:22] [TRT] [V] /model.21/cv1/conv/Conv [Conv] outputs: [/model.21/cv1/conv/Conv_output_0 -> (1, 256, 20, 20)[FLOAT]], 
[09/28/2026-23:30:22] [TRT] [V] Static check for parsing node: /model.22/cv2.1/cv2.1.1/act/Sigmoid [Sigmoid]
[09/28/2026-23:30:22] [TRT] [V] Parsing node: /model.22/cv2.1/cv2.1.1/act/Sigmoid [Sigmoid]
[09/28/2026-23:30:22] [TRT] [V] Searching for input: /model.22/cv2.1/cv2.1.1/conv/Conv_output_0
[09/28/2026-23:30:22] [TRT] [V] /model.22/cv2.1/cv2.1.1/act/Sigmoid [Sigmoid] inputs: [/model.22/cv2.1/cv2.1.1/conv/Conv_output_0 -> (1, 64, 40, 40)[FLOAT]], 
[09/28/2026-23:30:22] [TRT] [V] Registering layer: /model.22/cv2.1/cv2.1.1/act/Sigmoid for ONNX node: /model.22/cv2.1/cv2.1.1/act/Sigmoid
[09/28/2026-23:30:22] [TRT] [V] Registering tensor: /model.22/cv2.1/cv2.1.1/act/Sigmoid_output_0 for ONNX tensor: /model.22/cv2.1/cv2.1.1/act/Sigmoid_output_0
[09/28/2026-23:30:22] [TRT] [V] /model.22/cv2.1/cv2.1.1/act/Sigmoid [Sigmoid] outputs: [/model.22/cv2.1/cv2.1.1/act/Sigmoid_output_0 -> (1, 64, 40, 40)[FLOAT]], 
[09/28/2026-23:30:22] [TRT] [V] Static check for parsing node: /model.22/cv3.1/cv3.1.1/act/Sigmoid [Sigmoid]
[09/28/2026-23:30:22] [TRT] [V] Parsing node: /model.22/cv3.1/cv3.1.1/act/Sigmoid [Sigmoid]
[09/28/2026-23:30:22] [TRT] [V] Searching for input: /model.22/cv3.1/cv3.1.1/conv/Conv_output_0
[09/28/2026-23:30:22] [TRT] [V] /model.22/cv3.1/cv3.1.1/act/Sigmoid [Sigmoid] inputs: [/model.22/cv3.1/cv3.1.1/conv/Conv_output_0 -> (1, 64, 40, 40)[FLOAT]], 
[09/28/2026-23:30:22] [TRT] [V] Registering layer: /model.22/cv3.1/cv3.1.1/act/Sigmoid for ONNX node: /model.22/cv3.1/cv3.1.1/act/Sigmoid
[09/28/2026-23:30:22] [TRT] [V] Registering tensor: /model.22/cv3.1/cv3.1.1/act/Sigmoid_output_0 for ONNX tensor: /model.22/cv3.1/cv3.1.1/act/Sigmoid_output_0
[09/28/2026-23:30:22] [TRT] [V] /model.22/cv3.1/cv3.1.1/act/Sigmoid [Sigmoid] outputs: [/model.22/cv3.1/cv3.1.1/act/Sigmoid_output_0 -> (1, 64, 40, 40)[FLOAT]], 
[09/28/2026-23:30:22] [TRT] [V] Static check for parsing node: /model.21/cv1/act/Sigmoid [Sigmoid]
[09/28/2026-23:30:22] [TRT] [V] Parsing node: /model.21/cv1/act/Sigmoid [Sigmoid]
[09/28/2026-23:30:22] [TRT] [V] Searching for input: /model.21/cv1/conv/Conv_output_0
[09/28/2026-23:30:22] [TRT] [V] /model.21/cv1/act/Sigmoid [Sigmoid] inputs: [/model.21/cv1/conv/Conv_output_0 -> (1, 256, 20, 20)[FLOAT]], 
[09/28/2026-23:30:22] [TRT] [V] Registering layer: /model.21/cv1/act/Sigmoid for ONNX node: /model.21/cv1/act/Sigmoid
[09/28/2026-23:30:22] [TRT] [V] Registering tensor: /model.21/cv1/act/Sigmoid_output_0 for ONNX tensor: /model.21/cv1/act/Sigmoid_output_0
[09/28/2026-23:30:22] [TRT] [V] /model.21/cv1/act/Sigmoid [Sigmoid] outputs: [/model.21/cv1/act/Sigmoid_output_0 -> (1, 256, 20, 20)[FLOAT]], 
[09/28/2026-23:30:22] [TRT] [V] Static check for parsing node: /model.22/cv2.1/cv2.1.1/act/Mul [Mul]
[09/28/2026-23:30:22] [TRT] [V] Parsing node: /model.22/cv2.1/cv2.1.1/act/Mul [Mul]
[09/28/2026-23:30:22] [TRT] [V] Searching for input: /model.22/cv2.1/cv2.1.1/conv/Conv_output_0
[09/28/2026-23:30:22] [TRT] [V] Searching for input: /model.22/cv2.1/cv2.1.1/act/Sigmoid_output_0
[09/28/2026-23:30:22] [TRT] [V] /model.22/cv2.1/cv2.1.1/act/Mul [Mul] inputs: [/model.22/cv2.1/cv2.1.1/conv/Conv_output_0 -> (1, 64, 40, 40)[FLOAT]], [/model.22/cv2.1/cv2.1.1/act/Sigmoid_output_0 -> (1, 64, 40, 40)[FLOAT]], 
[09/28/2026-23:30:22] [TRT] [V] Registering layer: /model.22/cv2.1/cv2.1.1/act/Mul for ONNX node: /model.22/cv2.1/cv2.1.1/act/Mul
[09/28/2026-23:30:22] [TRT] [V] Registering tensor: /model.22/cv2.1/cv2.1.1/act/Mul_output_0 for ONNX tensor: /model.22/cv2.1/cv2.1.1/act/Mul_output_0
[09/28/2026-23:30:22] [TRT] [V] /model.22/cv2.1/cv2.1.1/act/Mul [Mul] outputs: [/model.22/cv2.1/cv2.1.1/act/Mul_output_0 -> (1, 64, 40, 40)[FLOAT]], 
[09/28/2026-23:30:22] [TRT] [V] Static check for parsing node: /model.22/cv3.1/cv3.1.1/act/Mul [Mul]
[09/28/2026-23:30:22] [TRT] [V] Parsing node: /model.22/cv3.1/cv3.1.1/act/Mul [Mul]
[09/28/2026-23:30:22] [TRT] [V] Searching for input: /model.22/cv3.1/cv3.1.1/conv/Conv_output_0
[09/28/2026-23:30:22] [TRT] [V] Searching for input: /model.22/cv3.1/cv3.1.1/act/Sigmoid_output_0
[09/28/2026-23:30:22] [TRT] [V] /model.22/cv3.1/cv3.1.1/act/Mul [Mul] inputs: [/model.22/cv3.1/cv3.1.1/conv/Conv_output_0 -> (1, 64, 40, 40)[FLOAT]], [/model.22/cv3.1/cv3.1.1/act/Sigmoid_output_0 -> (1, 64, 40, 40)[FLOAT]], 
[09/28/2026-23:30:22] [TRT] [V] Registering layer: /model.22/cv3.1/cv3.1.1/act/Mul for ONNX node: /model.22/cv3.1/cv3.1.1/act/Mul
[09/28/2026-23:30:22] [TRT] [V] Registering tensor: /model.22/cv3.1/cv3.1.1/act/Mul_output_0 for ONNX tensor: /model.22/cv3.1/cv3.1.1/act/Mul_output_0
[09/28/2026-23:30:22] [TRT] [V] /model.22/cv3.1/cv3.1.1/act/Mul [Mul] outputs: [/model.22/cv3.1/cv3.1.1/act/Mul_output_0 -> (1, 64, 40, 40)[FLOAT]], 
[09/28/2026-23:30:22] [TRT] [V] Static check for parsing node: /model.21/cv1/act/Mul [Mul]
[09/28/2026-23:30:22] [TRT] [V] Parsing node: /model.21/cv1/act/Mul [Mul]
[09/28/2026-23:30:22] [TRT] [V] Searching for input: /model.21/cv1/conv/Conv_output_0
[09/28/2026-23:30:22] [TRT] [V] Searching for input: /model.21/cv1/act/Sigmoid_output_0
[09/28/2026-23:30:22] [TRT] [V] /model.21/cv1/act/Mul [Mul] inputs: [/model.21/cv1/conv/Conv_output_0 -> (1, 256, 20, 20)[FLOAT]], [/model.21/cv1/act/Sigmoid_output_0 -> (1, 256, 20, 20)[FLOAT]], 
[09/28/2026-23:30:22] [TRT] [V] Registering layer: /model.21/cv1/act/Mul for ONNX node: /model.21/cv1/act/Mul
[09/28/2026-23:30:22] [TRT] [V] Registering tensor: /model.21/cv1/act/Mul_output_0 for ONNX tensor: /model.21/cv1/act/Mul_output_0
[09/28/2026-23:30:22] [TRT] [V] /model.21/cv1/act/Mul [Mul] outputs: [/model.21/cv1/act/Mul_output_0 -> (1, 256, 20, 20)[FLOAT]], 
[09/28/2026-23:30:22] [TRT] [V] Static check for parsing node: /model.22/cv2.1/cv2.1.2/Conv [Conv]
[09/28/2026-23:30:22] [TRT] [V] Parsing node: /model.22/cv2.1/cv2.1.2/Conv [Conv]
[09/28/2026-23:30:22] [TRT] [V] Searching for input: /model.22/cv2.1/cv2.1.1/act/Mul_output_0
[09/28/2026-23:30:22] [TRT] [V] Searching for input: model.22.cv2.1.2.weight
[09/28/2026-23:30:22] [TRT] [V] Searching for input: model.22.cv2.1.2.bias
[09/28/2026-23:30:22] [TRT] [V] /model.22/cv2.1/cv2.1.2/Conv [Conv] inputs: [/model.22/cv2.1/cv2.1.1/act/Mul_output_0 -> (1, 64, 40, 40)[FLOAT]], [model.22.cv2.1.2.weight -> (64, 64, 1, 1)[FLOAT]], [model.22.cv2.1.2.bias -> (64)[FLOAT]], 
[09/28/2026-23:30:22] [TRT] [V] Convolution input dimensions: (1, 64, 40, 40)
[09/28/2026-23:30:22] [TRT] [V] Registering layer: /model.22/cv2.1/cv2.1.2/Conv for ONNX node: /model.22/cv2.1/cv2.1.2/Conv
[09/28/2026-23:30:22] [TRT] [V] Using kernel: (1, 1), strides: (1, 1), prepadding: (0, 0), postpadding: (0, 0), dilations: (1, 1), numOutputs: 64, nbGroups: 1
[09/28/2026-23:30:22] [TRT] [V] Convolution output dimensions: (1, 64, 40, 40)
[09/28/2026-23:30:22] [TRT] [V] Registering tensor: /model.22/cv2.1/cv2.1.2/Conv_output_0 for ONNX tensor: /model.22/cv2.1/cv2.1.2/Conv_output_0
[09/28/2026-23:30:22] [TRT] [V] /model.22/cv2.1/cv2.1.2/Conv [Conv] outputs: [/model.22/cv2.1/cv2.1.2/Conv_output_0 -> (1, 64, 40, 40)[FLOAT]], 
[09/28/2026-23:30:22] [TRT] [V] Static check for parsing node: /model.22/cv3.1/cv3.1.2/Conv [Conv]
[09/28/2026-23:30:22] [TRT] [V] Parsing node: /model.22/cv3.1/cv3.1.2/Conv [Conv]
[09/28/2026-23:30:22] [TRT] [V] Searching for input: /model.22/cv3.1/cv3.1.1/act/Mul_output_0
[09/28/2026-23:30:22] [TRT] [V] Searching for input: model.22.cv3.1.2.weight
[09/28/2026-23:30:22] [TRT] [V] Searching for input: model.22.cv3.1.2.bias
[09/28/2026-23:30:22] [TRT] [V] /model.22/cv3.1/cv3.1.2/Conv [Conv] inputs: [/model.22/cv3.1/cv3.1.1/act/Mul_output_0 -> (1, 64, 40, 40)[FLOAT]], [model.22.cv3.1.2.weight -> (3, 64, 1, 1)[FLOAT]], [model.22.cv3.1.2.bias -> (3)[FLOAT]], 
[09/28/2026-23:30:22] [TRT] [V] Convolution input dimensions: (1, 64, 40, 40)
[09/28/2026-23:30:22] [TRT] [V] Registering layer: /model.22/cv3.1/cv3.1.2/Conv for ONNX node: /model.22/cv3.1/cv3.1.2/Conv
[09/28/2026-23:30:22] [TRT] [V] Using kernel: (1, 1), strides: (1, 1), prepadding: (0, 0), postpadding: (0, 0), dilations: (1, 1), numOutputs: 3, nbGroups: 1
[09/28/2026-23:30:22] [TRT] [V] Convolution output dimensions: (1, 3, 40, 40)
[09/28/2026-23:30:22] [TRT] [V] Registering tensor: /model.22/cv3.1/cv3.1.2/Conv_output_0 for ONNX tensor: /model.22/cv3.1/cv3.1.2/Conv_output_0
[09/28/2026-23:30:22] [TRT] [V] /model.22/cv3.1/cv3.1.2/Conv [Conv] outputs: [/model.22/cv3.1/cv3.1.2/Conv_output_0 -> (1, 3, 40, 40)[FLOAT]], 
[09/28/2026-23:30:22] [TRT] [V] Static check for parsing node: /model.21/Split [Split]
[09/28/2026-23:30:22] [TRT] [V] Parsing node: /model.21/Split [Split]
[09/28/2026-23:30:22] [TRT] [V] Searching for input: /model.21/cv1/act/Mul_output_0
[09/28/2026-23:30:22] [TRT] [V] Searching for input: onnx::Split_211
[09/28/2026-23:30:22] [TRT] [V] /model.21/Split [Split] inputs: [/model.21/cv1/act/Mul_output_0 -> (1, 256, 20, 20)[FLOAT]], [onnx::Split_211 -> (2)[INT64]], 
[09/28/2026-23:30:22] [TRT] [V] Registering layer: ONNXTRT_ShapeSlice_21 required by ONNX-TRT
[09/28/2026-23:30:22] [TRT] [V] Registering layer: /model.21/Split for ONNX node: /model.21/Split
[09/28/2026-23:30:22] [TRT] [V] Registering layer: ONNXTRT_ShapeSlice_22 required by ONNX-TRT
[09/28/2026-23:30:22] [TRT] [V] Registering layer: /model.21/Split_23 for ONNX node: /model.21/Split
[09/28/2026-23:30:22] [TRT] [V] Registering tensor: /model.21/Split_output_0 for ONNX tensor: /model.21/Split_output_0
[09/28/2026-23:30:22] [TRT] [V] Registering tensor: /model.21/Split_output_1 for ONNX tensor: /model.21/Split_output_1
[09/28/2026-23:30:22] [TRT] [V] /model.21/Split [Split] outputs: [/model.21/Split_output_0 -> (1, 128, 20, 20)[FLOAT]], [/model.21/Split_output_1 -> (1, 128, 20, 20)[FLOAT]], 
[09/28/2026-23:30:22] [TRT] [V] Static check for parsing node: /model.22/Reshape_1 [Reshape]
[09/28/2026-23:30:22] [TRT] [V] Parsing node: /model.22/Reshape_1 [Reshape]
[09/28/2026-23:30:22] [TRT] [V] Searching for input: /model.22/cv2.1/cv2.1.2/Conv_output_0
[09/28/2026-23:30:22] [TRT] [V] Searching for input: /model.22/Constant_output_0
[09/28/2026-23:30:22] [TRT] [V] /model.22/Reshape_1 [Reshape] inputs: [/model.22/cv2.1/cv2.1.2/Conv_output_0 -> (1, 64, 40, 40)[FLOAT]], [/model.22/Constant_output_0 -> (3)[INT64]], 
[09/28/2026-23:30:22] [TRT] [V] Registering layer: ONNXTRT_ShapeShuffle_24 required by ONNX-TRT
[09/28/2026-23:30:22] [TRT] [V] Registering layer: /model.22/Reshape_1 for ONNX node: /model.22/Reshape_1
[09/28/2026-23:30:22] [TRT] [V] Registering tensor: /model.22/Reshape_1_output_0 for ONNX tensor: /model.22/Reshape_1_output_0
[09/28/2026-23:30:22] [TRT] [V] /model.22/Reshape_1 [Reshape] outputs: [/model.22/Reshape_1_output_0 -> (1, 64, 1600)[FLOAT]], 
[09/28/2026-23:30:22] [TRT] [V] Static check for parsing node: /model.22/Reshape_4 [Reshape]
[09/28/2026-23:30:22] [TRT] [V] Parsing node: /model.22/Reshape_4 [Reshape]
[09/28/2026-23:30:22] [TRT] [V] Searching for input: /model.22/cv3.1/cv3.1.2/Conv_output_0
[09/28/2026-23:30:22] [TRT] [V] Searching for input: /model.22/Constant_3_output_0
[09/28/2026-23:30:22] [TRT] [V] /model.22/Reshape_4 [Reshape] inputs: [/model.22/cv3.1/cv3.1.2/Conv_output_0 -> (1, 3, 40, 40)[FLOAT]], [/model.22/Constant_3_output_0 -> (3)[INT64]], 
[09/28/2026-23:30:22] [TRT] [V] Registering layer: ONNXTRT_ShapeShuffle_25 required by ONNX-TRT
[09/28/2026-23:30:22] [TRT] [V] Registering layer: /model.22/Reshape_4 for ONNX node: /model.22/Reshape_4
[09/28/2026-23:30:22] [TRT] [V] Registering tensor: /model.22/Reshape_4_output_0 for ONNX tensor: /model.22/Reshape_4_output_0
[09/28/2026-23:30:22] [TRT] [V] /model.22/Reshape_4 [Reshape] outputs: [/model.22/Reshape_4_output_0 -> (1, 3, 1600)[FLOAT]], 
[09/28/2026-23:30:22] [TRT] [V] Static check for parsing node: /model.21/m.0/cv1/conv/Conv [Conv]
[09/28/2026-23:30:22] [TRT] [V] Parsing node: /model.21/m.0/cv1/conv/Conv [Conv]
[09/28/2026-23:30:22] [TRT] [V] Searching for input: /model.21/Split_output_1
[09/28/2026-23:30:22] [TRT] [V] Searching for input: model.21.m.0.cv1.conv.weight
[09/28/2026-23:30:22] [TRT] [V] Searching for input: model.21.m.0.cv1.conv.bias
[09/28/2026-23:30:22] [TRT] [V] /model.21/m.0/cv1/conv/Conv [Conv] inputs: [/model.21/Split_output_1 -> (1, 128, 20, 20)[FLOAT]], [model.21.m.0.cv1.conv.weight -> (128, 128, 3, 3)[FLOAT]], [model.21.m.0.cv1.conv.bias -> (128)[FLOAT]], 
[09/28/2026-23:30:22] [TRT] [V] Convolution input dimensions: (1, 128, 20, 20)
[09/28/2026-23:30:22] [TRT] [V] Registering layer: /model.21/m.0/cv1/conv/Conv for ONNX node: /model.21/m.0/cv1/conv/Conv
[09/28/2026-23:30:22] [TRT] [V] Using kernel: (3, 3), strides: (1, 1), prepadding: (1, 1), postpadding: (1, 1), dilations: (1, 1), numOutputs: 128, nbGroups: 1
[09/28/2026-23:30:22] [TRT] [V] Convolution output dimensions: (1, 128, 20, 20)
[09/28/2026-23:30:22] [TRT] [V] Registering tensor: /model.21/m.0/cv1/conv/Conv_output_0 for ONNX tensor: /model.21/m.0/cv1/conv/Conv_output_0
[09/28/2026-23:30:22] [TRT] [V] /model.21/m.0/cv1/conv/Conv [Conv] outputs: [/model.21/m.0/cv1/conv/Conv_output_0 -> (1, 128, 20, 20)[FLOAT]], 
[09/28/2026-23:30:22] [TRT] [V] Static check for parsing node: /model.21/m.0/cv1/act/Sigmoid [Sigmoid]
[09/28/2026-23:30:22] [TRT] [V] Parsing node: /model.21/m.0/cv1/act/Sigmoid [Sigmoid]
[09/28/2026-23:30:22] [TRT] [V] Searching for input: /model.21/m.0/cv1/conv/Conv_output_0
[09/28/2026-23:30:22] [TRT] [V] /model.21/m.0/cv1/act/Sigmoid [Sigmoid] inputs: [/model.21/m.0/cv1/conv/Conv_output_0 -> (1, 128, 20, 20)[FLOAT]], 
[09/28/2026-23:30:22] [TRT] [V] Registering layer: /model.21/m.0/cv1/act/Sigmoid for ONNX node: /model.21/m.0/cv1/act/Sigmoid
[09/28/2026-23:30:22] [TRT] [V] Registering tensor: /model.21/m.0/cv1/act/Sigmoid_output_0 for ONNX tensor: /model.21/m.0/cv1/act/Sigmoid_output_0
[09/28/2026-23:30:22] [TRT] [V] /model.21/m.0/cv1/act/Sigmoid [Sigmoid] outputs: [/model.21/m.0/cv1/act/Sigmoid_output_0 -> (1, 128, 20, 20)[FLOAT]], 
[09/28/2026-23:30:22] [TRT] [V] Static check for parsing node: /model.21/m.0/cv1/act/Mul [Mul]
[09/28/2026-23:30:22] [TRT] [V] Parsing node: /model.21/m.0/cv1/act/Mul [Mul]
[09/28/2026-23:30:22] [TRT] [V] Searching for input: /model.21/m.0/cv1/conv/Conv_output_0
[09/28/2026-23:30:22] [TRT] [V] Searching for input: /model.21/m.0/cv1/act/Sigmoid_output_0
[09/28/2026-23:30:22] [TRT] [V] /model.21/m.0/cv1/act/Mul [Mul] inputs: [/model.21/m.0/cv1/conv/Conv_output_0 -> (1, 128, 20, 20)[FLOAT]], [/model.21/m.0/cv1/act/Sigmoid_output_0 -> (1, 128, 20, 20)[FLOAT]], 
[09/28/2026-23:30:22] [TRT] [V] Registering layer: /model.21/m.0/cv1/act/Mul for ONNX node: /model.21/m.0/cv1/act/Mul
[09/28/2026-23:30:22] [TRT] [V] Registering tensor: /model.21/m.0/cv1/act/Mul_output_0 for ONNX tensor: /model.21/m.0/cv1/act/Mul_output_0
[09/28/2026-23:30:22] [TRT] [V] /model.21/m.0/cv1/act/Mul [Mul] outputs: [/model.21/m.0/cv1/act/Mul_output_0 -> (1, 128, 20, 20)[FLOAT]], 
[09/28/2026-23:30:22] [TRT] [V] Static check for parsing node: /model.21/m.0/cv2/conv/Conv [Conv]
[09/28/2026-23:30:22] [TRT] [V] Parsing node: /model.21/m.0/cv2/conv/Conv [Conv]
[09/28/2026-23:30:22] [TRT] [V] Searching for input: /model.21/m.0/cv1/act/Mul_output_0
[09/28/2026-23:30:22] [TRT] [V] Searching for input: model.21.m.0.cv2.conv.weight
[09/28/2026-23:30:22] [TRT] [V] Searching for input: model.21.m.0.cv2.conv.bias
[09/28/2026-23:30:22] [TRT] [V] /model.21/m.0/cv2/conv/Conv [Conv] inputs: [/model.21/m.0/cv1/act/Mul_output_0 -> (1, 128, 20, 20)[FLOAT]], [model.21.m.0.cv2.conv.weight -> (128, 128, 3, 3)[FLOAT]], [model.21.m.0.cv2.conv.bias -> (128)[FLOAT]], 
[09/28/2026-23:30:22] [TRT] [V] Convolution input dimensions: (1, 128, 20, 20)
[09/28/2026-23:30:22] [TRT] [V] Registering layer: /model.21/m.0/cv2/conv/Conv for ONNX node: /model.21/m.0/cv2/conv/Conv
[09/28/2026-23:30:22] [TRT] [V] Using kernel: (3, 3), strides: (1, 1), prepadding: (1, 1), postpadding: (1, 1), dilations: (1, 1), numOutputs: 128, nbGroups: 1
[09/28/2026-23:30:22] [TRT] [V] Convolution output dimensions: (1, 128, 20, 20)
[09/28/2026-23:30:22] [TRT] [V] Registering tensor: /model.21/m.0/cv2/conv/Conv_output_0 for ONNX tensor: /model.21/m.0/cv2/conv/Conv_output_0
[09/28/2026-23:30:22] [TRT] [V] /model.21/m.0/cv2/conv/Conv [Conv] outputs: [/model.21/m.0/cv2/conv/Conv_output_0 -> (1, 128, 20, 20)[FLOAT]], 
[09/28/2026-23:30:22] [TRT] [V] Static check for parsing node: /model.21/m.0/cv2/act/Sigmoid [Sigmoid]
[09/28/2026-23:30:22] [TRT] [V] Parsing node: /model.21/m.0/cv2/act/Sigmoid [Sigmoid]
[09/28/2026-23:30:22] [TRT] [V] Searching for input: /model.21/m.0/cv2/conv/Conv_output_0
[09/28/2026-23:30:22] [TRT] [V] /model.21/m.0/cv2/act/Sigmoid [Sigmoid] inputs: [/model.21/m.0/cv2/conv/Conv_output_0 -> (1, 128, 20, 20)[FLOAT]], 
[09/28/2026-23:30:22] [TRT] [V] Registering layer: /model.21/m.0/cv2/act/Sigmoid for ONNX node: /model.21/m.0/cv2/act/Sigmoid
[09/28/2026-23:30:22] [TRT] [V] Registering tensor: /model.21/m.0/cv2/act/Sigmoid_output_0 for ONNX tensor: /model.21/m.0/cv2/act/Sigmoid_output_0
[09/28/2026-23:30:22] [TRT] [V] /model.21/m.0/cv2/act/Sigmoid [Sigmoid] outputs: [/model.21/m.0/cv2/act/Sigmoid_output_0 -> (1, 128, 20, 20)[FLOAT]], 
[09/28/2026-23:30:22] [TRT] [V] Static check for parsing node: /model.21/m.0/cv2/act/Mul [Mul]
[09/28/2026-23:30:22] [TRT] [V] Parsing node: /model.21/m.0/cv2/act/Mul [Mul]
[09/28/2026-23:30:22] [TRT] [V] Searching for input: /model.21/m.0/cv2/conv/Conv_output_0
[09/28/2026-23:30:22] [TRT] [V] Searching for input: /model.21/m.0/cv2/act/Sigmoid_output_0
[09/28/2026-23:30:22] [TRT] [V] /model.21/m.0/cv2/act/Mul [Mul] inputs: [/model.21/m.0/cv2/conv/Conv_output_0 -> (1, 128, 20, 20)[FLOAT]], [/model.21/m.0/cv2/act/Sigmoid_output_0 -> (1, 128, 20, 20)[FLOAT]], 
[09/28/2026-23:30:22] [TRT] [V] Registering layer: /model.21/m.0/cv2/act/Mul for ONNX node: /model.21/m.0/cv2/act/Mul
[09/28/2026-23:30:22] [TRT] [V] Registering tensor: /model.21/m.0/cv2/act/Mul_output_0 for ONNX tensor: /model.21/m.0/cv2/act/Mul_output_0
[09/28/2026-23:30:22] [TRT] [V] /model.21/m.0/cv2/act/Mul [Mul] outputs: [/model.21/m.0/cv2/act/Mul_output_0 -> (1, 128, 20, 20)[FLOAT]], 
[09/28/2026-23:30:22] [TRT] [V] Static check for parsing node: /model.21/Concat [Concat]
[09/28/2026-23:30:22] [TRT] [V] Parsing node: /model.21/Concat [Concat]
[09/28/2026-23:30:22] [TRT] [V] Searching for input: /model.21/Split_output_0
[09/28/2026-23:30:22] [TRT] [V] Searching for input: /model.21/Split_output_1
[09/28/2026-23:30:22] [TRT] [V] Searching for input: /model.21/m.0/cv2/act/Mul_output_0
[09/28/2026-23:30:22] [TRT] [V] /model.21/Concat [Concat] inputs: [/model.21/Split_output_0 -> (1, 128, 20, 20)[FLOAT]], [/model.21/Split_output_1 -> (1, 128, 20, 20)[FLOAT]], [/model.21/m.0/cv2/act/Mul_output_0 -> (1, 128, 20, 20)[FLOAT]], 
[09/28/2026-23:30:22] [TRT] [V] Registering layer: /model.21/Concat for ONNX node: /model.21/Concat
[09/28/2026-23:30:22] [TRT] [V] Registering tensor: /model.21/Concat_output_0 for ONNX tensor: /model.21/Concat_output_0
[09/28/2026-23:30:22] [TRT] [V] /model.21/Concat [Concat] outputs: [/model.21/Concat_output_0 -> (1, 384, 20, 20)[FLOAT]], 
[09/28/2026-23:30:22] [TRT] [V] Static check for parsing node: /model.21/cv2/conv/Conv [Conv]
[09/28/2026-23:30:22] [TRT] [V] Parsing node: /model.21/cv2/conv/Conv [Conv]
[09/28/2026-23:30:22] [TRT] [V] Searching for input: /model.21/Concat_output_0
[09/28/2026-23:30:22] [TRT] [V] Searching for input: model.21.cv2.conv.weight
[09/28/2026-23:30:22] [TRT] [V] Searching for input: model.21.cv2.conv.bias
[09/28/2026-23:30:22] [TRT] [V] /model.21/cv2/conv/Conv [Conv] inputs: [/model.21/Concat_output_0 -> (1, 384, 20, 20)[FLOAT]], [model.21.cv2.conv.weight -> (256, 384, 1, 1)[FLOAT]], [model.21.cv2.conv.bias -> (256)[FLOAT]], 
[09/28/2026-23:30:22] [TRT] [V] Convolution input dimensions: (1, 384, 20, 20)
[09/28/2026-23:30:22] [TRT] [V] Registering layer: /model.21/cv2/conv/Conv for ONNX node: /model.21/cv2/conv/Conv
[09/28/2026-23:30:22] [TRT] [V] Using kernel: (1, 1), strides: (1, 1), prepadding: (0, 0), postpadding: (0, 0), dilations: (1, 1), numOutputs: 256, nbGroups: 1
[09/28/2026-23:30:22] [TRT] [V] Convolution output dimensions: (1, 256, 20, 20)
[09/28/2026-23:30:22] [TRT] [V] Registering tensor: /model.21/cv2/conv/Conv_output_0 for ONNX tensor: /model.21/cv2/conv/Conv_output_0
[09/28/2026-23:30:22] [TRT] [V] /model.21/cv2/conv/Conv [Conv] outputs: [/model.21/cv2/conv/Conv_output_0 -> (1, 256, 20, 20)[FLOAT]], 
[09/28/2026-23:30:22] [TRT] [V] Static check for parsing node: /model.21/cv2/act/Sigmoid [Sigmoid]
[09/28/2026-23:30:22] [TRT] [V] Parsing node: /model.21/cv2/act/Sigmoid [Sigmoid]
[09/28/2026-23:30:22] [TRT] [V] Searching for input: /model.21/cv2/conv/Conv_output_0
[09/28/2026-23:30:22] [TRT] [V] /model.21/cv2/act/Sigmoid [Sigmoid] inputs: [/model.21/cv2/conv/Conv_output_0 -> (1, 256, 20, 20)[FLOAT]], 
[09/28/2026-23:30:22] [TRT] [V] Registering layer: /model.21/cv2/act/Sigmoid for ONNX node: /model.21/cv2/act/Sigmoid
[09/28/2026-23:30:22] [TRT] [V] Registering tensor: /model.21/cv2/act/Sigmoid_output_0 for ONNX tensor: /model.21/cv2/act/Sigmoid_output_0
[09/28/2026-23:30:22] [TRT] [V] /model.21/cv2/act/Sigmoid [Sigmoid] outputs: [/model.21/cv2/act/Sigmoid_output_0 -> (1, 256, 20, 20)[FLOAT]], 
[09/28/2026-23:30:22] [TRT] [V] Static check for parsing node: /model.21/cv2/act/Mul [Mul]
[09/28/2026-23:30:22] [TRT] [V] Parsing node: /model.21/cv2/act/Mul [Mul]
[09/28/2026-23:30:22] [TRT] [V] Searching for input: /model.21/cv2/conv/Conv_output_0
[09/28/2026-23:30:22] [TRT] [V] Searching for input: /model.21/cv2/act/Sigmoid_output_0
[09/28/2026-23:30:22] [TRT] [V] /model.21/cv2/act/Mul [Mul] inputs: [/model.21/cv2/conv/Conv_output_0 -> (1, 256, 20, 20)[FLOAT]], [/model.21/cv2/act/Sigmoid_output_0 -> (1, 256, 20, 20)[FLOAT]], 
[09/28/2026-23:30:22] [TRT] [V] Registering layer: /model.21/cv2/act/Mul for ONNX node: /model.21/cv2/act/Mul
[09/28/2026-23:30:22] [TRT] [V] Registering tensor: /model.21/cv2/act/Mul_output_0 for ONNX tensor: /model.21/cv2/act/Mul_output_0
[09/28/2026-23:30:22] [TRT] [V] /model.21/cv2/act/Mul [Mul] outputs: [/model.21/cv2/act/Mul_output_0 -> (1, 256, 20, 20)[FLOAT]], 
[09/28/2026-23:30:22] [TRT] [V] Static check for parsing node: /model.22/cv2.2/cv2.2.0/conv/Conv [Conv]
[09/28/2026-23:30:22] [TRT] [V] Parsing node: /model.22/cv2.2/cv2.2.0/conv/Conv [Conv]
[09/28/2026-23:30:22] [TRT] [V] Searching for input: /model.21/cv2/act/Mul_output_0
[09/28/2026-23:30:22] [TRT] [V] Searching for input: model.22.cv2.2.0.conv.weight
[09/28/2026-23:30:22] [TRT] [V] Searching for input: model.22.cv2.2.0.conv.bias
[09/28/2026-23:30:22] [TRT] [V] /model.22/cv2.2/cv2.2.0/conv/Conv [Conv] inputs: [/model.21/cv2/act/Mul_output_0 -> (1, 256, 20, 20)[FLOAT]], [model.22.cv2.2.0.conv.weight -> (64, 256, 3, 3)[FLOAT]], [model.22.cv2.2.0.conv.bias -> (64)[FLOAT]], 
[09/28/2026-23:30:22] [TRT] [V] Convolution input dimensions: (1, 256, 20, 20)
[09/28/2026-23:30:22] [TRT] [V] Registering layer: /model.22/cv2.2/cv2.2.0/conv/Conv for ONNX node: /model.22/cv2.2/cv2.2.0/conv/Conv
[09/28/2026-23:30:22] [TRT] [V] Using kernel: (3, 3), strides: (1, 1), prepadding: (1, 1), postpadding: (1, 1), dilations: (1, 1), numOutputs: 64, nbGroups: 1
[09/28/2026-23:30:22] [TRT] [V] Convolution output dimensions: (1, 64, 20, 20)
[09/28/2026-23:30:22] [TRT] [V] Registering tensor: /model.22/cv2.2/cv2.2.0/conv/Conv_output_0 for ONNX tensor: /model.22/cv2.2/cv2.2.0/conv/Conv_output_0
[09/28/2026-23:30:22] [TRT] [V] /model.22/cv2.2/cv2.2.0/conv/Conv [Conv] outputs: [/model.22/cv2.2/cv2.2.0/conv/Conv_output_0 -> (1, 64, 20, 20)[FLOAT]], 
[09/28/2026-23:30:22] [TRT] [V] Static check for parsing node: /model.22/cv3.2/cv3.2.0/conv/Conv [Conv]
[09/28/2026-23:30:22] [TRT] [V] Parsing node: /model.22/cv3.2/cv3.2.0/conv/Conv [Conv]
[09/28/2026-23:30:22] [TRT] [V] Searching for input: /model.21/cv2/act/Mul_output_0
[09/28/2026-23:30:22] [TRT] [V] Searching for input: model.22.cv3.2.0.conv.weight
[09/28/2026-23:30:22] [TRT] [V] Searching for input: model.22.cv3.2.0.conv.bias
[09/28/2026-23:30:22] [TRT] [V] /model.22/cv3.2/cv3.2.0/conv/Conv [Conv] inputs: [/model.21/cv2/act/Mul_output_0 -> (1, 256, 20, 20)[FLOAT]], [model.22.cv3.2.0.conv.weight -> (64, 256, 3, 3)[FLOAT]], [model.22.cv3.2.0.conv.bias -> (64)[FLOAT]], 
[09/28/2026-23:30:22] [TRT] [V] Convolution input dimensions: (1, 256, 20, 20)
[09/28/2026-23:30:22] [TRT] [V] Registering layer: /model.22/cv3.2/cv3.2.0/conv/Conv for ONNX node: /model.22/cv3.2/cv3.2.0/conv/Conv
[09/28/2026-23:30:22] [TRT] [V] Using kernel: (3, 3), strides: (1, 1), prepadding: (1, 1), postpadding: (1, 1), dilations: (1, 1), numOutputs: 64, nbGroups: 1
[09/28/2026-23:30:22] [TRT] [V] Convolution output dimensions: (1, 64, 20, 20)
[09/28/2026-23:30:22] [TRT] [V] Registering tensor: /model.22/cv3.2/cv3.2.0/conv/Conv_output_0 for ONNX tensor: /model.22/cv3.2/cv3.2.0/conv/Conv_output_0
[09/28/2026-23:30:22] [TRT] [V] /model.22/cv3.2/cv3.2.0/conv/Conv [Conv] outputs: [/model.22/cv3.2/cv3.2.0/conv/Conv_output_0 -> (1, 64, 20, 20)[FLOAT]], 
[09/28/2026-23:30:22] [TRT] [V] Static check for parsing node: /model.22/cv2.2/cv2.2.0/act/Sigmoid [Sigmoid]
[09/28/2026-23:30:22] [TRT] [V] Parsing node: /model.22/cv2.2/cv2.2.0/act/Sigmoid [Sigmoid]
[09/28/2026-23:30:22] [TRT] [V] Searching for input: /model.22/cv2.2/cv2.2.0/conv/Conv_output_0
[09/28/2026-23:30:22] [TRT] [V] /model.22/cv2.2/cv2.2.0/act/Sigmoid [Sigmoid] inputs: [/model.22/cv2.2/cv2.2.0/conv/Conv_output_0 -> (1, 64, 20, 20)[FLOAT]], 
[09/28/2026-23:30:22] [TRT] [V] Registering layer: /model.22/cv2.2/cv2.2.0/act/Sigmoid for ONNX node: /model.22/cv2.2/cv2.2.0/act/Sigmoid
[09/28/2026-23:30:22] [TRT] [V] Registering tensor: /model.22/cv2.2/cv2.2.0/act/Sigmoid_output_0 for ONNX tensor: /model.22/cv2.2/cv2.2.0/act/Sigmoid_output_0
[09/28/2026-23:30:22] [TRT] [V] /model.22/cv2.2/cv2.2.0/act/Sigmoid [Sigmoid] outputs: [/model.22/cv2.2/cv2.2.0/act/Sigmoid_output_0 -> (1, 64, 20, 20)[FLOAT]], 
[09/28/2026-23:30:22] [TRT] [V] Static check for parsing node: /model.22/cv3.2/cv3.2.0/act/Sigmoid [Sigmoid]
[09/28/2026-23:30:22] [TRT] [V] Parsing node: /model.22/cv3.2/cv3.2.0/act/Sigmoid [Sigmoid]
[09/28/2026-23:30:22] [TRT] [V] Searching for input: /model.22/cv3.2/cv3.2.0/conv/Conv_output_0
[09/28/2026-23:30:22] [TRT] [V] /model.22/cv3.2/cv3.2.0/act/Sigmoid [Sigmoid] inputs: [/model.22/cv3.2/cv3.2.0/conv/Conv_output_0 -> (1, 64, 20, 20)[FLOAT]], 
[09/28/2026-23:30:22] [TRT] [V] Registering layer: /model.22/cv3.2/cv3.2.0/act/Sigmoid for ONNX node: /model.22/cv3.2/cv3.2.0/act/Sigmoid
[09/28/2026-23:30:22] [TRT] [V] Registering tensor: /model.22/cv3.2/cv3.2.0/act/Sigmoid_output_0 for ONNX tensor: /model.22/cv3.2/cv3.2.0/act/Sigmoid_output_0
[09/28/2026-23:30:22] [TRT] [V] /model.22/cv3.2/cv3.2.0/act/Sigmoid [Sigmoid] outputs: [/model.22/cv3.2/cv3.2.0/act/Sigmoid_output_0 -> (1, 64, 20, 20)[FLOAT]], 
[09/28/2026-23:30:22] [TRT] [V] Static check for parsing node: /model.22/cv2.2/cv2.2.0/act/Mul [Mul]
[09/28/2026-23:30:22] [TRT] [V] Parsing node: /model.22/cv2.2/cv2.2.0/act/Mul [Mul]
[09/28/2026-23:30:22] [TRT] [V] Searching for input: /model.22/cv2.2/cv2.2.0/conv/Conv_output_0
[09/28/2026-23:30:22] [TRT] [V] Searching for input: /model.22/cv2.2/cv2.2.0/act/Sigmoid_output_0
[09/28/2026-23:30:22] [TRT] [V] /model.22/cv2.2/cv2.2.0/act/Mul [Mul] inputs: [/model.22/cv2.2/cv2.2.0/conv/Conv_output_0 -> (1, 64, 20, 20)[FLOAT]], [/model.22/cv2.2/cv2.2.0/act/Sigmoid_output_0 -> (1, 64, 20, 20)[FLOAT]], 
[09/28/2026-23:30:22] [TRT] [V] Registering layer: /model.22/cv2.2/cv2.2.0/act/Mul for ONNX node: /model.22/cv2.2/cv2.2.0/act/Mul
[09/28/2026-23:30:22] [TRT] [V] Registering tensor: /model.22/cv2.2/cv2.2.0/act/Mul_output_0 for ONNX tensor: /model.22/cv2.2/cv2.2.0/act/Mul_output_0
[09/28/2026-23:30:22] [TRT] [V] /model.22/cv2.2/cv2.2.0/act/Mul [Mul] outputs: [/model.22/cv2.2/cv2.2.0/act/Mul_output_0 -> (1, 64, 20, 20)[FLOAT]], 
[09/28/2026-23:30:22] [TRT] [V] Static check for parsing node: /model.22/cv3.2/cv3.2.0/act/Mul [Mul]
[09/28/2026-23:30:22] [TRT] [V] Parsing node: /model.22/cv3.2/cv3.2.0/act/Mul [Mul]
[09/28/2026-23:30:22] [TRT] [V] Searching for input: /model.22/cv3.2/cv3.2.0/conv/Conv_output_0
[09/28/2026-23:30:22] [TRT] [V] Searching for input: /model.22/cv3.2/cv3.2.0/act/Sigmoid_output_0
[09/28/2026-23:30:22] [TRT] [V] /model.22/cv3.2/cv3.2.0/act/Mul [Mul] inputs: [/model.22/cv3.2/cv3.2.0/conv/Conv_output_0 -> (1, 64, 20, 20)[FLOAT]], [/model.22/cv3.2/cv3.2.0/act/Sigmoid_output_0 -> (1, 64, 20, 20)[FLOAT]], 
[09/28/2026-23:30:22] [TRT] [V] Registering layer: /model.22/cv3.2/cv3.2.0/act/Mul for ONNX node: /model.22/cv3.2/cv3.2.0/act/Mul
[09/28/2026-23:30:22] [TRT] [V] Registering tensor: /model.22/cv3.2/cv3.2.0/act/Mul_output_0 for ONNX tensor: /model.22/cv3.2/cv3.2.0/act/Mul_output_0
[09/28/2026-23:30:22] [TRT] [V] /model.22/cv3.2/cv3.2.0/act/Mul [Mul] outputs: [/model.22/cv3.2/cv3.2.0/act/Mul_output_0 -> (1, 64, 20, 20)[FLOAT]], 
[09/28/2026-23:30:22] [TRT] [V] Static check for parsing node: /model.22/cv2.2/cv2.2.1/conv/Conv [Conv]
[09/28/2026-23:30:22] [TRT] [V] Parsing node: /model.22/cv2.2/cv2.2.1/conv/Conv [Conv]
[09/28/2026-23:30:22] [TRT] [V] Searching for input: /model.22/cv2.2/cv2.2.0/act/Mul_output_0
[09/28/2026-23:30:22] [TRT] [V] Searching for input: model.22.cv2.2.1.conv.weight
[09/28/2026-23:30:22] [TRT] [V] Searching for input: model.22.cv2.2.1.conv.bias
[09/28/2026-23:30:22] [TRT] [V] /model.22/cv2.2/cv2.2.1/conv/Conv [Conv] inputs: [/model.22/cv2.2/cv2.2.0/act/Mul_output_0 -> (1, 64, 20, 20)[FLOAT]], [model.22.cv2.2.1.conv.weight -> (64, 64, 3, 3)[FLOAT]], [model.22.cv2.2.1.conv.bias -> (64)[FLOAT]], 
[09/28/2026-23:30:22] [TRT] [V] Convolution input dimensions: (1, 64, 20, 20)
[09/28/2026-23:30:22] [TRT] [V] Registering layer: /model.22/cv2.2/cv2.2.1/conv/Conv for ONNX node: /model.22/cv2.2/cv2.2.1/conv/Conv
[09/28/2026-23:30:22] [TRT] [V] Using kernel: (3, 3), strides: (1, 1), prepadding: (1, 1), postpadding: (1, 1), dilations: (1, 1), numOutputs: 64, nbGroups: 1
[09/28/2026-23:30:22] [TRT] [V] Convolution output dimensions: (1, 64, 20, 20)
[09/28/2026-23:30:22] [TRT] [V] Registering tensor: /model.22/cv2.2/cv2.2.1/conv/Conv_output_0 for ONNX tensor: /model.22/cv2.2/cv2.2.1/conv/Conv_output_0
[09/28/2026-23:30:22] [TRT] [V] /model.22/cv2.2/cv2.2.1/conv/Conv [Conv] outputs: [/model.22/cv2.2/cv2.2.1/conv/Conv_output_0 -> (1, 64, 20, 20)[FLOAT]], 
[09/28/2026-23:30:22] [TRT] [V] Static check for parsing node: /model.22/cv3.2/cv3.2.1/conv/Conv [Conv]
[09/28/2026-23:30:22] [TRT] [V] Parsing node: /model.22/cv3.2/cv3.2.1/conv/Conv [Conv]
[09/28/2026-23:30:22] [TRT] [V] Searching for input: /model.22/cv3.2/cv3.2.0/act/Mul_output_0
[09/28/2026-23:30:22] [TRT] [V] Searching for input: model.22.cv3.2.1.conv.weight
[09/28/2026-23:30:22] [TRT] [V] Searching for input: model.22.cv3.2.1.conv.bias
[09/28/2026-23:30:22] [TRT] [V] /model.22/cv3.2/cv3.2.1/conv/Conv [Conv] inputs: [/model.22/cv3.2/cv3.2.0/act/Mul_output_0 -> (1, 64, 20, 20)[FLOAT]], [model.22.cv3.2.1.conv.weight -> (64, 64, 3, 3)[FLOAT]], [model.22.cv3.2.1.conv.bias -> (64)[FLOAT]], 
[09/28/2026-23:30:22] [TRT] [V] Convolution input dimensions: (1, 64, 20, 20)
[09/28/2026-23:30:22] [TRT] [V] Registering layer: /model.22/cv3.2/cv3.2.1/conv/Conv for ONNX node: /model.22/cv3.2/cv3.2.1/conv/Conv
[09/28/2026-23:30:22] [TRT] [V] Using kernel: (3, 3), strides: (1, 1), prepadding: (1, 1), postpadding: (1, 1), dilations: (1, 1), numOutputs: 64, nbGroups: 1
[09/28/2026-23:30:22] [TRT] [V] Convolution output dimensions: (1, 64, 20, 20)
[09/28/2026-23:30:22] [TRT] [V] Registering tensor: /model.22/cv3.2/cv3.2.1/conv/Conv_output_0 for ONNX tensor: /model.22/cv3.2/cv3.2.1/conv/Conv_output_0
[09/28/2026-23:30:22] [TRT] [V] /model.22/cv3.2/cv3.2.1/conv/Conv [Conv] outputs: [/model.22/cv3.2/cv3.2.1/conv/Conv_output_0 -> (1, 64, 20, 20)[FLOAT]], 
[09/28/2026-23:30:22] [TRT] [V] Static check for parsing node: /model.22/cv2.2/cv2.2.1/act/Sigmoid [Sigmoid]
[09/28/2026-23:30:22] [TRT] [V] Parsing node: /model.22/cv2.2/cv2.2.1/act/Sigmoid [Sigmoid]
[09/28/2026-23:30:22] [TRT] [V] Searching for input: /model.22/cv2.2/cv2.2.1/conv/Conv_output_0
[09/28/2026-23:30:22] [TRT] [V] /model.22/cv2.2/cv2.2.1/act/Sigmoid [Sigmoid] inputs: [/model.22/cv2.2/cv2.2.1/conv/Conv_output_0 -> (1, 64, 20, 20)[FLOAT]], 
[09/28/2026-23:30:22] [TRT] [V] Registering layer: /model.22/cv2.2/cv2.2.1/act/Sigmoid for ONNX node: /model.22/cv2.2/cv2.2.1/act/Sigmoid
[09/28/2026-23:30:22] [TRT] [V] Registering tensor: /model.22/cv2.2/cv2.2.1/act/Sigmoid_output_0 for ONNX tensor: /model.22/cv2.2/cv2.2.1/act/Sigmoid_output_0
[09/28/2026-23:30:22] [TRT] [V] /model.22/cv2.2/cv2.2.1/act/Sigmoid [Sigmoid] outputs: [/model.22/cv2.2/cv2.2.1/act/Sigmoid_output_0 -> (1, 64, 20, 20)[FLOAT]], 
[09/28/2026-23:30:22] [TRT] [V] Static check for parsing node: /model.22/cv3.2/cv3.2.1/act/Sigmoid [Sigmoid]
[09/28/2026-23:30:22] [TRT] [V] Parsing node: /model.22/cv3.2/cv3.2.1/act/Sigmoid [Sigmoid]
[09/28/2026-23:30:22] [TRT] [V] Searching for input: /model.22/cv3.2/cv3.2.1/conv/Conv_output_0
[09/28/2026-23:30:22] [TRT] [V] /model.22/cv3.2/cv3.2.1/act/Sigmoid [Sigmoid] inputs: [/model.22/cv3.2/cv3.2.1/conv/Conv_output_0 -> (1, 64, 20, 20)[FLOAT]], 
[09/28/2026-23:30:22] [TRT] [V] Registering layer: /model.22/cv3.2/cv3.2.1/act/Sigmoid for ONNX node: /model.22/cv3.2/cv3.2.1/act/Sigmoid
[09/28/2026-23:30:22] [TRT] [V] Registering tensor: /model.22/cv3.2/cv3.2.1/act/Sigmoid_output_0 for ONNX tensor: /model.22/cv3.2/cv3.2.1/act/Sigmoid_output_0
[09/28/2026-23:30:22] [TRT] [V] /model.22/cv3.2/cv3.2.1/act/Sigmoid [Sigmoid] outputs: [/model.22/cv3.2/cv3.2.1/act/Sigmoid_output_0 -> (1, 64, 20, 20)[FLOAT]], 
[09/28/2026-23:30:22] [TRT] [V] Static check for parsing node: /model.22/cv2.2/cv2.2.1/act/Mul [Mul]
[09/28/2026-23:30:22] [TRT] [V] Parsing node: /model.22/cv2.2/cv2.2.1/act/Mul [Mul]
[09/28/2026-23:30:22] [TRT] [V] Searching for input: /model.22/cv2.2/cv2.2.1/conv/Conv_output_0
[09/28/2026-23:30:22] [TRT] [V] Searching for input: /model.22/cv2.2/cv2.2.1/act/Sigmoid_output_0
[09/28/2026-23:30:22] [TRT] [V] /model.22/cv2.2/cv2.2.1/act/Mul [Mul] inputs: [/model.22/cv2.2/cv2.2.1/conv/Conv_output_0 -> (1, 64, 20, 20)[FLOAT]], [/model.22/cv2.2/cv2.2.1/act/Sigmoid_output_0 -> (1, 64, 20, 20)[FLOAT]], 
[09/28/2026-23:30:22] [TRT] [V] Registering layer: /model.22/cv2.2/cv2.2.1/act/Mul for ONNX node: /model.22/cv2.2/cv2.2.1/act/Mul
[09/28/2026-23:30:22] [TRT] [V] Registering tensor: /model.22/cv2.2/cv2.2.1/act/Mul_output_0 for ONNX tensor: /model.22/cv2.2/cv2.2.1/act/Mul_output_0
[09/28/2026-23:30:22] [TRT] [V] /model.22/cv2.2/cv2.2.1/act/Mul [Mul] outputs: [/model.22/cv2.2/cv2.2.1/act/Mul_output_0 -> (1, 64, 20, 20)[FLOAT]], 
[09/28/2026-23:30:22] [TRT] [V] Static check for parsing node: /model.22/cv3.2/cv3.2.1/act/Mul [Mul]
[09/28/2026-23:30:22] [TRT] [V] Parsing node: /model.22/cv3.2/cv3.2.1/act/Mul [Mul]
[09/28/2026-23:30:22] [TRT] [V] Searching for input: /model.22/cv3.2/cv3.2.1/conv/Conv_output_0
[09/28/2026-23:30:22] [TRT] [V] Searching for input: /model.22/cv3.2/cv3.2.1/act/Sigmoid_output_0
[09/28/2026-23:30:22] [TRT] [V] /model.22/cv3.2/cv3.2.1/act/Mul [Mul] inputs: [/model.22/cv3.2/cv3.2.1/conv/Conv_output_0 -> (1, 64, 20, 20)[FLOAT]], [/model.22/cv3.2/cv3.2.1/act/Sigmoid_output_0 -> (1, 64, 20, 20)[FLOAT]], 
[09/28/2026-23:30:22] [TRT] [V] Registering layer: /model.22/cv3.2/cv3.2.1/act/Mul for ONNX node: /model.22/cv3.2/cv3.2.1/act/Mul
[09/28/2026-23:30:22] [TRT] [V] Registering tensor: /model.22/cv3.2/cv3.2.1/act/Mul_output_0 for ONNX tensor: /model.22/cv3.2/cv3.2.1/act/Mul_output_0
[09/28/2026-23:30:22] [TRT] [V] /model.22/cv3.2/cv3.2.1/act/Mul [Mul] outputs: [/model.22/cv3.2/cv3.2.1/act/Mul_output_0 -> (1, 64, 20, 20)[FLOAT]], 
[09/28/2026-23:30:22] [TRT] [V] Static check for parsing node: /model.22/cv2.2/cv2.2.2/Conv [Conv]
[09/28/2026-23:30:22] [TRT] [V] Parsing node: /model.22/cv2.2/cv2.2.2/Conv [Conv]
[09/28/2026-23:30:22] [TRT] [V] Searching for input: /model.22/cv2.2/cv2.2.1/act/Mul_output_0
[09/28/2026-23:30:22] [TRT] [V] Searching for input: model.22.cv2.2.2.weight
[09/28/2026-23:30:22] [TRT] [V] Searching for input: model.22.cv2.2.2.bias
[09/28/2026-23:30:22] [TRT] [V] /model.22/cv2.2/cv2.2.2/Conv [Conv] inputs: [/model.22/cv2.2/cv2.2.1/act/Mul_output_0 -> (1, 64, 20, 20)[FLOAT]], [model.22.cv2.2.2.weight -> (64, 64, 1, 1)[FLOAT]], [model.22.cv2.2.2.bias -> (64)[FLOAT]], 
[09/28/2026-23:30:22] [TRT] [V] Convolution input dimensions: (1, 64, 20, 20)
[09/28/2026-23:30:22] [TRT] [V] Registering layer: /model.22/cv2.2/cv2.2.2/Conv for ONNX node: /model.22/cv2.2/cv2.2.2/Conv
[09/28/2026-23:30:22] [TRT] [V] Using kernel: (1, 1), strides: (1, 1), prepadding: (0, 0), postpadding: (0, 0), dilations: (1, 1), numOutputs: 64, nbGroups: 1
[09/28/2026-23:30:22] [TRT] [V] Convolution output dimensions: (1, 64, 20, 20)
[09/28/2026-23:30:22] [TRT] [V] Registering tensor: /model.22/cv2.2/cv2.2.2/Conv_output_0 for ONNX tensor: /model.22/cv2.2/cv2.2.2/Conv_output_0
[09/28/2026-23:30:22] [TRT] [V] /model.22/cv2.2/cv2.2.2/Conv [Conv] outputs: [/model.22/cv2.2/cv2.2.2/Conv_output_0 -> (1, 64, 20, 20)[FLOAT]], 
[09/28/2026-23:30:22] [TRT] [V] Static check for parsing node: /model.22/cv3.2/cv3.2.2/Conv [Conv]
[09/28/2026-23:30:22] [TRT] [V] Parsing node: /model.22/cv3.2/cv3.2.2/Conv [Conv]
[09/28/2026-23:30:22] [TRT] [V] Searching for input: /model.22/cv3.2/cv3.2.1/act/Mul_output_0
[09/28/2026-23:30:22] [TRT] [V] Searching for input: model.22.cv3.2.2.weight
[09/28/2026-23:30:22] [TRT] [V] Searching for input: model.22.cv3.2.2.bias
[09/28/2026-23:30:22] [TRT] [V] /model.22/cv3.2/cv3.2.2/Conv [Conv] inputs: [/model.22/cv3.2/cv3.2.1/act/Mul_output_0 -> (1, 64, 20, 20)[FLOAT]], [model.22.cv3.2.2.weight -> (3, 64, 1, 1)[FLOAT]], [model.22.cv3.2.2.bias -> (3)[FLOAT]], 
[09/28/2026-23:30:22] [TRT] [V] Convolution input dimensions: (1, 64, 20, 20)
[09/28/2026-23:30:22] [TRT] [V] Registering layer: /model.22/cv3.2/cv3.2.2/Conv for ONNX node: /model.22/cv3.2/cv3.2.2/Conv
[09/28/2026-23:30:22] [TRT] [V] Using kernel: (1, 1), strides: (1, 1), prepadding: (0, 0), postpadding: (0, 0), dilations: (1, 1), numOutputs: 3, nbGroups: 1
[09/28/2026-23:30:22] [TRT] [V] Convolution output dimensions: (1, 3, 20, 20)
[09/28/2026-23:30:22] [TRT] [V] Registering tensor: /model.22/cv3.2/cv3.2.2/Conv_output_0 for ONNX tensor: /model.22/cv3.2/cv3.2.2/Conv_output_0
[09/28/2026-23:30:22] [TRT] [V] /model.22/cv3.2/cv3.2.2/Conv [Conv] outputs: [/model.22/cv3.2/cv3.2.2/Conv_output_0 -> (1, 3, 20, 20)[FLOAT]], 
[09/28/2026-23:30:22] [TRT] [V] Static check for parsing node: /model.22/Reshape_2 [Reshape]
[09/28/2026-23:30:22] [TRT] [V] Parsing node: /model.22/Reshape_2 [Reshape]
[09/28/2026-23:30:22] [TRT] [V] Searching for input: /model.22/cv2.2/cv2.2.2/Conv_output_0
[09/28/2026-23:30:22] [TRT] [V] Searching for input: /model.22/Constant_output_0
[09/28/2026-23:30:22] [TRT] [V] /model.22/Reshape_2 [Reshape] inputs: [/model.22/cv2.2/cv2.2.2/Conv_output_0 -> (1, 64, 20, 20)[FLOAT]], [/model.22/Constant_output_0 -> (3)[INT64]], 
[09/28/2026-23:30:22] [TRT] [V] Registering layer: ONNXTRT_ShapeShuffle_26 required by ONNX-TRT
[09/28/2026-23:30:22] [TRT] [V] Registering layer: /model.22/Reshape_2 for ONNX node: /model.22/Reshape_2
[09/28/2026-23:30:22] [TRT] [V] Registering tensor: /model.22/Reshape_2_output_0 for ONNX tensor: /model.22/Reshape_2_output_0
[09/28/2026-23:30:22] [TRT] [V] /model.22/Reshape_2 [Reshape] outputs: [/model.22/Reshape_2_output_0 -> (1, 64, 400)[FLOAT]], 
[09/28/2026-23:30:22] [TRT] [V] Static check for parsing node: /model.22/Reshape_5 [Reshape]
[09/28/2026-23:30:22] [TRT] [V] Parsing node: /model.22/Reshape_5 [Reshape]
[09/28/2026-23:30:22] [TRT] [V] Searching for input: /model.22/cv3.2/cv3.2.2/Conv_output_0
[09/28/2026-23:30:22] [TRT] [V] Searching for input: /model.22/Constant_3_output_0
[09/28/2026-23:30:22] [TRT] [V] /model.22/Reshape_5 [Reshape] inputs: [/model.22/cv3.2/cv3.2.2/Conv_output_0 -> (1, 3, 20, 20)[FLOAT]], [/model.22/Constant_3_output_0 -> (3)[INT64]], 
[09/28/2026-23:30:22] [TRT] [V] Registering layer: ONNXTRT_ShapeShuffle_27 required by ONNX-TRT
[09/28/2026-23:30:22] [TRT] [V] Registering layer: /model.22/Reshape_5 for ONNX node: /model.22/Reshape_5
[09/28/2026-23:30:22] [TRT] [V] Registering tensor: /model.22/Reshape_5_output_0 for ONNX tensor: /model.22/Reshape_5_output_0
[09/28/2026-23:30:22] [TRT] [V] /model.22/Reshape_5 [Reshape] outputs: [/model.22/Reshape_5_output_0 -> (1, 3, 400)[FLOAT]], 
[09/28/2026-23:30:22] [TRT] [V] Static check for parsing node: /model.22/Concat [Concat]
[09/28/2026-23:30:22] [TRT] [V] Parsing node: /model.22/Concat [Concat]
[09/28/2026-23:30:22] [TRT] [V] Searching for input: /model.22/Reshape_output_0
[09/28/2026-23:30:22] [TRT] [V] Searching for input: /model.22/Reshape_1_output_0
[09/28/2026-23:30:22] [TRT] [V] Searching for input: /model.22/Reshape_2_output_0
[09/28/2026-23:30:22] [TRT] [V] /model.22/Concat [Concat] inputs: [/model.22/Reshape_output_0 -> (1, 64, 6400)[FLOAT]], [/model.22/Reshape_1_output_0 -> (1, 64, 1600)[FLOAT]], [/model.22/Reshape_2_output_0 -> (1, 64, 400)[FLOAT]], 
[09/28/2026-23:30:22] [TRT] [V] Registering layer: /model.22/Concat for ONNX node: /model.22/Concat
[09/28/2026-23:30:22] [TRT] [V] Registering tensor: /model.22/Concat_output_0 for ONNX tensor: /model.22/Concat_output_0
[09/28/2026-23:30:22] [TRT] [V] /model.22/Concat [Concat] outputs: [/model.22/Concat_output_0 -> (1, 64, 8400)[FLOAT]], 
[09/28/2026-23:30:22] [TRT] [V] Static check for parsing node: /model.22/Concat_1 [Concat]
[09/28/2026-23:30:22] [TRT] [V] Parsing node: /model.22/Concat_1 [Concat]
[09/28/2026-23:30:22] [TRT] [V] Searching for input: /model.22/Reshape_3_output_0
[09/28/2026-23:30:22] [TRT] [V] Searching for input: /model.22/Reshape_4_output_0
[09/28/2026-23:30:22] [TRT] [V] Searching for input: /model.22/Reshape_5_output_0
[09/28/2026-23:30:22] [TRT] [V] /model.22/Concat_1 [Concat] inputs: [/model.22/Reshape_3_output_0 -> (1, 3, 6400)[FLOAT]], [/model.22/Reshape_4_output_0 -> (1, 3, 1600)[FLOAT]], [/model.22/Reshape_5_output_0 -> (1, 3, 400)[FLOAT]], 
[09/28/2026-23:30:22] [TRT] [V] Registering layer: /model.22/Concat_1 for ONNX node: /model.22/Concat_1
[09/28/2026-23:30:22] [TRT] [V] Registering tensor: /model.22/Concat_1_output_0 for ONNX tensor: /model.22/Concat_1_output_0
[09/28/2026-23:30:22] [TRT] [V] /model.22/Concat_1 [Concat] outputs: [/model.22/Concat_1_output_0 -> (1, 3, 8400)[FLOAT]], 
[09/28/2026-23:30:22] [TRT] [V] Static check for parsing node: /model.22/dfl/Reshape [Reshape]
[09/28/2026-23:30:22] [TRT] [V] Parsing node: /model.22/dfl/Reshape [Reshape]
[09/28/2026-23:30:22] [TRT] [V] Searching for input: /model.22/Concat_output_0
[09/28/2026-23:30:22] [TRT] [V] Searching for input: /model.22/dfl/Constant_output_0
[09/28/2026-23:30:22] [TRT] [V] /model.22/dfl/Reshape [Reshape] inputs: [/model.22/Concat_output_0 -> (1, 64, 8400)[FLOAT]], [/model.22/dfl/Constant_output_0 -> (4)[INT64]], 
[09/28/2026-23:30:22] [TRT] [V] Registering layer: ONNXTRT_ShapeShuffle_28 required by ONNX-TRT
[09/28/2026-23:30:22] [TRT] [V] Registering layer: /model.22/dfl/Reshape for ONNX node: /model.22/dfl/Reshape
[09/28/2026-23:30:22] [TRT] [V] Registering tensor: /model.22/dfl/Reshape_output_0 for ONNX tensor: /model.22/dfl/Reshape_output_0
[09/28/2026-23:30:22] [TRT] [V] /model.22/dfl/Reshape [Reshape] outputs: [/model.22/dfl/Reshape_output_0 -> (1, 4, 16, 8400)[FLOAT]], 
[09/28/2026-23:30:22] [TRT] [V] Static check for parsing node: /model.22/Sigmoid [Sigmoid]
[09/28/2026-23:30:22] [TRT] [V] Parsing node: /model.22/Sigmoid [Sigmoid]
[09/28/2026-23:30:22] [TRT] [V] Searching for input: /model.22/Concat_1_output_0
[09/28/2026-23:30:22] [TRT] [V] /model.22/Sigmoid [Sigmoid] inputs: [/model.22/Concat_1_output_0 -> (1, 3, 8400)[FLOAT]], 
[09/28/2026-23:30:22] [TRT] [V] Registering layer: /model.22/Sigmoid for ONNX node: /model.22/Sigmoid
[09/28/2026-23:30:22] [TRT] [V] Registering tensor: /model.22/Sigmoid_output_0 for ONNX tensor: /model.22/Sigmoid_output_0
[09/28/2026-23:30:22] [TRT] [V] /model.22/Sigmoid [Sigmoid] outputs: [/model.22/Sigmoid_output_0 -> (1, 3, 8400)[FLOAT]], 
[09/28/2026-23:30:22] [TRT] [V] Static check for parsing node: /model.22/dfl/Transpose [Transpose]
[09/28/2026-23:30:22] [TRT] [V] Parsing node: /model.22/dfl/Transpose [Transpose]
[09/28/2026-23:30:22] [TRT] [V] Searching for input: /model.22/dfl/Reshape_output_0
[09/28/2026-23:30:22] [TRT] [V] /model.22/dfl/Transpose [Transpose] inputs: [/model.22/dfl/Reshape_output_0 -> (1, 4, 16, 8400)[FLOAT]], 
[09/28/2026-23:30:22] [TRT] [V] Registering layer: /model.22/dfl/Transpose for ONNX node: /model.22/dfl/Transpose
[09/28/2026-23:30:22] [TRT] [V] Registering tensor: /model.22/dfl/Transpose_output_0 for ONNX tensor: /model.22/dfl/Transpose_output_0
[09/28/2026-23:30:22] [TRT] [V] /model.22/dfl/Transpose [Transpose] outputs: [/model.22/dfl/Transpose_output_0 -> (1, 16, 4, 8400)[FLOAT]], 
[09/28/2026-23:30:22] [TRT] [V] Static check for parsing node: /model.22/dfl/Softmax [Softmax]
[09/28/2026-23:30:22] [TRT] [V] Parsing node: /model.22/dfl/Softmax [Softmax]
[09/28/2026-23:30:22] [TRT] [V] Searching for input: /model.22/dfl/Transpose_output_0
[09/28/2026-23:30:22] [TRT] [V] /model.22/dfl/Softmax [Softmax] inputs: [/model.22/dfl/Transpose_output_0 -> (1, 16, 4, 8400)[FLOAT]], 
[09/28/2026-23:30:22] [TRT] [V] Registering layer: /model.22/dfl/Softmax for ONNX node: /model.22/dfl/Softmax
[09/28/2026-23:30:22] [TRT] [V] Registering layer: ONNXTRT_ShapeShuffle_29 required by ONNX-TRT
[09/28/2026-23:30:22] [TRT] [V] Registering tensor: /model.22/dfl/Softmax_output_0 for ONNX tensor: /model.22/dfl/Softmax_output_0
[09/28/2026-23:30:22] [TRT] [V] /model.22/dfl/Softmax [Softmax] outputs: [/model.22/dfl/Softmax_output_0 -> (1, 16, 4, 8400)[FLOAT]], 
[09/28/2026-23:30:22] [TRT] [V] Static check for parsing node: /model.22/dfl/conv/Conv [Conv]
[09/28/2026-23:30:22] [TRT] [V] Parsing node: /model.22/dfl/conv/Conv [Conv]
[09/28/2026-23:30:22] [TRT] [V] Searching for input: /model.22/dfl/Softmax_output_0
[09/28/2026-23:30:22] [TRT] [V] Searching for input: model.22.dfl.conv.weight
[09/28/2026-23:30:22] [TRT] [V] /model.22/dfl/conv/Conv [Conv] inputs: [/model.22/dfl/Softmax_output_0 -> (1, 16, 4, 8400)[FLOAT]], [model.22.dfl.conv.weight -> (1, 16, 1, 1)[FLOAT]], 
[09/28/2026-23:30:22] [TRT] [V] Convolution input dimensions: (1, 16, 4, 8400)
[09/28/2026-23:30:22] [TRT] [V] Registering layer: /model.22/dfl/conv/Conv for ONNX node: /model.22/dfl/conv/Conv
[09/28/2026-23:30:22] [TRT] [V] Using kernel: (1, 1), strides: (1, 1), prepadding: (0, 0), postpadding: (0, 0), dilations: (1, 1), numOutputs: 1, nbGroups: 1
[09/28/2026-23:30:22] [TRT] [V] Convolution output dimensions: (1, 1, 4, 8400)
[09/28/2026-23:30:22] [TRT] [V] Registering tensor: /model.22/dfl/conv/Conv_output_0 for ONNX tensor: /model.22/dfl/conv/Conv_output_0
[09/28/2026-23:30:22] [TRT] [V] /model.22/dfl/conv/Conv [Conv] outputs: [/model.22/dfl/conv/Conv_output_0 -> (1, 1, 4, 8400)[FLOAT]], 
[09/28/2026-23:30:22] [TRT] [V] Static check for parsing node: /model.22/dfl/Reshape_1 [Reshape]
[09/28/2026-23:30:22] [TRT] [V] Parsing node: /model.22/dfl/Reshape_1 [Reshape]
[09/28/2026-23:30:22] [TRT] [V] Searching for input: /model.22/dfl/conv/Conv_output_0
[09/28/2026-23:30:22] [TRT] [V] Searching for input: /model.22/dfl/Constant_1_output_0
[09/28/2026-23:30:22] [TRT] [V] /model.22/dfl/Reshape_1 [Reshape] inputs: [/model.22/dfl/conv/Conv_output_0 -> (1, 1, 4, 8400)[FLOAT]], [/model.22/dfl/Constant_1_output_0 -> (3)[INT64]], 
[09/28/2026-23:30:22] [TRT] [V] Registering layer: ONNXTRT_ShapeShuffle_30 required by ONNX-TRT
[09/28/2026-23:30:22] [TRT] [V] Registering layer: /model.22/dfl/Reshape_1 for ONNX node: /model.22/dfl/Reshape_1
[09/28/2026-23:30:22] [TRT] [V] Registering tensor: /model.22/dfl/Reshape_1_output_0 for ONNX tensor: /model.22/dfl/Reshape_1_output_0
[09/28/2026-23:30:22] [TRT] [V] /model.22/dfl/Reshape_1 [Reshape] outputs: [/model.22/dfl/Reshape_1_output_0 -> (1, 4, 8400)[FLOAT]], 
[09/28/2026-23:30:22] [TRT] [V] Static check for parsing node: /model.22/Slice [Slice]
[09/28/2026-23:30:22] [TRT] [V] Parsing node: /model.22/Slice [Slice]
[09/28/2026-23:30:22] [TRT] [V] Searching for input: /model.22/dfl/Reshape_1_output_0
[09/28/2026-23:30:22] [TRT] [V] Searching for input: /model.22/Constant_7_output_0
[09/28/2026-23:30:22] [TRT] [V] Searching for input: /model.22/Mul_output_0
[09/28/2026-23:30:22] [TRT] [V] Searching for input: /model.22/Constant_6_output_0
[09/28/2026-23:30:22] [TRT] [V] /model.22/Slice [Slice] inputs: [/model.22/dfl/Reshape_1_output_0 -> (1, 4, 8400)[FLOAT]], [/model.22/Constant_7_output_0 -> (1)[INT64]], [/model.22/Mul_output_0 -> (1)[INT64]], [/model.22/Constant_6_output_0 -> (1)[INT64]], 
[09/28/2026-23:30:22] [TRT] [V] Registering layer: /model.22/Constant_7_output_0 required by ONNX-TRT
[09/28/2026-23:30:22] [TRT] [V] Registering layer: ONNXTRT_castHelper required by ONNX-TRT
[09/28/2026-23:30:22] [TRT] [V] Registering layer: /model.22/Mul_output_0 required by ONNX-TRT
[09/28/2026-23:30:22] [TRT] [V] Registering layer: ONNXTRT_castHelper_31 required by ONNX-TRT
[09/28/2026-23:30:22] [TRT] [V] Registering layer: ONNXTRT_ShapeTensorFromDims required by ONNX-TRT
[09/28/2026-23:30:22] [TRT] [V] Registering layer: ONNXTRT_ShapeElementWise required by ONNX-TRT
[09/28/2026-23:30:22] [TRT] [V] Registering layer: ONNXTRT_ShapeTensorFromDims_33 required by ONNX-TRT
[09/28/2026-23:30:22] [TRT] [V] Registering layer: ONNXTRT_ShapeElementWise_34 required by ONNX-TRT
[09/28/2026-23:30:22] [TRT] [V] Registering layer: ONNXTRT_ShapeTensorFromDims_36 required by ONNX-TRT
[09/28/2026-23:30:22] [TRT] [V] Registering layer: ONNXTRT_ShapeElementWise_37 required by ONNX-TRT
[09/28/2026-23:30:22] [TRT] [V] Registering layer: ONNXTRT_ShapeElementWise_38 required by ONNX-TRT
[09/28/2026-23:30:22] [TRT] [V] Registering layer: ONNXTRT_ShapeTensorFromDims_40 required by ONNX-TRT
[09/28/2026-23:30:22] [TRT] [V] Registering layer: ONNXTRT_ShapeElementWise_41 required by ONNX-TRT
[09/28/2026-23:30:22] [TRT] [V] Registering layer: ONNXTRT_ShapeElementWise_42 required by ONNX-TRT
[09/28/2026-23:30:22] [TRT] [V] Registering layer: ONNXTRT_ShapeTensorFromDims_44 required by ONNX-TRT
[09/28/2026-23:30:22] [TRT] [V] Registering layer: ONNXTRT_ShapeElementWise_45 required by ONNX-TRT
[09/28/2026-23:30:22] [TRT] [V] Registering layer: ONNXTRT_ShapeTensorFromDims_47 required by ONNX-TRT
[09/28/2026-23:30:22] [TRT] [V] Registering layer: ONNXTRT_ShapeElementWise_48 required by ONNX-TRT
[09/28/2026-23:30:22] [TRT] [V] Registering layer: ONNXTRT_ShapeElementWise_49 required by ONNX-TRT
[09/28/2026-23:30:22] [TRT] [V] Registering layer: ONNXTRT_ShapeElementWise_50 required by ONNX-TRT
[09/28/2026-23:30:22] [TRT] [V] Registering layer: ONNXTRT_ShapeTensorFromDims_52 required by ONNX-TRT
[09/28/2026-23:30:22] [TRT] [V] Registering layer: ONNXTRT_ShapeElementWise_53 required by ONNX-TRT
[09/28/2026-23:30:22] [TRT] [V] Registering layer: ONNXTRT_ShapeElementWise_54 required by ONNX-TRT
[09/28/2026-23:30:22] [TRT] [V] Registering layer: ONNXTRT_ShapeElementWise_55 required by ONNX-TRT
[09/28/2026-23:30:22] [TRT] [V] Registering layer: ONNXTRT_ShapeTensorFromDims_57 required by ONNX-TRT
[09/28/2026-23:30:22] [TRT] [V] Registering layer: ONNXTRT_ShapeElementWise_58 required by ONNX-TRT
[09/28/2026-23:30:22] [TRT] [V] Registering layer: ONNXTRT_ShapeSlice_59 required by ONNX-TRT
[09/28/2026-23:30:22] [TRT] [V] Registering layer: /model.22/Slice for ONNX node: /model.22/Slice
[09/28/2026-23:30:22] [TRT] [V] Registering tensor: /model.22/Slice_output_0 for ONNX tensor: /model.22/Slice_output_0
[09/28/2026-23:30:22] [TRT] [V] /model.22/Slice [Slice] outputs: [/model.22/Slice_output_0 -> (1, 2, 8400)[FLOAT]], 
[09/28/2026-23:30:22] [TRT] [V] Static check for parsing node: /model.22/Slice_1 [Slice]
[09/28/2026-23:30:22] [TRT] [V] Parsing node: /model.22/Slice_1 [Slice]
[09/28/2026-23:30:22] [TRT] [V] Searching for input: /model.22/dfl/Reshape_1_output_0
[09/28/2026-23:30:22] [TRT] [V] Searching for input: /model.22/Mul_output_0
[09/28/2026-23:30:22] [TRT] [V] Searching for input: /model.22/Mul_1_output_0
[09/28/2026-23:30:22] [TRT] [V] Searching for input: /model.22/Constant_6_output_0
[09/28/2026-23:30:22] [TRT] [V] /model.22/Slice_1 [Slice] inputs: [/model.22/dfl/Reshape_1_output_0 -> (1, 4, 8400)[FLOAT]], [/model.22/Mul_output_0 -> (1)[INT64]], [/model.22/Mul_1_output_0 -> (1)[INT64]], [/model.22/Constant_6_output_0 -> (1)[INT64]], 
[09/28/2026-23:30:22] [TRT] [V] Registering layer: ONNXTRT_castHelper_60 required by ONNX-TRT
[09/28/2026-23:30:22] [TRT] [V] Registering layer: /model.22/Mul_1_output_0 required by ONNX-TRT
[09/28/2026-23:30:22] [TRT] [V] Registering layer: ONNXTRT_castHelper_61 required by ONNX-TRT
[09/28/2026-23:30:22] [TRT] [V] Registering layer: ONNXTRT_ShapeTensorFromDims_63 required by ONNX-TRT
[09/28/2026-23:30:22] [TRT] [V] Registering layer: ONNXTRT_ShapeElementWise_64 required by ONNX-TRT
[09/28/2026-23:30:22] [TRT] [V] Registering layer: ONNXTRT_ShapeTensorFromDims_66 required by ONNX-TRT
[09/28/2026-23:30:22] [TRT] [V] Registering layer: ONNXTRT_ShapeElementWise_67 required by ONNX-TRT
[09/28/2026-23:30:22] [TRT] [V] Registering layer: ONNXTRT_ShapeTensorFromDims_69 required by ONNX-TRT
[09/28/2026-23:30:22] [TRT] [V] Registering layer: ONNXTRT_ShapeElementWise_70 required by ONNX-TRT
[09/28/2026-23:30:22] [TRT] [V] Registering layer: ONNXTRT_ShapeElementWise_71 required by ONNX-TRT
[09/28/2026-23:30:22] [TRT] [V] Registering layer: ONNXTRT_ShapeTensorFromDims_73 required by ONNX-TRT
[09/28/2026-23:30:22] [TRT] [V] Registering layer: ONNXTRT_ShapeElementWise_74 required by ONNX-TRT
[09/28/2026-23:30:22] [TRT] [V] Registering layer: ONNXTRT_ShapeElementWise_75 required by ONNX-TRT
[09/28/2026-23:30:22] [TRT] [V] Registering layer: ONNXTRT_ShapeTensorFromDims_77 required by ONNX-TRT
[09/28/2026-23:30:22] [TRT] [V] Registering layer: ONNXTRT_ShapeElementWise_78 required by ONNX-TRT
[09/28/2026-23:30:22] [TRT] [V] Registering layer: ONNXTRT_ShapeTensorFromDims_80 required by ONNX-TRT
[09/28/2026-23:30:22] [TRT] [V] Registering layer: ONNXTRT_ShapeElementWise_81 required by ONNX-TRT
[09/28/2026-23:30:22] [TRT] [V] Registering layer: ONNXTRT_ShapeElementWise_82 required by ONNX-TRT
[09/28/2026-23:30:22] [TRT] [V] Registering layer: ONNXTRT_ShapeElementWise_83 required by ONNX-TRT
[09/28/2026-23:30:22] [TRT] [V] Registering layer: ONNXTRT_ShapeTensorFromDims_85 required by ONNX-TRT
[09/28/2026-23:30:22] [TRT] [V] Registering layer: ONNXTRT_ShapeElementWise_86 required by ONNX-TRT
[09/28/2026-23:30:22] [TRT] [V] Registering layer: ONNXTRT_ShapeElementWise_87 required by ONNX-TRT
[09/28/2026-23:30:22] [TRT] [V] Registering layer: ONNXTRT_ShapeElementWise_88 required by ONNX-TRT
[09/28/2026-23:30:22] [TRT] [V] Registering layer: ONNXTRT_ShapeTensorFromDims_90 required by ONNX-TRT
[09/28/2026-23:30:22] [TRT] [V] Registering layer: ONNXTRT_ShapeElementWise_91 required by ONNX-TRT
[09/28/2026-23:30:22] [TRT] [V] Registering layer: ONNXTRT_ShapeSlice_92 required by ONNX-TRT
[09/28/2026-23:30:22] [TRT] [V] Registering layer: /model.22/Slice_1 for ONNX node: /model.22/Slice_1
[09/28/2026-23:30:22] [TRT] [V] Registering tensor: /model.22/Slice_1_output_0 for ONNX tensor: /model.22/Slice_1_output_0
[09/28/2026-23:30:22] [TRT] [V] /model.22/Slice_1 [Slice] outputs: [/model.22/Slice_1_output_0 -> (1, 2, 8400)[FLOAT]], 
[09/28/2026-23:30:22] [TRT] [V] Static check for parsing node: /model.22/Sub [Sub]
[09/28/2026-23:30:22] [TRT] [V] Parsing node: /model.22/Sub [Sub]
[09/28/2026-23:30:22] [TRT] [V] Searching for input: /model.22/Constant_12_output_0
[09/28/2026-23:30:22] [TRT] [V] Searching for input: /model.22/Slice_output_0
[09/28/2026-23:30:22] [TRT] [V] /model.22/Sub [Sub] inputs: [/model.22/Constant_12_output_0 -> (1, 2, 8400)[FLOAT]], [/model.22/Slice_output_0 -> (1, 2, 8400)[FLOAT]], 
[09/28/2026-23:30:22] [TRT] [V] Registering layer: /model.22/Constant_12_output_0 required by ONNX-TRT
[09/28/2026-23:30:22] [TRT] [V] Registering layer: /model.22/Sub for ONNX node: /model.22/Sub
[09/28/2026-23:30:22] [TRT] [V] Registering tensor: /model.22/Sub_output_0 for ONNX tensor: /model.22/Sub_output_0
[09/28/2026-23:30:22] [TRT] [V] /model.22/Sub [Sub] outputs: [/model.22/Sub_output_0 -> (1, 2, 8400)[FLOAT]], 
[09/28/2026-23:30:22] [TRT] [V] Static check for parsing node: /model.22/Add_1 [Add]
[09/28/2026-23:30:22] [TRT] [V] Parsing node: /model.22/Add_1 [Add]
[09/28/2026-23:30:22] [TRT] [V] Searching for input: /model.22/Constant_13_output_0
[09/28/2026-23:30:22] [TRT] [V] Searching for input: /model.22/Slice_1_output_0
[09/28/2026-23:30:22] [TRT] [V] /model.22/Add_1 [Add] inputs: [/model.22/Constant_13_output_0 -> (1, 2, 8400)[FLOAT]], [/model.22/Slice_1_output_0 -> (1, 2, 8400)[FLOAT]], 
[09/28/2026-23:30:22] [TRT] [V] Registering layer: /model.22/Constant_13_output_0 required by ONNX-TRT
[09/28/2026-23:30:22] [TRT] [V] Registering layer: /model.22/Add_1 for ONNX node: /model.22/Add_1
[09/28/2026-23:30:22] [TRT] [V] Registering tensor: /model.22/Add_1_output_0 for ONNX tensor: /model.22/Add_1_output_0
[09/28/2026-23:30:22] [TRT] [V] /model.22/Add_1 [Add] outputs: [/model.22/Add_1_output_0 -> (1, 2, 8400)[FLOAT]], 
[09/28/2026-23:30:22] [TRT] [V] Static check for parsing node: /model.22/Add_2 [Add]
[09/28/2026-23:30:22] [TRT] [V] Parsing node: /model.22/Add_2 [Add]
[09/28/2026-23:30:22] [TRT] [V] Searching for input: /model.22/Sub_output_0
[09/28/2026-23:30:22] [TRT] [V] Searching for input: /model.22/Add_1_output_0
[09/28/2026-23:30:22] [TRT] [V] /model.22/Add_2 [Add] inputs: [/model.22/Sub_output_0 -> (1, 2, 8400)[FLOAT]], [/model.22/Add_1_output_0 -> (1, 2, 8400)[FLOAT]], 
[09/28/2026-23:30:22] [TRT] [V] Registering layer: /model.22/Add_2 for ONNX node: /model.22/Add_2
[09/28/2026-23:30:22] [TRT] [V] Registering tensor: /model.22/Add_2_output_0 for ONNX tensor: /model.22/Add_2_output_0
[09/28/2026-23:30:22] [TRT] [V] /model.22/Add_2 [Add] outputs: [/model.22/Add_2_output_0 -> (1, 2, 8400)[FLOAT]], 
[09/28/2026-23:30:22] [TRT] [V] Static check for parsing node: /model.22/Sub_1 [Sub]
[09/28/2026-23:30:22] [TRT] [V] Parsing node: /model.22/Sub_1 [Sub]
[09/28/2026-23:30:22] [TRT] [V] Searching for input: /model.22/Add_1_output_0
[09/28/2026-23:30:22] [TRT] [V] Searching for input: /model.22/Sub_output_0
[09/28/2026-23:30:22] [TRT] [V] /model.22/Sub_1 [Sub] inputs: [/model.22/Add_1_output_0 -> (1, 2, 8400)[FLOAT]], [/model.22/Sub_output_0 -> (1, 2, 8400)[FLOAT]], 
[09/28/2026-23:30:22] [TRT] [V] Registering layer: /model.22/Sub_1 for ONNX node: /model.22/Sub_1
[09/28/2026-23:30:22] [TRT] [V] Registering tensor: /model.22/Sub_1_output_0 for ONNX tensor: /model.22/Sub_1_output_0
[09/28/2026-23:30:22] [TRT] [V] /model.22/Sub_1 [Sub] outputs: [/model.22/Sub_1_output_0 -> (1, 2, 8400)[FLOAT]], 
[09/28/2026-23:30:22] [TRT] [V] Static check for parsing node: /model.22/Div_1 [Div]
[09/28/2026-23:30:22] [TRT] [V] Parsing node: /model.22/Div_1 [Div]
[09/28/2026-23:30:22] [TRT] [V] Searching for input: /model.22/Add_2_output_0
[09/28/2026-23:30:22] [TRT] [V] Searching for input: /model.22/Constant_14_output_0
[09/28/2026-23:30:22] [TRT] [V] /model.22/Div_1 [Div] inputs: [/model.22/Add_2_output_0 -> (1, 2, 8400)[FLOAT]], [/model.22/Constant_14_output_0 -> ()[FLOAT]], 
[09/28/2026-23:30:22] [TRT] [V] Registering layer: /model.22/Constant_14_output_0 required by ONNX-TRT
[09/28/2026-23:30:22] [TRT] [V] Registering layer: ONNXTRT_ShapeShuffle_93 required by ONNX-TRT
[09/28/2026-23:30:22] [TRT] [V] Registering layer: ONNXTRT_Broadcast required by ONNX-TRT
[09/28/2026-23:30:22] [TRT] [V] Registering layer: /model.22/Div_1 for ONNX node: /model.22/Div_1
[09/28/2026-23:30:22] [TRT] [V] Registering tensor: /model.22/Div_1_output_0 for ONNX tensor: /model.22/Div_1_output_0
[09/28/2026-23:30:22] [TRT] [V] /model.22/Div_1 [Div] outputs: [/model.22/Div_1_output_0 -> (1, 2, 8400)[FLOAT]], 
[09/28/2026-23:30:22] [TRT] [V] Static check for parsing node: /model.22/Concat_2 [Concat]
[09/28/2026-23:30:22] [TRT] [V] Parsing node: /model.22/Concat_2 [Concat]
[09/28/2026-23:30:22] [TRT] [V] Searching for input: /model.22/Div_1_output_0
[09/28/2026-23:30:22] [TRT] [V] Searching for input: /model.22/Sub_1_output_0
[09/28/2026-23:30:22] [TRT] [V] /model.22/Concat_2 [Concat] inputs: [/model.22/Div_1_output_0 -> (1, 2, 8400)[FLOAT]], [/model.22/Sub_1_output_0 -> (1, 2, 8400)[FLOAT]], 
[09/28/2026-23:30:22] [TRT] [V] Registering layer: /model.22/Concat_2 for ONNX node: /model.22/Concat_2
[09/28/2026-23:30:22] [TRT] [V] Registering tensor: /model.22/Concat_2_output_0 for ONNX tensor: /model.22/Concat_2_output_0
[09/28/2026-23:30:22] [TRT] [V] /model.22/Concat_2 [Concat] outputs: [/model.22/Concat_2_output_0 -> (1, 4, 8400)[FLOAT]], 
[09/28/2026-23:30:22] [TRT] [V] Static check for parsing node: /model.22/Mul_2 [Mul]
[09/28/2026-23:30:22] [TRT] [V] Parsing node: /model.22/Mul_2 [Mul]
[09/28/2026-23:30:22] [TRT] [V] Searching for input: /model.22/Concat_2_output_0
[09/28/2026-23:30:22] [TRT] [V] Searching for input: /model.22/Constant_15_output_0
[09/28/2026-23:30:22] [TRT] [V] /model.22/Mul_2 [Mul] inputs: [/model.22/Concat_2_output_0 -> (1, 4, 8400)[FLOAT]], [/model.22/Constant_15_output_0 -> (1, 8400)[FLOAT]], 
[09/28/2026-23:30:22] [TRT] [V] Registering layer: /model.22/Constant_15_output_0 required by ONNX-TRT
[09/28/2026-23:30:22] [TRT] [V] Registering layer: ONNXTRT_ShapeShuffle_94 required by ONNX-TRT
[09/28/2026-23:30:22] [TRT] [V] Registering layer: ONNXTRT_Broadcast_95 required by ONNX-TRT
[09/28/2026-23:30:22] [TRT] [V] Registering layer: /model.22/Mul_2 for ONNX node: /model.22/Mul_2
[09/28/2026-23:30:22] [TRT] [V] Registering tensor: /model.22/Mul_2_output_0 for ONNX tensor: /model.22/Mul_2_output_0
[09/28/2026-23:30:22] [TRT] [V] /model.22/Mul_2 [Mul] outputs: [/model.22/Mul_2_output_0 -> (1, 4, 8400)[FLOAT]], 
[09/28/2026-23:30:22] [TRT] [V] Static check for parsing node: /model.22/Concat_3 [Concat]
[09/28/2026-23:30:22] [TRT] [V] Parsing node: /model.22/Concat_3 [Concat]
[09/28/2026-23:30:22] [TRT] [V] Searching for input: /model.22/Mul_2_output_0
[09/28/2026-23:30:22] [TRT] [V] Searching for input: /model.22/Sigmoid_output_0
[09/28/2026-23:30:22] [TRT] [V] /model.22/Concat_3 [Concat] inputs: [/model.22/Mul_2_output_0 -> (1, 4, 8400)[FLOAT]], [/model.22/Sigmoid_output_0 -> (1, 3, 8400)[FLOAT]], 
[09/28/2026-23:30:22] [TRT] [V] Registering layer: /model.22/Concat_3 for ONNX node: /model.22/Concat_3
[09/28/2026-23:30:22] [TRT] [V] Registering tensor: output0_96 for ONNX tensor: output0
[09/28/2026-23:30:22] [TRT] [V] /model.22/Concat_3 [Concat] outputs: [output0 -> (1, 7, 8400)[FLOAT]], 
[09/28/2026-23:30:22] [TRT] [V] Marking output0_96 as output: output0
[09/28/2026-23:30:22] [TRT] [V] could not open /sys/fs/cgroup/memory/memory.limit_in_bytes or /sys/fs/cgroup/memory.max
 collecting INT8 calibration images from 'data=/home/ubuntu/Dung_TDTU/nighttime-tsd-new/data/processed/cctsdb2021_clean/calibration/uniform_s42_n1024/calibration.yaml'
[34m[1mval: [0mFast image access ✅ (ping: 0.0±0.0 ms, read: 1810.4±746.0 MB/s, size: 111.4 KB)

[K[34m[1mval: [0mScanning /home/ubuntu/Dung_TDTU/nighttime-tsd-new/data/processed/cctsdb2021_clean/calibration/uniform_s42_n1024/labels.cache... 1024 images, 0 backgrounds, 0 corrupt: 100% ━━━━━━━━━━━━ 1024/1024 159.1Mit/s 0.0s
[09/28/2026-23:30:22] [TRT] [V] Trying to load shared library libnvinfer_builder_resource_sm75.so.10.16.1
[09/28/2026-23:30:22] [TRT] [V] Loaded shared library libnvinfer_builder_resource_sm75.so.10.16.1
[09/28/2026-23:30:23] [TRT] [I] [MemUsageChange] Init builder kernel library: CPU +76, GPU +4, now: CPU 475, GPU 199 (MiB)
[09/28/2026-23:30:23] [TRT] [I] Perform graph optimization on calibration graph.
[09/28/2026-23:30:23] [TRT] [V] Original: 246 layers
[09/28/2026-23:30:23] [TRT] [V] After dead-layer removal: 246 layers
[09/28/2026-23:30:23] [TRT] [V] SYMBOLIC CHECKS
[09/28/2026-23:30:23] [TRT] [V] GRAPH NODES
[09/28/2026-23:30:23] [TRT] [V] CONSTANT /model.22/Constant_12_output_0
[09/28/2026-23:30:23] [TRT] [V]     Output 0
[09/28/2026-23:30:23] [TRT] [V]         1	1
[09/28/2026-23:30:23] [TRT] [V]         2	2
[09/28/2026-23:30:23] [TRT] [V]         8400	8400
[09/28/2026-23:30:23] [TRT] [V] CONSTANT /model.22/Constant_13_output_0
[09/28/2026-23:30:23] [TRT] [V]     Output 0
[09/28/2026-23:30:23] [TRT] [V]         1	1
[09/28/2026-23:30:23] [TRT] [V]         2	2
[09/28/2026-23:30:23] [TRT] [V]         8400	8400
[09/28/2026-23:30:23] [TRT] [V] CONSTANT /model.22/Constant_14_output_0
[09/28/2026-23:30:23] [TRT] [V]     Output 0
[09/28/2026-23:30:23] [TRT] [V] CONSTANT /model.22/Constant_15_output_0
[09/28/2026-23:30:23] [TRT] [V]     Output 0
[09/28/2026-23:30:23] [TRT] [V]         1	1
[09/28/2026-23:30:23] [TRT] [V]         8400	8400
[09/28/2026-23:30:23] [TRT] [V] CONVOLUTION /model.0/conv/Conv
[09/28/2026-23:30:23] [TRT] [V]     Input 0
[09/28/2026-23:30:23] [TRT] [V]         1	1
[09/28/2026-23:30:23] [TRT] [V]         3	3
[09/28/2026-23:30:23] [TRT] [V]         640	640
[09/28/2026-23:30:23] [TRT] [V]         640	640
[09/28/2026-23:30:23] [TRT] [V]     Output 0
[09/28/2026-23:30:23] [TRT] [V]         1	1
[09/28/2026-23:30:23] [TRT] [V]         16	16
[09/28/2026-23:30:23] [TRT] [V]         320	320
[09/28/2026-23:30:23] [TRT] [V]         320	320
[09/28/2026-23:30:23] [TRT] [V] SHUFFLE ONNXTRT_Broadcast
[09/28/2026-23:30:23] [TRT] [V]     Input 0
[09/28/2026-23:30:23] [TRT] [V]     Output 0
[09/28/2026-23:30:23] [TRT] [V]         1	1
[09/28/2026-23:30:23] [TRT] [V]         1	1
[09/28/2026-23:30:23] [TRT] [V]         1	1
[09/28/2026-23:30:23] [TRT] [V] SHUFFLE ONNXTRT_Broadcast_95
[09/28/2026-23:30:23] [TRT] [V]     Input 0
[09/28/2026-23:30:23] [TRT] [V]         1	1
[09/28/2026-23:30:23] [TRT] [V]         8400	8400
[09/28/2026-23:30:23] [TRT] [V]     Output 0
[09/28/2026-23:30:23] [TRT] [V]         1	1
[09/28/2026-23:30:23] [TRT] [V]         1	1
[09/28/2026-23:30:23] [TRT] [V]         8400	8400
[09/28/2026-23:30:23] [TRT] [V] ACTIVATION /model.0/act/Sigmoid
[09/28/2026-23:30:23] [TRT] [V]     Input 0
[09/28/2026-23:30:23] [TRT] [V]         1	1
[09/28/2026-23:30:23] [TRT] [V]         16	16
[09/28/2026-23:30:23] [TRT] [V]         320	320
[09/28/2026-23:30:23] [TRT] [V]         320	320
[09/28/2026-23:30:23] [TRT] [V]     Output 0
[09/28/2026-23:30:23] [TRT] [V]         1	1
[09/28/2026-23:30:23] [TRT] [V]         16	16
[09/28/2026-23:30:23] [TRT] [V]         320	320
[09/28/2026-23:30:23] [TRT] [V]         320	320
[09/28/2026-23:30:23] [TRT] [V] ELEMENTWISE /model.0/act/Mul
[09/28/2026-23:30:23] [TRT] [V]     Input 0
[09/28/2026-23:30:23] [TRT] [V]         1	1
[09/28/2026-23:30:23] [TRT] [V]         16	16
[09/28/2026-23:30:23] [TRT] [V]         320	320
[09/28/2026-23:30:23] [TRT] [V]         320	320
[09/28/2026-23:30:23] [TRT] [V]     Input 1
[09/28/2026-23:30:23] [TRT] [V]         1	1
[09/28/2026-23:30:23] [TRT] [V]         16	16
[09/28/2026-23:30:23] [TRT] [V]         320	320
[09/28/2026-23:30:23] [TRT] [V]         320	320
[09/28/2026-23:30:23] [TRT] [V]     Output 0
[09/28/2026-23:30:23] [TRT] [V]         1	1
[09/28/2026-23:30:23] [TRT] [V]         16	16
[09/28/2026-23:30:23] [TRT] [V]         320	320
[09/28/2026-23:30:23] [TRT] [V]         320	320
[09/28/2026-23:30:23] [TRT] [V] CONVOLUTION /model.1/conv/Conv
[09/28/2026-23:30:23] [TRT] [V]     Input 0
[09/28/2026-23:30:23] [TRT] [V]         1	1
[09/28/2026-23:30:23] [TRT] [V]         16	16
[09/28/2026-23:30:23] [TRT] [V]         320	320
[09/28/2026-23:30:23] [TRT] [V]         320	320
[09/28/2026-23:30:23] [TRT] [V]     Output 0
[09/28/2026-23:30:23] [TRT] [V]         1	1
[09/28/2026-23:30:23] [TRT] [V]         32	32
[09/28/2026-23:30:23] [TRT] [V]         160	160
[09/28/2026-23:30:23] [TRT] [V]         160	160
[09/28/2026-23:30:23] [TRT] [V] ACTIVATION /model.1/act/Sigmoid
[09/28/2026-23:30:23] [TRT] [V]     Input 0
[09/28/2026-23:30:23] [TRT] [V]         1	1
[09/28/2026-23:30:23] [TRT] [V]         32	32
[09/28/2026-23:30:23] [TRT] [V]         160	160
[09/28/2026-23:30:23] [TRT] [V]         160	160
[09/28/2026-23:30:23] [TRT] [V]     Output 0
[09/28/2026-23:30:23] [TRT] [V]         1	1
[09/28/2026-23:30:23] [TRT] [V]         32	32
[09/28/2026-23:30:23] [TRT] [V]         160	160
[09/28/2026-23:30:23] [TRT] [V]         160	160
[09/28/2026-23:30:23] [TRT] [V] ELEMENTWISE /model.1/act/Mul
[09/28/2026-23:30:23] [TRT] [V]     Input 0
[09/28/2026-23:30:23] [TRT] [V]         1	1
[09/28/2026-23:30:23] [TRT] [V]         32	32
[09/28/2026-23:30:23] [TRT] [V]         160	160
[09/28/2026-23:30:23] [TRT] [V]         160	160
[09/28/2026-23:30:23] [TRT] [V]     Input 1
[09/28/2026-23:30:23] [TRT] [V]         1	1
[09/28/2026-23:30:23] [TRT] [V]         32	32
[09/28/2026-23:30:23] [TRT] [V]         160	160
[09/28/2026-23:30:23] [TRT] [V]         160	160
[09/28/2026-23:30:23] [TRT] [V]     Output 0
[09/28/2026-23:30:23] [TRT] [V]         1	1
[09/28/2026-23:30:23] [TRT] [V]         32	32
[09/28/2026-23:30:23] [TRT] [V]         160	160
[09/28/2026-23:30:23] [TRT] [V]         160	160
[09/28/2026-23:30:23] [TRT] [V] CONVOLUTION /model.2/cv1/conv/Conv
[09/28/2026-23:30:23] [TRT] [V]     Input 0
[09/28/2026-23:30:23] [TRT] [V]         1	1
[09/28/2026-23:30:23] [TRT] [V]         32	32
[09/28/2026-23:30:23] [TRT] [V]         160	160
[09/28/2026-23:30:23] [TRT] [V]         160	160
[09/28/2026-23:30:23] [TRT] [V]     Output 0
[09/28/2026-23:30:23] [TRT] [V]         1	1
[09/28/2026-23:30:23] [TRT] [V]         32	32
[09/28/2026-23:30:23] [TRT] [V]         160	160
[09/28/2026-23:30:23] [TRT] [V]         160	160
[09/28/2026-23:30:23] [TRT] [V] ACTIVATION /model.2/cv1/act/Sigmoid
[09/28/2026-23:30:23] [TRT] [V]     Input 0
[09/28/2026-23:30:23] [TRT] [V]         1	1
[09/28/2026-23:30:23] [TRT] [V]         32	32
[09/28/2026-23:30:23] [TRT] [V]         160	160
[09/28/2026-23:30:23] [TRT] [V]         160	160
[09/28/2026-23:30:23] [TRT] [V]     Output 0
[09/28/2026-23:30:23] [TRT] [V]         1	1
[09/28/2026-23:30:23] [TRT] [V]         32	32
[09/28/2026-23:30:23] [TRT] [V]         160	160
[09/28/2026-23:30:23] [TRT] [V]         160	160
[09/28/2026-23:30:23] [TRT] [V] ELEMENTWISE /model.2/cv1/act/Mul
[09/28/2026-23:30:23] [TRT] [V]     Input 0
[09/28/2026-23:30:23] [TRT] [V]         1	1
[09/28/2026-23:30:23] [TRT] [V]         32	32
[09/28/2026-23:30:23] [TRT] [V]         160	160
[09/28/2026-23:30:23] [TRT] [V]         160	160
[09/28/2026-23:30:23] [TRT] [V]     Input 1
[09/28/2026-23:30:23] [TRT] [V]         1	1
[09/28/2026-23:30:23] [TRT] [V]         32	32
[09/28/2026-23:30:23] [TRT] [V]         160	160
[09/28/2026-23:30:23] [TRT] [V]         160	160
[09/28/2026-23:30:23] [TRT] [V]     Output 0
[09/28/2026-23:30:23] [TRT] [V]         1	1
[09/28/2026-23:30:23] [TRT] [V]         32	32
[09/28/2026-23:30:23] [TRT] [V]         160	160
[09/28/2026-23:30:23] [TRT] [V]         160	160
[09/28/2026-23:30:23] [TRT] [V] SLICE /model.2/Split
[09/28/2026-23:30:23] [TRT] [V]     Input 0
[09/28/2026-23:30:23] [TRT] [V]         1	1
[09/28/2026-23:30:23] [TRT] [V]         32	32
[09/28/2026-23:30:23] [TRT] [V]         160	160
[09/28/2026-23:30:23] [TRT] [V]         160	160
[09/28/2026-23:30:23] [TRT] [V]     Output 0
[09/28/2026-23:30:23] [TRT] [V]         1	1
[09/28/2026-23:30:23] [TRT] [V]         16	16
[09/28/2026-23:30:23] [TRT] [V]         160	160
[09/28/2026-23:30:23] [TRT] [V]         160	160
[09/28/2026-23:30:23] [TRT] [V] SLICE /model.2/Split_1
[09/28/2026-23:30:23] [TRT] [V]     Input 0
[09/28/2026-23:30:23] [TRT] [V]         1	1
[09/28/2026-23:30:23] [TRT] [V]         32	32
[09/28/2026-23:30:23] [TRT] [V]         160	160
[09/28/2026-23:30:23] [TRT] [V]         160	160
[09/28/2026-23:30:23] [TRT] [V]     Output 0
[09/28/2026-23:30:23] [TRT] [V]         1	1
[09/28/2026-23:30:23] [TRT] [V]         16	16
[09/28/2026-23:30:23] [TRT] [V]         160	160
[09/28/2026-23:30:23] [TRT] [V]         160	160
[09/28/2026-23:30:23] [TRT] [V] CONVOLUTION /model.2/m.0/cv1/conv/Conv
[09/28/2026-23:30:23] [TRT] [V]     Input 0
[09/28/2026-23:30:23] [TRT] [V]         1	1
[09/28/2026-23:30:23] [TRT] [V]         16	16
[09/28/2026-23:30:23] [TRT] [V]         160	160
[09/28/2026-23:30:23] [TRT] [V]         160	160
[09/28/2026-23:30:23] [TRT] [V]     Output 0
[09/28/2026-23:30:23] [TRT] [V]         1	1
[09/28/2026-23:30:23] [TRT] [V]         16	16
[09/28/2026-23:30:23] [TRT] [V]         160	160
[09/28/2026-23:30:23] [TRT] [V]         160	160
[09/28/2026-23:30:23] [TRT] [V] ACTIVATION /model.2/m.0/cv1/act/Sigmoid
[09/28/2026-23:30:23] [TRT] [V]     Input 0
[09/28/2026-23:30:23] [TRT] [V]         1	1
[09/28/2026-23:30:23] [TRT] [V]         16	16
[09/28/2026-23:30:23] [TRT] [V]         160	160
[09/28/2026-23:30:23] [TRT] [V]         160	160
[09/28/2026-23:30:23] [TRT] [V]     Output 0
[09/28/2026-23:30:23] [TRT] [V]         1	1
[09/28/2026-23:30:23] [TRT] [V]         16	16
[09/28/2026-23:30:23] [TRT] [V]         160	160
[09/28/2026-23:30:23] [TRT] [V]         160	160
[09/28/2026-23:30:23] [TRT] [V] ELEMENTWISE /model.2/m.0/cv1/act/Mul
[09/28/2026-23:30:23] [TRT] [V]     Input 0
[09/28/2026-23:30:23] [TRT] [V]         1	1
[09/28/2026-23:30:23] [TRT] [V]         16	16
[09/28/2026-23:30:23] [TRT] [V]         160	160
[09/28/2026-23:30:23] [TRT] [V]         160	160
[09/28/2026-23:30:23] [TRT] [V]     Input 1
[09/28/2026-23:30:23] [TRT] [V]         1	1
[09/28/2026-23:30:23] [TRT] [V]         16	16
[09/28/2026-23:30:23] [TRT] [V]         160	160
[09/28/2026-23:30:23] [TRT] [V]         160	160
[09/28/2026-23:30:23] [TRT] [V]     Output 0
[09/28/2026-23:30:23] [TRT] [V]         1	1
[09/28/2026-23:30:23] [TRT] [V]         16	16
[09/28/2026-23:30:23] [TRT] [V]         160	160
[09/28/2026-23:30:23] [TRT] [V]         160	160
[09/28/2026-23:30:23] [TRT] [V] CONVOLUTION /model.2/m.0/cv2/conv/Conv
[09/28/2026-23:30:23] [TRT] [V]     Input 0
[09/28/2026-23:30:23] [TRT] [V]         1	1
[09/28/2026-23:30:23] [TRT] [V]         16	16
[09/28/2026-23:30:23] [TRT] [V]         160	160
[09/28/2026-23:30:23] [TRT] [V]         160	160
[09/28/2026-23:30:23] [TRT] [V]     Output 0
[09/28/2026-23:30:23] [TRT] [V]         1	1
[09/28/2026-23:30:23] [TRT] [V]         16	16
[09/28/2026-23:30:23] [TRT] [V]         160	160
[09/28/2026-23:30:23] [TRT] [V]         160	160
[09/28/2026-23:30:23] [TRT] [V] ACTIVATION /model.2/m.0/cv2/act/Sigmoid
[09/28/2026-23:30:23] [TRT] [V]     Input 0
[09/28/2026-23:30:23] [TRT] [V]         1	1
[09/28/2026-23:30:23] [TRT] [V]         16	16
[09/28/2026-23:30:23] [TRT] [V]         160	160
[09/28/2026-23:30:23] [TRT] [V]         160	160
[09/28/2026-23:30:23] [TRT] [V]     Output 0
[09/28/2026-23:30:23] [TRT] [V]         1	1
[09/28/2026-23:30:23] [TRT] [V]         16	16
[09/28/2026-23:30:23] [TRT] [V]         160	160
[09/28/2026-23:30:23] [TRT] [V]         160	160
[09/28/2026-23:30:23] [TRT] [V] ELEMENTWISE /model.2/m.0/cv2/act/Mul
[09/28/2026-23:30:23] [TRT] [V]     Input 0
[09/28/2026-23:30:23] [TRT] [V]         1	1
[09/28/2026-23:30:23] [TRT] [V]         16	16
[09/28/2026-23:30:23] [TRT] [V]         160	160
[09/28/2026-23:30:23] [TRT] [V]         160	160
[09/28/2026-23:30:23] [TRT] [V]     Input 1
[09/28/2026-23:30:23] [TRT] [V]         1	1
[09/28/2026-23:30:23] [TRT] [V]         16	16
[09/28/2026-23:30:23] [TRT] [V]         160	160
[09/28/2026-23:30:23] [TRT] [V]         160	160
[09/28/2026-23:30:23] [TRT] [V]     Output 0
[09/28/2026-23:30:23] [TRT] [V]         1	1
[09/28/2026-23:30:23] [TRT] [V]         16	16
[09/28/2026-23:30:23] [TRT] [V]         160	160
[09/28/2026-23:30:23] [TRT] [V]         160	160
[09/28/2026-23:30:23] [TRT] [V] ELEMENTWISE /model.2/m.0/Add
[09/28/2026-23:30:23] [TRT] [V]     Input 0
[09/28/2026-23:30:23] [TRT] [V]         1	1
[09/28/2026-23:30:23] [TRT] [V]         16	16
[09/28/2026-23:30:23] [TRT] [V]         160	160
[09/28/2026-23:30:23] [TRT] [V]         160	160
[09/28/2026-23:30:23] [TRT] [V]     Input 1
[09/28/2026-23:30:23] [TRT] [V]         1	1
[09/28/2026-23:30:23] [TRT] [V]         16	16
[09/28/2026-23:30:23] [TRT] [V]         160	160
[09/28/2026-23:30:23] [TRT] [V]         160	160
[09/28/2026-23:30:23] [TRT] [V]     Output 0
[09/28/2026-23:30:23] [TRT] [V]         1	1
[09/28/2026-23:30:23] [TRT] [V]         16	16
[09/28/2026-23:30:23] [TRT] [V]         160	160
[09/28/2026-23:30:23] [TRT] [V]         160	160
[09/28/2026-23:30:23] [TRT] [V] CONCATENATION /model.2/Concat
[09/28/2026-23:30:23] [TRT] [V]     Input 0
[09/28/2026-23:30:23] [TRT] [V]         1	1
[09/28/2026-23:30:23] [TRT] [V]         16	16
[09/28/2026-23:30:23] [TRT] [V]         160	160
[09/28/2026-23:30:23] [TRT] [V]         160	160
[09/28/2026-23:30:23] [TRT] [V]     Input 1
[09/28/2026-23:30:23] [TRT] [V]         1	1
[09/28/2026-23:30:23] [TRT] [V]         16	16
[09/28/2026-23:30:23] [TRT] [V]         160	160
[09/28/2026-23:30:23] [TRT] [V]         160	160
[09/28/2026-23:30:23] [TRT] [V]     Input 2
[09/28/2026-23:30:23] [TRT] [V]         1	1
[09/28/2026-23:30:23] [TRT] [V]         16	16
[09/28/2026-23:30:23] [TRT] [V]         160	160
[09/28/2026-23:30:23] [TRT] [V]         160	160
[09/28/2026-23:30:23] [TRT] [V]     Output 0
[09/28/2026-23:30:23] [TRT] [V]         1	1
[09/28/2026-23:30:23] [TRT] [V]         48	48
[09/28/2026-23:30:23] [TRT] [V]         160	160
[09/28/2026-23:30:23] [TRT] [V]         160	160
[09/28/2026-23:30:23] [TRT] [V] CONVOLUTION /model.2/cv2/conv/Conv
[09/28/2026-23:30:23] [TRT] [V]     Input 0
[09/28/2026-23:30:23] [TRT] [V]         1	1
[09/28/2026-23:30:23] [TRT] [V]         48	48
[09/28/2026-23:30:23] [TRT] [V]         160	160
[09/28/2026-23:30:23] [TRT] [V]         160	160
[09/28/2026-23:30:23] [TRT] [V]     Output 0
[09/28/2026-23:30:23] [TRT] [V]         1	1
[09/28/2026-23:30:23] [TRT] [V]         32	32
[09/28/2026-23:30:23] [TRT] [V]         160	160
[09/28/2026-23:30:23] [TRT] [V]         160	160
[09/28/2026-23:30:23] [TRT] [V] ACTIVATION /model.2/cv2/act/Sigmoid
[09/28/2026-23:30:23] [TRT] [V]     Input 0
[09/28/2026-23:30:23] [TRT] [V]         1	1
[09/28/2026-23:30:23] [TRT] [V]         32	32
[09/28/2026-23:30:23] [TRT] [V]         160	160
[09/28/2026-23:30:23] [TRT] [V]         160	160
[09/28/2026-23:30:23] [TRT] [V]     Output 0
[09/28/2026-23:30:23] [TRT] [V]         1	1
[09/28/2026-23:30:23] [TRT] [V]         32	32
[09/28/2026-23:30:23] [TRT] [V]         160	160
[09/28/2026-23:30:23] [TRT] [V]         160	160
[09/28/2026-23:30:23] [TRT] [V] ELEMENTWISE /model.2/cv2/act/Mul
[09/28/2026-23:30:23] [TRT] [V]     Input 0
[09/28/2026-23:30:23] [TRT] [V]         1	1
[09/28/2026-23:30:23] [TRT] [V]         32	32
[09/28/2026-23:30:23] [TRT] [V]         160	160
[09/28/2026-23:30:23] [TRT] [V]         160	160
[09/28/2026-23:30:23] [TRT] [V]     Input 1
[09/28/2026-23:30:23] [TRT] [V]         1	1
[09/28/2026-23:30:23] [TRT] [V]         32	32
[09/28/2026-23:30:23] [TRT] [V]         160	160
[09/28/2026-23:30:23] [TRT] [V]         160	160
[09/28/2026-23:30:23] [TRT] [V]     Output 0
[09/28/2026-23:30:23] [TRT] [V]         1	1
[09/28/2026-23:30:23] [TRT] [V]         32	32
[09/28/2026-23:30:23] [TRT] [V]         160	160
[09/28/2026-23:30:23] [TRT] [V]         160	160
[09/28/2026-23:30:23] [TRT] [V] CONVOLUTION /model.3/conv/Conv
[09/28/2026-23:30:23] [TRT] [V]     Input 0
[09/28/2026-23:30:23] [TRT] [V]         1	1
[09/28/2026-23:30:23] [TRT] [V]         32	32
[09/28/2026-23:30:23] [TRT] [V]         160	160
[09/28/2026-23:30:23] [TRT] [V]         160	160
[09/28/2026-23:30:23] [TRT] [V]     Output 0
[09/28/2026-23:30:23] [TRT] [V]         1	1
[09/28/2026-23:30:23] [TRT] [V]         64	64
[09/28/2026-23:30:23] [TRT] [V]         80	80
[09/28/2026-23:30:23] [TRT] [V]         80	80
[09/28/2026-23:30:23] [TRT] [V] ACTIVATION /model.3/act/Sigmoid
[09/28/2026-23:30:23] [TRT] [V]     Input 0
[09/28/2026-23:30:23] [TRT] [V]         1	1
[09/28/2026-23:30:23] [TRT] [V]         64	64
[09/28/2026-23:30:23] [TRT] [V]         80	80
[09/28/2026-23:30:23] [TRT] [V]         80	80
[09/28/2026-23:30:23] [TRT] [V]     Output 0
[09/28/2026-23:30:23] [TRT] [V]         1	1
[09/28/2026-23:30:23] [TRT] [V]         64	64
[09/28/2026-23:30:23] [TRT] [V]         80	80
[09/28/2026-23:30:23] [TRT] [V]         80	80
[09/28/2026-23:30:23] [TRT] [V] ELEMENTWISE /model.3/act/Mul
[09/28/2026-23:30:23] [TRT] [V]     Input 0
[09/28/2026-23:30:23] [TRT] [V]         1	1
[09/28/2026-23:30:23] [TRT] [V]         64	64
[09/28/2026-23:30:23] [TRT] [V]         80	80
[09/28/2026-23:30:23] [TRT] [V]         80	80
[09/28/2026-23:30:23] [TRT] [V]     Input 1
[09/28/2026-23:30:23] [TRT] [V]         1	1
[09/28/2026-23:30:23] [TRT] [V]         64	64
[09/28/2026-23:30:23] [TRT] [V]         80	80
[09/28/2026-23:30:23] [TRT] [V]         80	80
[09/28/2026-23:30:23] [TRT] [V]     Output 0
[09/28/2026-23:30:23] [TRT] [V]         1	1
[09/28/2026-23:30:23] [TRT] [V]         64	64
[09/28/2026-23:30:23] [TRT] [V]         80	80
[09/28/2026-23:30:23] [TRT] [V]         80	80
[09/28/2026-23:30:23] [TRT] [V] CONVOLUTION /model.4/cv1/conv/Conv
[09/28/2026-23:30:23] [TRT] [V]     Input 0
[09/28/2026-23:30:23] [TRT] [V]         1	1
[09/28/2026-23:30:23] [TRT] [V]         64	64
[09/28/2026-23:30:23] [TRT] [V]         80	80
[09/28/2026-23:30:23] [TRT] [V]         80	80
[09/28/2026-23:30:23] [TRT] [V]     Output 0
[09/28/2026-23:30:23] [TRT] [V]         1	1
[09/28/2026-23:30:23] [TRT] [V]         64	64
[09/28/2026-23:30:23] [TRT] [V]         80	80
[09/28/2026-23:30:23] [TRT] [V]         80	80
[09/28/2026-23:30:23] [TRT] [V] ACTIVATION /model.4/cv1/act/Sigmoid
[09/28/2026-23:30:23] [TRT] [V]     Input 0
[09/28/2026-23:30:23] [TRT] [V]         1	1
[09/28/2026-23:30:23] [TRT] [V]         64	64
[09/28/2026-23:30:23] [TRT] [V]         80	80
[09/28/2026-23:30:23] [TRT] [V]         80	80
[09/28/2026-23:30:23] [TRT] [V]     Output 0
[09/28/2026-23:30:23] [TRT] [V]         1	1
[09/28/2026-23:30:23] [TRT] [V]         64	64
[09/28/2026-23:30:23] [TRT] [V]         80	80
[09/28/2026-23:30:23] [TRT] [V]         80	80
[09/28/2026-23:30:23] [TRT] [V] ELEMENTWISE /model.4/cv1/act/Mul
[09/28/2026-23:30:23] [TRT] [V]     Input 0
[09/28/2026-23:30:23] [TRT] [V]         1	1
[09/28/2026-23:30:23] [TRT] [V]         64	64
[09/28/2026-23:30:23] [TRT] [V]         80	80
[09/28/2026-23:30:23] [TRT] [V]         80	80
[09/28/2026-23:30:23] [TRT] [V]     Input 1
[09/28/2026-23:30:23] [TRT] [V]         1	1
[09/28/2026-23:30:23] [TRT] [V]         64	64
[09/28/2026-23:30:23] [TRT] [V]         80	80
[09/28/2026-23:30:23] [TRT] [V]         80	80
[09/28/2026-23:30:23] [TRT] [V]     Output 0
[09/28/2026-23:30:23] [TRT] [V]         1	1
[09/28/2026-23:30:23] [TRT] [V]         64	64
[09/28/2026-23:30:23] [TRT] [V]         80	80
[09/28/2026-23:30:23] [TRT] [V]         80	80
[09/28/2026-23:30:23] [TRT] [V] SLICE /model.4/Split
[09/28/2026-23:30:23] [TRT] [V]     Input 0
[09/28/2026-23:30:23] [TRT] [V]         1	1
[09/28/2026-23:30:23] [TRT] [V]         64	64
[09/28/2026-23:30:23] [TRT] [V]         80	80
[09/28/2026-23:30:23] [TRT] [V]         80	80
[09/28/2026-23:30:23] [TRT] [V]     Output 0
[09/28/2026-23:30:23] [TRT] [V]         1	1
[09/28/2026-23:30:23] [TRT] [V]         32	32
[09/28/2026-23:30:23] [TRT] [V]         80	80
[09/28/2026-23:30:23] [TRT] [V]         80	80
[09/28/2026-23:30:23] [TRT] [V] SLICE /model.4/Split_4
[09/28/2026-23:30:23] [TRT] [V]     Input 0
[09/28/2026-23:30:23] [TRT] [V]         1	1
[09/28/2026-23:30:23] [TRT] [V]         64	64
[09/28/2026-23:30:23] [TRT] [V]         80	80
[09/28/2026-23:30:23] [TRT] [V]         80	80
[09/28/2026-23:30:23] [TRT] [V]     Output 0
[09/28/2026-23:30:23] [TRT] [V]         1	1
[09/28/2026-23:30:23] [TRT] [V]         32	32
[09/28/2026-23:30:23] [TRT] [V]         80	80
[09/28/2026-23:30:23] [TRT] [V]         80	80
[09/28/2026-23:30:23] [TRT] [V] CONVOLUTION /model.4/m.0/cv1/conv/Conv
[09/28/2026-23:30:23] [TRT] [V]     Input 0
[09/28/2026-23:30:23] [TRT] [V]         1	1
[09/28/2026-23:30:23] [TRT] [V]         32	32
[09/28/2026-23:30:23] [TRT] [V]         80	80
[09/28/2026-23:30:23] [TRT] [V]         80	80
[09/28/2026-23:30:23] [TRT] [V]     Output 0
[09/28/2026-23:30:23] [TRT] [V]         1	1
[09/28/2026-23:30:23] [TRT] [V]         32	32
[09/28/2026-23:30:23] [TRT] [V]         80	80
[09/28/2026-23:30:23] [TRT] [V]         80	80
[09/28/2026-23:30:23] [TRT] [V] ACTIVATION /model.4/m.0/cv1/act/Sigmoid
[09/28/2026-23:30:23] [TRT] [V]     Input 0
[09/28/2026-23:30:23] [TRT] [V]         1	1
[09/28/2026-23:30:23] [TRT] [V]         32	32
[09/28/2026-23:30:23] [TRT] [V]         80	80
[09/28/2026-23:30:23] [TRT] [V]         80	80
[09/28/2026-23:30:23] [TRT] [V]     Output 0
[09/28/2026-23:30:23] [TRT] [V]         1	1
[09/28/2026-23:30:23] [TRT] [V]         32	32
[09/28/2026-23:30:23] [TRT] [V]         80	80
[09/28/2026-23:30:23] [TRT] [V]         80	80
[09/28/2026-23:30:23] [TRT] [V] ELEMENTWISE /model.4/m.0/cv1/act/Mul
[09/28/2026-23:30:23] [TRT] [V]     Input 0
[09/28/2026-23:30:23] [TRT] [V]         1	1
[09/28/2026-23:30:23] [TRT] [V]         32	32
[09/28/2026-23:30:23] [TRT] [V]         80	80
[09/28/2026-23:30:23] [TRT] [V]         80	80
[09/28/2026-23:30:23] [TRT] [V]     Input 1
[09/28/2026-23:30:23] [TRT] [V]         1	1
[09/28/2026-23:30:23] [TRT] [V]         32	32
[09/28/2026-23:30:23] [TRT] [V]         80	80
[09/28/2026-23:30:23] [TRT] [V]         80	80
[09/28/2026-23:30:23] [TRT] [V]     Output 0
[09/28/2026-23:30:23] [TRT] [V]         1	1
[09/28/2026-23:30:23] [TRT] [V]         32	32
[09/28/2026-23:30:23] [TRT] [V]         80	80
[09/28/2026-23:30:23] [TRT] [V]         80	80
[09/28/2026-23:30:23] [TRT] [V] CONVOLUTION /model.4/m.0/cv2/conv/Conv
[09/28/2026-23:30:23] [TRT] [V]     Input 0
[09/28/2026-23:30:23] [TRT] [V]         1	1
[09/28/2026-23:30:23] [TRT] [V]         32	32
[09/28/2026-23:30:23] [TRT] [V]         80	80
[09/28/2026-23:30:23] [TRT] [V]         80	80
[09/28/2026-23:30:23] [TRT] [V]     Output 0
[09/28/2026-23:30:23] [TRT] [V]         1	1
[09/28/2026-23:30:23] [TRT] [V]         32	32
[09/28/2026-23:30:23] [TRT] [V]         80	80
[09/28/2026-23:30:23] [TRT] [V]         80	80
[09/28/2026-23:30:23] [TRT] [V] ACTIVATION /model.4/m.0/cv2/act/Sigmoid
[09/28/2026-23:30:23] [TRT] [V]     Input 0
[09/28/2026-23:30:23] [TRT] [V]         1	1
[09/28/2026-23:30:23] [TRT] [V]         32	32
[09/28/2026-23:30:23] [TRT] [V]         80	80
[09/28/2026-23:30:23] [TRT] [V]         80	80
[09/28/2026-23:30:23] [TRT] [V]     Output 0
[09/28/2026-23:30:23] [TRT] [V]         1	1
[09/28/2026-23:30:23] [TRT] [V]         32	32
[09/28/2026-23:30:23] [TRT] [V]         80	80
[09/28/2026-23:30:23] [TRT] [V]         80	80
[09/28/2026-23:30:23] [TRT] [V] ELEMENTWISE /model.4/m.0/cv2/act/Mul
[09/28/2026-23:30:23] [TRT] [V]     Input 0
[09/28/2026-23:30:23] [TRT] [V]         1	1
[09/28/2026-23:30:23] [TRT] [V]         32	32
[09/28/2026-23:30:23] [TRT] [V]         80	80
[09/28/2026-23:30:23] [TRT] [V]         80	80
[09/28/2026-23:30:23] [TRT] [V]     Input 1
[09/28/2026-23:30:23] [TRT] [V]         1	1
[09/28/2026-23:30:23] [TRT] [V]         32	32
[09/28/2026-23:30:23] [TRT] [V]         80	80
[09/28/2026-23:30:23] [TRT] [V]         80	80
[09/28/2026-23:30:23] [TRT] [V]     Output 0
[09/28/2026-23:30:23] [TRT] [V]         1	1
[09/28/2026-23:30:23] [TRT] [V]         32	32
[09/28/2026-23:30:23] [TRT] [V]         80	80
[09/28/2026-23:30:23] [TRT] [V]         80	80
[09/28/2026-23:30:23] [TRT] [V] ELEMENTWISE /model.4/m.0/Add
[09/28/2026-23:30:23] [TRT] [V]     Input 0
[09/28/2026-23:30:23] [TRT] [V]         1	1
[09/28/2026-23:30:23] [TRT] [V]         32	32
[09/28/2026-23:30:23] [TRT] [V]         80	80
[09/28/2026-23:30:23] [TRT] [V]         80	80
[09/28/2026-23:30:23] [TRT] [V]     Input 1
[09/28/2026-23:30:23] [TRT] [V]         1	1
[09/28/2026-23:30:23] [TRT] [V]         32	32
[09/28/2026-23:30:23] [TRT] [V]         80	80
[09/28/2026-23:30:23] [TRT] [V]         80	80
[09/28/2026-23:30:23] [TRT] [V]     Output 0
[09/28/2026-23:30:23] [TRT] [V]         1	1
[09/28/2026-23:30:23] [TRT] [V]         32	32
[09/28/2026-23:30:23] [TRT] [V]         80	80
[09/28/2026-23:30:23] [TRT] [V]         80	80
[09/28/2026-23:30:23] [TRT] [V] CONVOLUTION /model.4/m.1/cv1/conv/Conv
[09/28/2026-23:30:23] [TRT] [V]     Input 0
[09/28/2026-23:30:23] [TRT] [V]         1	1
[09/28/2026-23:30:23] [TRT] [V]         32	32
[09/28/2026-23:30:23] [TRT] [V]         80	80
[09/28/2026-23:30:23] [TRT] [V]         80	80
[09/28/2026-23:30:23] [TRT] [V]     Output 0
[09/28/2026-23:30:23] [TRT] [V]         1	1
[09/28/2026-23:30:23] [TRT] [V]         32	32
[09/28/2026-23:30:23] [TRT] [V]         80	80
[09/28/2026-23:30:23] [TRT] [V]         80	80
[09/28/2026-23:30:23] [TRT] [V] ACTIVATION /model.4/m.1/cv1/act/Sigmoid
[09/28/2026-23:30:23] [TRT] [V]     Input 0
[09/28/2026-23:30:23] [TRT] [V]         1	1
[09/28/2026-23:30:23] [TRT] [V]         32	32
[09/28/2026-23:30:23] [TRT] [V]         80	80
[09/28/2026-23:30:23] [TRT] [V]         80	80
[09/28/2026-23:30:23] [TRT] [V]     Output 0
[09/28/2026-23:30:23] [TRT] [V]         1	1
[09/28/2026-23:30:23] [TRT] [V]         32	32
[09/28/2026-23:30:23] [TRT] [V]         80	80
[09/28/2026-23:30:23] [TRT] [V]         80	80
[09/28/2026-23:30:23] [TRT] [V] ELEMENTWISE /model.4/m.1/cv1/act/Mul
[09/28/2026-23:30:23] [TRT] [V]     Input 0
[09/28/2026-23:30:23] [TRT] [V]         1	1
[09/28/2026-23:30:23] [TRT] [V]         32	32
[09/28/2026-23:30:23] [TRT] [V]         80	80
[09/28/2026-23:30:23] [TRT] [V]         80	80
[09/28/2026-23:30:23] [TRT] [V]     Input 1
[09/28/2026-23:30:23] [TRT] [V]         1	1
[09/28/2026-23:30:23] [TRT] [V]         32	32
[09/28/2026-23:30:23] [TRT] [V]         80	80
[09/28/2026-23:30:23] [TRT] [V]         80	80
[09/28/2026-23:30:23] [TRT] [V]     Output 0
[09/28/2026-23:30:23] [TRT] [V]         1	1
[09/28/2026-23:30:23] [TRT] [V]         32	32
[09/28/2026-23:30:23] [TRT] [V]         80	80
[09/28/2026-23:30:23] [TRT] [V]         80	80
[09/28/2026-23:30:23] [TRT] [V] CONVOLUTION /model.4/m.1/cv2/conv/Conv
[09/28/2026-23:30:23] [TRT] [V]     Input 0
[09/28/2026-23:30:23] [TRT] [V]         1	1
[09/28/2026-23:30:23] [TRT] [V]         32	32
[09/28/2026-23:30:23] [TRT] [V]         80	80
[09/28/2026-23:30:23] [TRT] [V]         80	80
[09/28/2026-23:30:23] [TRT] [V]     Output 0
[09/28/2026-23:30:23] [TRT] [V]         1	1
[09/28/2026-23:30:23] [TRT] [V]         32	32
[09/28/2026-23:30:23] [TRT] [V]         80	80
[09/28/2026-23:30:23] [TRT] [V]         80	80
[09/28/2026-23:30:23] [TRT] [V] ACTIVATION /model.4/m.1/cv2/act/Sigmoid
[09/28/2026-23:30:23] [TRT] [V]     Input 0
[09/28/2026-23:30:23] [TRT] [V]         1	1
[09/28/2026-23:30:23] [TRT] [V]         32	32
[09/28/2026-23:30:23] [TRT] [V]         80	80
[09/28/2026-23:30:23] [TRT] [V]         80	80
[09/28/2026-23:30:23] [TRT] [V]     Output 0
[09/28/2026-23:30:23] [TRT] [V]         1	1
[09/28/2026-23:30:23] [TRT] [V]         32	32
[09/28/2026-23:30:23] [TRT] [V]         80	80
[09/28/2026-23:30:23] [TRT] [V]         80	80
[09/28/2026-23:30:23] [TRT] [V] ELEMENTWISE /model.4/m.1/cv2/act/Mul
[09/28/2026-23:30:23] [TRT] [V]     Input 0
[09/28/2026-23:30:23] [TRT] [V]         1	1
[09/28/2026-23:30:23] [TRT] [V]         32	32
[09/28/2026-23:30:23] [TRT] [V]         80	80
[09/28/2026-23:30:23] [TRT] [V]         80	80
[09/28/2026-23:30:23] [TRT] [V]     Input 1
[09/28/2026-23:30:23] [TRT] [V]         1	1
[09/28/2026-23:30:23] [TRT] [V]         32	32
[09/28/2026-23:30:23] [TRT] [V]         80	80
[09/28/2026-23:30:23] [TRT] [V]         80	80
[09/28/2026-23:30:23] [TRT] [V]     Output 0
[09/28/2026-23:30:23] [TRT] [V]         1	1
[09/28/2026-23:30:23] [TRT] [V]         32	32
[09/28/2026-23:30:23] [TRT] [V]         80	80
[09/28/2026-23:30:23] [TRT] [V]         80	80
[09/28/2026-23:30:23] [TRT] [V] ELEMENTWISE /model.4/m.1/Add
[09/28/2026-23:30:23] [TRT] [V]     Input 0
[09/28/2026-23:30:23] [TRT] [V]         1	1
[09/28/2026-23:30:23] [TRT] [V]         32	32
[09/28/2026-23:30:23] [TRT] [V]         80	80
[09/28/2026-23:30:23] [TRT] [V]         80	80
[09/28/2026-23:30:23] [TRT] [V]     Input 1
[09/28/2026-23:30:23] [TRT] [V]         1	1
[09/28/2026-23:30:23] [TRT] [V]         32	32
[09/28/2026-23:30:23] [TRT] [V]         80	80
[09/28/2026-23:30:23] [TRT] [V]         80	80
[09/28/2026-23:30:23] [TRT] [V]     Output 0
[09/28/2026-23:30:23] [TRT] [V]         1	1
[09/28/2026-23:30:23] [TRT] [V]         32	32
[09/28/2026-23:30:23] [TRT] [V]         80	80
[09/28/2026-23:30:23] [TRT] [V]         80	80
[09/28/2026-23:30:23] [TRT] [V] CONCATENATION /model.4/Concat
[09/28/2026-23:30:23] [TRT] [V]     Input 0
[09/28/2026-23:30:23] [TRT] [V]         1	1
[09/28/2026-23:30:23] [TRT] [V]         32	32
[09/28/2026-23:30:23] [TRT] [V]         80	80
[09/28/2026-23:30:23] [TRT] [V]         80	80
[09/28/2026-23:30:23] [TRT] [V]     Input 1
[09/28/2026-23:30:23] [TRT] [V]         1	1
[09/28/2026-23:30:23] [TRT] [V]         32	32
[09/28/2026-23:30:23] [TRT] [V]         80	80
[09/28/2026-23:30:23] [TRT] [V]         80	80
[09/28/2026-23:30:23] [TRT] [V]     Input 2
[09/28/2026-23:30:23] [TRT] [V]         1	1
[09/28/2026-23:30:23] [TRT] [V]         32	32
[09/28/2026-23:30:23] [TRT] [V]         80	80
[09/28/2026-23:30:23] [TRT] [V]         80	80
[09/28/2026-23:30:23] [TRT] [V]     Input 3
[09/28/2026-23:30:23] [TRT] [V]         1	1
[09/28/2026-23:30:23] [TRT] [V]         32	32
[09/28/2026-23:30:23] [TRT] [V]         80	80
[09/28/2026-23:30:23] [TRT] [V]         80	80
[09/28/2026-23:30:23] [TRT] [V]     Output 0
[09/28/2026-23:30:23] [TRT] [V]         1	1
[09/28/2026-23:30:23] [TRT] [V]         128	128
[09/28/2026-23:30:23] [TRT] [V]         80	80
[09/28/2026-23:30:23] [TRT] [V]         80	80
[09/28/2026-23:30:23] [TRT] [V] CONVOLUTION /model.4/cv2/conv/Conv
[09/28/2026-23:30:23] [TRT] [V]     Input 0
[09/28/2026-23:30:23] [TRT] [V]         1	1
[09/28/2026-23:30:23] [TRT] [V]         128	128
[09/28/2026-23:30:23] [TRT] [V]         80	80
[09/28/2026-23:30:23] [TRT] [V]         80	80
[09/28/2026-23:30:23] [TRT] [V]     Output 0
[09/28/2026-23:30:23] [TRT] [V]         1	1
[09/28/2026-23:30:23] [TRT] [V]         64	64
[09/28/2026-23:30:23] [TRT] [V]         80	80
[09/28/2026-23:30:23] [TRT] [V]         80	80
[09/28/2026-23:30:23] [TRT] [V] ACTIVATION /model.4/cv2/act/Sigmoid
[09/28/2026-23:30:23] [TRT] [V]     Input 0
[09/28/2026-23:30:23] [TRT] [V]         1	1
[09/28/2026-23:30:23] [TRT] [V]         64	64
[09/28/2026-23:30:23] [TRT] [V]         80	80
[09/28/2026-23:30:23] [TRT] [V]         80	80
[09/28/2026-23:30:23] [TRT] [V]     Output 0
[09/28/2026-23:30:23] [TRT] [V]         1	1
[09/28/2026-23:30:23] [TRT] [V]         64	64
[09/28/2026-23:30:23] [TRT] [V]         80	80
[09/28/2026-23:30:23] [TRT] [V]         80	80
[09/28/2026-23:30:23] [TRT] [V] ELEMENTWISE /model.4/cv2/act/Mul
[09/28/2026-23:30:23] [TRT] [V]     Input 0
[09/28/2026-23:30:23] [TRT] [V]         1	1
[09/28/2026-23:30:23] [TRT] [V]         64	64
[09/28/2026-23:30:23] [TRT] [V]         80	80
[09/28/2026-23:30:23] [TRT] [V]         80	80
[09/28/2026-23:30:23] [TRT] [V]     Input 1
[09/28/2026-23:30:23] [TRT] [V]         1	1
[09/28/2026-23:30:23] [TRT] [V]         64	64
[09/28/2026-23:30:23] [TRT] [V]         80	80
[09/28/2026-23:30:23] [TRT] [V]         80	80
[09/28/2026-23:30:23] [TRT] [V]     Output 0
[09/28/2026-23:30:23] [TRT] [V]         1	1
[09/28/2026-23:30:23] [TRT] [V]         64	64
[09/28/2026-23:30:23] [TRT] [V]         80	80
[09/28/2026-23:30:23] [TRT] [V]         80	80
[09/28/2026-23:30:23] [TRT] [V] CONVOLUTION /model.5/conv/Conv
[09/28/2026-23:30:23] [TRT] [V]     Input 0
[09/28/2026-23:30:23] [TRT] [V]         1	1
[09/28/2026-23:30:23] [TRT] [V]         64	64
[09/28/2026-23:30:23] [TRT] [V]         80	80
[09/28/2026-23:30:23] [TRT] [V]         80	80
[09/28/2026-23:30:23] [TRT] [V]     Output 0
[09/28/2026-23:30:23] [TRT] [V]         1	1
[09/28/2026-23:30:23] [TRT] [V]         128	128
[09/28/2026-23:30:23] [TRT] [V]         40	40
[09/28/2026-23:30:23] [TRT] [V]         40	40
[09/28/2026-23:30:23] [TRT] [V] ACTIVATION /model.5/act/Sigmoid
[09/28/2026-23:30:23] [TRT] [V]     Input 0
[09/28/2026-23:30:23] [TRT] [V]         1	1
[09/28/2026-23:30:23] [TRT] [V]         128	128
[09/28/2026-23:30:23] [TRT] [V]         40	40
[09/28/2026-23:30:23] [TRT] [V]         40	40
[09/28/2026-23:30:23] [TRT] [V]     Output 0
[09/28/2026-23:30:23] [TRT] [V]         1	1
[09/28/2026-23:30:23] [TRT] [V]         128	128
[09/28/2026-23:30:23] [TRT] [V]         40	40
[09/28/2026-23:30:23] [TRT] [V]         40	40
[09/28/2026-23:30:23] [TRT] [V] ELEMENTWISE /model.5/act/Mul
[09/28/2026-23:30:23] [TRT] [V]     Input 0
[09/28/2026-23:30:23] [TRT] [V]         1	1
[09/28/2026-23:30:23] [TRT] [V]         128	128
[09/28/2026-23:30:23] [TRT] [V]         40	40
[09/28/2026-23:30:23] [TRT] [V]         40	40
[09/28/2026-23:30:23] [TRT] [V]     Input 1
[09/28/2026-23:30:23] [TRT] [V]         1	1
[09/28/2026-23:30:23] [TRT] [V]         128	128
[09/28/2026-23:30:23] [TRT] [V]         40	40
[09/28/2026-23:30:23] [TRT] [V]         40	40
[09/28/2026-23:30:23] [TRT] [V]     Output 0
[09/28/2026-23:30:23] [TRT] [V]         1	1
[09/28/2026-23:30:23] [TRT] [V]         128	128
[09/28/2026-23:30:23] [TRT] [V]         40	40
[09/28/2026-23:30:23] [TRT] [V]         40	40
[09/28/2026-23:30:23] [TRT] [V] CONVOLUTION /model.6/cv1/conv/Conv
[09/28/2026-23:30:23] [TRT] [V]     Input 0
[09/28/2026-23:30:23] [TRT] [V]         1	1
[09/28/2026-23:30:23] [TRT] [V]         128	128
[09/28/2026-23:30:23] [TRT] [V]         40	40
[09/28/2026-23:30:23] [TRT] [V]         40	40
[09/28/2026-23:30:23] [TRT] [V]     Output 0
[09/28/2026-23:30:23] [TRT] [V]         1	1
[09/28/2026-23:30:23] [TRT] [V]         128	128
[09/28/2026-23:30:23] [TRT] [V]         40	40
[09/28/2026-23:30:23] [TRT] [V]         40	40
[09/28/2026-23:30:23] [TRT] [V] ACTIVATION /model.6/cv1/act/Sigmoid
[09/28/2026-23:30:23] [TRT] [V]     Input 0
[09/28/2026-23:30:23] [TRT] [V]         1	1
[09/28/2026-23:30:23] [TRT] [V]         128	128
[09/28/2026-23:30:23] [TRT] [V]         40	40
[09/28/2026-23:30:23] [TRT] [V]         40	40
[09/28/2026-23:30:23] [TRT] [V]     Output 0
[09/28/2026-23:30:23] [TRT] [V]         1	1
[09/28/2026-23:30:23] [TRT] [V]         128	128
[09/28/2026-23:30:23] [TRT] [V]         40	40
[09/28/2026-23:30:23] [TRT] [V]         40	40
[09/28/2026-23:30:23] [TRT] [V] ELEMENTWISE /model.6/cv1/act/Mul
[09/28/2026-23:30:23] [TRT] [V]     Input 0
[09/28/2026-23:30:23] [TRT] [V]         1	1
[09/28/2026-23:30:23] [TRT] [V]         128	128
[09/28/2026-23:30:23] [TRT] [V]         40	40
[09/28/2026-23:30:23] [TRT] [V]         40	40
[09/28/2026-23:30:23] [TRT] [V]     Input 1
[09/28/2026-23:30:23] [TRT] [V]         1	1
[09/28/2026-23:30:23] [TRT] [V]         128	128
[09/28/2026-23:30:23] [TRT] [V]         40	40
[09/28/2026-23:30:23] [TRT] [V]         40	40
[09/28/2026-23:30:23] [TRT] [V]     Output 0
[09/28/2026-23:30:23] [TRT] [V]         1	1
[09/28/2026-23:30:23] [TRT] [V]         128	128
[09/28/2026-23:30:23] [TRT] [V]         40	40
[09/28/2026-23:30:23] [TRT] [V]         40	40
[09/28/2026-23:30:23] [TRT] [V] SLICE /model.6/Split
[09/28/2026-23:30:23] [TRT] [V]     Input 0
[09/28/2026-23:30:23] [TRT] [V]         1	1
[09/28/2026-23:30:23] [TRT] [V]         128	128
[09/28/2026-23:30:23] [TRT] [V]         40	40
[09/28/2026-23:30:23] [TRT] [V]         40	40
[09/28/2026-23:30:23] [TRT] [V]     Output 0
[09/28/2026-23:30:23] [TRT] [V]         1	1
[09/28/2026-23:30:23] [TRT] [V]         64	64
[09/28/2026-23:30:23] [TRT] [V]         40	40
[09/28/2026-23:30:23] [TRT] [V]         40	40
[09/28/2026-23:30:23] [TRT] [V] SLICE /model.6/Split_7
[09/28/2026-23:30:23] [TRT] [V]     Input 0
[09/28/2026-23:30:23] [TRT] [V]         1	1
[09/28/2026-23:30:23] [TRT] [V]         128	128
[09/28/2026-23:30:23] [TRT] [V]         40	40
[09/28/2026-23:30:23] [TRT] [V]         40	40
[09/28/2026-23:30:23] [TRT] [V]     Output 0
[09/28/2026-23:30:23] [TRT] [V]         1	1
[09/28/2026-23:30:23] [TRT] [V]         64	64
[09/28/2026-23:30:23] [TRT] [V]         40	40
[09/28/2026-23:30:23] [TRT] [V]         40	40
[09/28/2026-23:30:23] [TRT] [V] CONVOLUTION /model.6/m.0/cv1/conv/Conv
[09/28/2026-23:30:23] [TRT] [V]     Input 0
[09/28/2026-23:30:23] [TRT] [V]         1	1
[09/28/2026-23:30:23] [TRT] [V]         64	64
[09/28/2026-23:30:23] [TRT] [V]         40	40
[09/28/2026-23:30:23] [TRT] [V]         40	40
[09/28/2026-23:30:23] [TRT] [V]     Output 0
[09/28/2026-23:30:23] [TRT] [V]         1	1
[09/28/2026-23:30:23] [TRT] [V]         64	64
[09/28/2026-23:30:23] [TRT] [V]         40	40
[09/28/2026-23:30:23] [TRT] [V]         40	40
[09/28/2026-23:30:23] [TRT] [V] ACTIVATION /model.6/m.0/cv1/act/Sigmoid
[09/28/2026-23:30:23] [TRT] [V]     Input 0
[09/28/2026-23:30:23] [TRT] [V]         1	1
[09/28/2026-23:30:23] [TRT] [V]         64	64
[09/28/2026-23:30:23] [TRT] [V]         40	40
[09/28/2026-23:30:23] [TRT] [V]         40	40
[09/28/2026-23:30:23] [TRT] [V]     Output 0
[09/28/2026-23:30:23] [TRT] [V]         1	1
[09/28/2026-23:30:23] [TRT] [V]         64	64
[09/28/2026-23:30:23] [TRT] [V]         40	40
[09/28/2026-23:30:23] [TRT] [V]         40	40
[09/28/2026-23:30:23] [TRT] [V] ELEMENTWISE /model.6/m.0/cv1/act/Mul
[09/28/2026-23:30:23] [TRT] [V]     Input 0
[09/28/2026-23:30:23] [TRT] [V]         1	1
[09/28/2026-23:30:23] [TRT] [V]         64	64
[09/28/2026-23:30:23] [TRT] [V]         40	40
[09/28/2026-23:30:23] [TRT] [V]         40	40
[09/28/2026-23:30:23] [TRT] [V]     Input 1
[09/28/2026-23:30:23] [TRT] [V]         1	1
[09/28/2026-23:30:23] [TRT] [V]         64	64
[09/28/2026-23:30:23] [TRT] [V]         40	40
[09/28/2026-23:30:23] [TRT] [V]         40	40
[09/28/2026-23:30:23] [TRT] [V]     Output 0
[09/28/2026-23:30:23] [TRT] [V]         1	1
[09/28/2026-23:30:23] [TRT] [V]         64	64
[09/28/2026-23:30:23] [TRT] [V]         40	40
[09/28/2026-23:30:23] [TRT] [V]         40	40
[09/28/2026-23:30:23] [TRT] [V] CONVOLUTION /model.6/m.0/cv2/conv/Conv
[09/28/2026-23:30:23] [TRT] [V]     Input 0
[09/28/2026-23:30:23] [TRT] [V]         1	1
[09/28/2026-23:30:23] [TRT] [V]         64	64
[09/28/2026-23:30:23] [TRT] [V]         40	40
[09/28/2026-23:30:23] [TRT] [V]         40	40
[09/28/2026-23:30:23] [TRT] [V]     Output 0
[09/28/2026-23:30:23] [TRT] [V]         1	1
[09/28/2026-23:30:23] [TRT] [V]         64	64
[09/28/2026-23:30:23] [TRT] [V]         40	40
[09/28/2026-23:30:23] [TRT] [V]         40	40
[09/28/2026-23:30:23] [TRT] [V] ACTIVATION /model.6/m.0/cv2/act/Sigmoid
[09/28/2026-23:30:23] [TRT] [V]     Input 0
[09/28/2026-23:30:23] [TRT] [V]         1	1
[09/28/2026-23:30:23] [TRT] [V]         64	64
[09/28/2026-23:30:23] [TRT] [V]         40	40
[09/28/2026-23:30:23] [TRT] [V]         40	40
[09/28/2026-23:30:23] [TRT] [V]     Output 0
[09/28/2026-23:30:23] [TRT] [V]         1	1
[09/28/2026-23:30:23] [TRT] [V]         64	64
[09/28/2026-23:30:23] [TRT] [V]         40	40
[09/28/2026-23:30:23] [TRT] [V]         40	40
[09/28/2026-23:30:23] [TRT] [V] ELEMENTWISE /model.6/m.0/cv2/act/Mul
[09/28/2026-23:30:23] [TRT] [V]     Input 0
[09/28/2026-23:30:23] [TRT] [V]         1	1
[09/28/2026-23:30:23] [TRT] [V]         64	64
[09/28/2026-23:30:23] [TRT] [V]         40	40
[09/28/2026-23:30:23] [TRT] [V]         40	40
[09/28/2026-23:30:23] [TRT] [V]     Input 1
[09/28/2026-23:30:23] [TRT] [V]         1	1
[09/28/2026-23:30:23] [TRT] [V]         64	64
[09/28/2026-23:30:23] [TRT] [V]         40	40
[09/28/2026-23:30:23] [TRT] [V]         40	40
[09/28/2026-23:30:23] [TRT] [V]     Output 0
[09/28/2026-23:30:23] [TRT] [V]         1	1
[09/28/2026-23:30:23] [TRT] [V]         64	64
[09/28/2026-23:30:23] [TRT] [V]         40	40
[09/28/2026-23:30:23] [TRT] [V]         40	40
[09/28/2026-23:30:23] [TRT] [V] ELEMENTWISE /model.6/m.0/Add
[09/28/2026-23:30:23] [TRT] [V]     Input 0
[09/28/2026-23:30:23] [TRT] [V]         1	1
[09/28/2026-23:30:23] [TRT] [V]         64	64
[09/28/2026-23:30:23] [TRT] [V]         40	40
[09/28/2026-23:30:23] [TRT] [V]         40	40
[09/28/2026-23:30:23] [TRT] [V]     Input 1
[09/28/2026-23:30:23] [TRT] [V]         1	1
[09/28/2026-23:30:23] [TRT] [V]         64	64
[09/28/2026-23:30:23] [TRT] [V]         40	40
[09/28/2026-23:30:23] [TRT] [V]         40	40
[09/28/2026-23:30:23] [TRT] [V]     Output 0
[09/28/2026-23:30:23] [TRT] [V]         1	1
[09/28/2026-23:30:23] [TRT] [V]         64	64
[09/28/2026-23:30:23] [TRT] [V]         40	40
[09/28/2026-23:30:23] [TRT] [V]         40	40
[09/28/2026-23:30:23] [TRT] [V] CONVOLUTION /model.6/m.1/cv1/conv/Conv
[09/28/2026-23:30:23] [TRT] [V]     Input 0
[09/28/2026-23:30:23] [TRT] [V]         1	1
[09/28/2026-23:30:23] [TRT] [V]         64	64
[09/28/2026-23:30:23] [TRT] [V]         40	40
[09/28/2026-23:30:23] [TRT] [V]         40	40
[09/28/2026-23:30:23] [TRT] [V]     Output 0
[09/28/2026-23:30:23] [TRT] [V]         1	1
[09/28/2026-23:30:23] [TRT] [V]         64	64
[09/28/2026-23:30:23] [TRT] [V]         40	40
[09/28/2026-23:30:23] [TRT] [V]         40	40
[09/28/2026-23:30:23] [TRT] [V] ACTIVATION /model.6/m.1/cv1/act/Sigmoid
[09/28/2026-23:30:23] [TRT] [V]     Input 0
[09/28/2026-23:30:23] [TRT] [V]         1	1
[09/28/2026-23:30:23] [TRT] [V]         64	64
[09/28/2026-23:30:23] [TRT] [V]         40	40
[09/28/2026-23:30:23] [TRT] [V]         40	40
[09/28/2026-23:30:23] [TRT] [V]     Output 0
[09/28/2026-23:30:23] [TRT] [V]         1	1
[09/28/2026-23:30:23] [TRT] [V]         64	64
[09/28/2026-23:30:23] [TRT] [V]         40	40
[09/28/2026-23:30:23] [TRT] [V]         40	40
[09/28/2026-23:30:23] [TRT] [V] ELEMENTWISE /model.6/m.1/cv1/act/Mul
[09/28/2026-23:30:23] [TRT] [V]     Input 0
[09/28/2026-23:30:23] [TRT] [V]         1	1
[09/28/2026-23:30:23] [TRT] [V]         64	64
[09/28/2026-23:30:23] [TRT] [V]         40	40
[09/28/2026-23:30:23] [TRT] [V]         40	40
[09/28/2026-23:30:23] [TRT] [V]     Input 1
[09/28/2026-23:30:23] [TRT] [V]         1	1
[09/28/2026-23:30:23] [TRT] [V]         64	64
[09/28/2026-23:30:23] [TRT] [V]         40	40
[09/28/2026-23:30:23] [TRT] [V]         40	40
[09/28/2026-23:30:23] [TRT] [V]     Output 0
[09/28/2026-23:30:23] [TRT] [V]         1	1
[09/28/2026-23:30:23] [TRT] [V]         64	64
[09/28/2026-23:30:23] [TRT] [V]         40	40
[09/28/2026-23:30:23] [TRT] [V]         40	40
[09/28/2026-23:30:23] [TRT] [V] CONVOLUTION /model.6/m.1/cv2/conv/Conv
[09/28/2026-23:30:23] [TRT] [V]     Input 0
[09/28/2026-23:30:23] [TRT] [V]         1	1
[09/28/2026-23:30:23] [TRT] [V]         64	64
[09/28/2026-23:30:23] [TRT] [V]         40	40
[09/28/2026-23:30:23] [TRT] [V]         40	40
[09/28/2026-23:30:23] [TRT] [V]     Output 0
[09/28/2026-23:30:23] [TRT] [V]         1	1
[09/28/2026-23:30:23] [TRT] [V]         64	64
[09/28/2026-23:30:23] [TRT] [V]         40	40
[09/28/2026-23:30:23] [TRT] [V]         40	40
[09/28/2026-23:30:23] [TRT] [V] ACTIVATION /model.6/m.1/cv2/act/Sigmoid
[09/28/2026-23:30:23] [TRT] [V]     Input 0
[09/28/2026-23:30:23] [TRT] [V]         1	1
[09/28/2026-23:30:23] [TRT] [V]         64	64
[09/28/2026-23:30:23] [TRT] [V]         40	40
[09/28/2026-23:30:23] [TRT] [V]         40	40
[09/28/2026-23:30:23] [TRT] [V]     Output 0
[09/28/2026-23:30:23] [TRT] [V]         1	1
[09/28/2026-23:30:23] [TRT] [V]         64	64
[09/28/2026-23:30:23] [TRT] [V]         40	40
[09/28/2026-23:30:23] [TRT] [V]         40	40
[09/28/2026-23:30:23] [TRT] [V] ELEMENTWISE /model.6/m.1/cv2/act/Mul
[09/28/2026-23:30:23] [TRT] [V]     Input 0
[09/28/2026-23:30:23] [TRT] [V]         1	1
[09/28/2026-23:30:23] [TRT] [V]         64	64
[09/28/2026-23:30:23] [TRT] [V]         40	40
[09/28/2026-23:30:23] [TRT] [V]         40	40
[09/28/2026-23:30:23] [TRT] [V]     Input 1
[09/28/2026-23:30:23] [TRT] [V]         1	1
[09/28/2026-23:30:23] [TRT] [V]         64	64
[09/28/2026-23:30:23] [TRT] [V]         40	40
[09/28/2026-23:30:23] [TRT] [V]         40	40
[09/28/2026-23:30:23] [TRT] [V]     Output 0
[09/28/2026-23:30:23] [TRT] [V]         1	1
[09/28/2026-23:30:23] [TRT] [V]         64	64
[09/28/2026-23:30:23] [TRT] [V]         40	40
[09/28/2026-23:30:23] [TRT] [V]         40	40
[09/28/2026-23:30:23] [TRT] [V] ELEMENTWISE /model.6/m.1/Add
[09/28/2026-23:30:23] [TRT] [V]     Input 0
[09/28/2026-23:30:23] [TRT] [V]         1	1
[09/28/2026-23:30:23] [TRT] [V]         64	64
[09/28/2026-23:30:23] [TRT] [V]         40	40
[09/28/2026-23:30:23] [TRT] [V]         40	40
[09/28/2026-23:30:23] [TRT] [V]     Input 1
[09/28/2026-23:30:23] [TRT] [V]         1	1
[09/28/2026-23:30:23] [TRT] [V]         64	64
[09/28/2026-23:30:23] [TRT] [V]         40	40
[09/28/2026-23:30:23] [TRT] [V]         40	40
[09/28/2026-23:30:23] [TRT] [V]     Output 0
[09/28/2026-23:30:23] [TRT] [V]         1	1
[09/28/2026-23:30:23] [TRT] [V]         64	64
[09/28/2026-23:30:23] [TRT] [V]         40	40
[09/28/2026-23:30:23] [TRT] [V]         40	40
[09/28/2026-23:30:23] [TRT] [V] CONCATENATION /model.6/Concat
[09/28/2026-23:30:23] [TRT] [V]     Input 0
[09/28/2026-23:30:23] [TRT] [V]         1	1
[09/28/2026-23:30:23] [TRT] [V]         64	64
[09/28/2026-23:30:23] [TRT] [V]         40	40
[09/28/2026-23:30:23] [TRT] [V]         40	40
[09/28/2026-23:30:23] [TRT] [V]     Input 1
[09/28/2026-23:30:23] [TRT] [V]         1	1
[09/28/2026-23:30:23] [TRT] [V]         64	64
[09/28/2026-23:30:23] [TRT] [V]         40	40
[09/28/2026-23:30:23] [TRT] [V]         40	40
[09/28/2026-23:30:23] [TRT] [V]     Input 2
[09/28/2026-23:30:23] [TRT] [V]         1	1
[09/28/2026-23:30:23] [TRT] [V]         64	64
[09/28/2026-23:30:23] [TRT] [V]         40	40
[09/28/2026-23:30:23] [TRT] [V]         40	40
[09/28/2026-23:30:23] [TRT] [V]     Input 3
[09/28/2026-23:30:23] [TRT] [V]         1	1
[09/28/2026-23:30:23] [TRT] [V]         64	64
[09/28/2026-23:30:23] [TRT] [V]         40	40
[09/28/2026-23:30:23] [TRT] [V]         40	40
[09/28/2026-23:30:23] [TRT] [V]     Output 0
[09/28/2026-23:30:23] [TRT] [V]         1	1
[09/28/2026-23:30:23] [TRT] [V]         256	256
[09/28/2026-23:30:23] [TRT] [V]         40	40
[09/28/2026-23:30:23] [TRT] [V]         40	40
[09/28/2026-23:30:23] [TRT] [V] CONVOLUTION /model.6/cv2/conv/Conv
[09/28/2026-23:30:23] [TRT] [V]     Input 0
[09/28/2026-23:30:23] [TRT] [V]         1	1
[09/28/2026-23:30:23] [TRT] [V]         256	256
[09/28/2026-23:30:23] [TRT] [V]         40	40
[09/28/2026-23:30:23] [TRT] [V]         40	40
[09/28/2026-23:30:23] [TRT] [V]     Output 0
[09/28/2026-23:30:23] [TRT] [V]         1	1
[09/28/2026-23:30:23] [TRT] [V]         128	128
[09/28/2026-23:30:23] [TRT] [V]         40	40
[09/28/2026-23:30:23] [TRT] [V]         40	40
[09/28/2026-23:30:23] [TRT] [V] ACTIVATION /model.6/cv2/act/Sigmoid
[09/28/2026-23:30:23] [TRT] [V]     Input 0
[09/28/2026-23:30:23] [TRT] [V]         1	1
[09/28/2026-23:30:23] [TRT] [V]         128	128
[09/28/2026-23:30:23] [TRT] [V]         40	40
[09/28/2026-23:30:23] [TRT] [V]         40	40
[09/28/2026-23:30:23] [TRT] [V]     Output 0
[09/28/2026-23:30:23] [TRT] [V]         1	1
[09/28/2026-23:30:23] [TRT] [V]         128	128
[09/28/2026-23:30:23] [TRT] [V]         40	40
[09/28/2026-23:30:23] [TRT] [V]         40	40
[09/28/2026-23:30:23] [TRT] [V] ELEMENTWISE /model.6/cv2/act/Mul
[09/28/2026-23:30:23] [TRT] [V]     Input 0
[09/28/2026-23:30:23] [TRT] [V]         1	1
[09/28/2026-23:30:23] [TRT] [V]         128	128
[09/28/2026-23:30:23] [TRT] [V]         40	40
[09/28/2026-23:30:23] [TRT] [V]         40	40
[09/28/2026-23:30:23] [TRT] [V]     Input 1
[09/28/2026-23:30:23] [TRT] [V]         1	1
[09/28/2026-23:30:23] [TRT] [V]         128	128
[09/28/2026-23:30:23] [TRT] [V]         40	40
[09/28/2026-23:30:23] [TRT] [V]         40	40
[09/28/2026-23:30:23] [TRT] [V]     Output 0
[09/28/2026-23:30:23] [TRT] [V]         1	1
[09/28/2026-23:30:23] [TRT] [V]         128	128
[09/28/2026-23:30:23] [TRT] [V]         40	40
[09/28/2026-23:30:23] [TRT] [V]         40	40
[09/28/2026-23:30:23] [TRT] [V] CONVOLUTION /model.7/conv/Conv
[09/28/2026-23:30:23] [TRT] [V]     Input 0
[09/28/2026-23:30:23] [TRT] [V]         1	1
[09/28/2026-23:30:23] [TRT] [V]         128	128
[09/28/2026-23:30:23] [TRT] [V]         40	40
[09/28/2026-23:30:23] [TRT] [V]         40	40
[09/28/2026-23:30:23] [TRT] [V]     Output 0
[09/28/2026-23:30:23] [TRT] [V]         1	1
[09/28/2026-23:30:23] [TRT] [V]         256	256
[09/28/2026-23:30:23] [TRT] [V]         20	20
[09/28/2026-23:30:23] [TRT] [V]         20	20
[09/28/2026-23:30:23] [TRT] [V] ACTIVATION /model.7/act/Sigmoid
[09/28/2026-23:30:23] [TRT] [V]     Input 0
[09/28/2026-23:30:23] [TRT] [V]         1	1
[09/28/2026-23:30:23] [TRT] [V]         256	256
[09/28/2026-23:30:23] [TRT] [V]         20	20
[09/28/2026-23:30:23] [TRT] [V]         20	20
[09/28/2026-23:30:23] [TRT] [V]     Output 0
[09/28/2026-23:30:23] [TRT] [V]         1	1
[09/28/2026-23:30:23] [TRT] [V]         256	256
[09/28/2026-23:30:23] [TRT] [V]         20	20
[09/28/2026-23:30:23] [TRT] [V]         20	20
[09/28/2026-23:30:23] [TRT] [V] ELEMENTWISE /model.7/act/Mul
[09/28/2026-23:30:23] [TRT] [V]     Input 0
[09/28/2026-23:30:23] [TRT] [V]         1	1
[09/28/2026-23:30:23] [TRT] [V]         256	256
[09/28/2026-23:30:23] [TRT] [V]         20	20
[09/28/2026-23:30:23] [TRT] [V]         20	20
[09/28/2026-23:30:23] [TRT] [V]     Input 1
[09/28/2026-23:30:23] [TRT] [V]         1	1
[09/28/2026-23:30:23] [TRT] [V]         256	256
[09/28/2026-23:30:23] [TRT] [V]         20	20
[09/28/2026-23:30:23] [TRT] [V]         20	20
[09/28/2026-23:30:23] [TRT] [V]     Output 0
[09/28/2026-23:30:23] [TRT] [V]         1	1
[09/28/2026-23:30:23] [TRT] [V]         256	256
[09/28/2026-23:30:23] [TRT] [V]         20	20
[09/28/2026-23:30:23] [TRT] [V]         20	20
[09/28/2026-23:30:23] [TRT] [V] CONVOLUTION /model.8/cv1/conv/Conv
[09/28/2026-23:30:23] [TRT] [V]     Input 0
[09/28/2026-23:30:23] [TRT] [V]         1	1
[09/28/2026-23:30:23] [TRT] [V]         256	256
[09/28/2026-23:30:23] [TRT] [V]         20	20
[09/28/2026-23:30:23] [TRT] [V]         20	20
[09/28/2026-23:30:23] [TRT] [V]     Output 0
[09/28/2026-23:30:23] [TRT] [V]         1	1
[09/28/2026-23:30:23] [TRT] [V]         256	256
[09/28/2026-23:30:23] [TRT] [V]         20	20
[09/28/2026-23:30:23] [TRT] [V]         20	20
[09/28/2026-23:30:23] [TRT] [V] ACTIVATION /model.8/cv1/act/Sigmoid
[09/28/2026-23:30:23] [TRT] [V]     Input 0
[09/28/2026-23:30:23] [TRT] [V]         1	1
[09/28/2026-23:30:23] [TRT] [V]         256	256
[09/28/2026-23:30:23] [TRT] [V]         20	20
[09/28/2026-23:30:23] [TRT] [V]         20	20
[09/28/2026-23:30:23] [TRT] [V]     Output 0
[09/28/2026-23:30:23] [TRT] [V]         1	1
[09/28/2026-23:30:23] [TRT] [V]         256	256
[09/28/2026-23:30:23] [TRT] [V]         20	20
[09/28/2026-23:30:23] [TRT] [V]         20	20
[09/28/2026-23:30:23] [TRT] [V] ELEMENTWISE /model.8/cv1/act/Mul
[09/28/2026-23:30:23] [TRT] [V]     Input 0
[09/28/2026-23:30:23] [TRT] [V]         1	1
[09/28/2026-23:30:23] [TRT] [V]         256	256
[09/28/2026-23:30:23] [TRT] [V]         20	20
[09/28/2026-23:30:23] [TRT] [V]         20	20
[09/28/2026-23:30:23] [TRT] [V]     Input 1
[09/28/2026-23:30:23] [TRT] [V]         1	1
[09/28/2026-23:30:23] [TRT] [V]         256	256
[09/28/2026-23:30:23] [TRT] [V]         20	20
[09/28/2026-23:30:23] [TRT] [V]         20	20
[09/28/2026-23:30:23] [TRT] [V]     Output 0
[09/28/2026-23:30:23] [TRT] [V]         1	1
[09/28/2026-23:30:23] [TRT] [V]         256	256
[09/28/2026-23:30:23] [TRT] [V]         20	20
[09/28/2026-23:30:23] [TRT] [V]         20	20
[09/28/2026-23:30:23] [TRT] [V] SLICE /model.8/Split
[09/28/2026-23:30:23] [TRT] [V]     Input 0
[09/28/2026-23:30:23] [TRT] [V]         1	1
[09/28/2026-23:30:23] [TRT] [V]         256	256
[09/28/2026-23:30:23] [TRT] [V]         20	20
[09/28/2026-23:30:23] [TRT] [V]         20	20
[09/28/2026-23:30:23] [TRT] [V]     Output 0
[09/28/2026-23:30:23] [TRT] [V]         1	1
[09/28/2026-23:30:23] [TRT] [V]         128	128
[09/28/2026-23:30:23] [TRT] [V]         20	20
[09/28/2026-23:30:23] [TRT] [V]         20	20
[09/28/2026-23:30:23] [TRT] [V] SLICE /model.8/Split_10
[09/28/2026-23:30:23] [TRT] [V]     Input 0
[09/28/2026-23:30:23] [TRT] [V]         1	1
[09/28/2026-23:30:23] [TRT] [V]         256	256
[09/28/2026-23:30:23] [TRT] [V]         20	20
[09/28/2026-23:30:23] [TRT] [V]         20	20
[09/28/2026-23:30:23] [TRT] [V]     Output 0
[09/28/2026-23:30:23] [TRT] [V]         1	1
[09/28/2026-23:30:23] [TRT] [V]         128	128
[09/28/2026-23:30:23] [TRT] [V]         20	20
[09/28/2026-23:30:23] [TRT] [V]         20	20
[09/28/2026-23:30:23] [TRT] [V] CONVOLUTION /model.8/m.0/cv1/conv/Conv
[09/28/2026-23:30:23] [TRT] [V]     Input 0
[09/28/2026-23:30:23] [TRT] [V]         1	1
[09/28/2026-23:30:23] [TRT] [V]         128	128
[09/28/2026-23:30:23] [TRT] [V]         20	20
[09/28/2026-23:30:23] [TRT] [V]         20	20
[09/28/2026-23:30:23] [TRT] [V]     Output 0
[09/28/2026-23:30:23] [TRT] [V]         1	1
[09/28/2026-23:30:23] [TRT] [V]         128	128
[09/28/2026-23:30:23] [TRT] [V]         20	20
[09/28/2026-23:30:23] [TRT] [V]         20	20
[09/28/2026-23:30:23] [TRT] [V] ACTIVATION /model.8/m.0/cv1/act/Sigmoid
[09/28/2026-23:30:23] [TRT] [V]     Input 0
[09/28/2026-23:30:23] [TRT] [V]         1	1
[09/28/2026-23:30:23] [TRT] [V]         128	128
[09/28/2026-23:30:23] [TRT] [V]         20	20
[09/28/2026-23:30:23] [TRT] [V]         20	20
[09/28/2026-23:30:23] [TRT] [V]     Output 0
[09/28/2026-23:30:23] [TRT] [V]         1	1
[09/28/2026-23:30:23] [TRT] [V]         128	128
[09/28/2026-23:30:23] [TRT] [V]         20	20
[09/28/2026-23:30:23] [TRT] [V]         20	20
[09/28/2026-23:30:23] [TRT] [V] ELEMENTWISE /model.8/m.0/cv1/act/Mul
[09/28/2026-23:30:23] [TRT] [V]     Input 0
[09/28/2026-23:30:23] [TRT] [V]         1	1
[09/28/2026-23:30:23] [TRT] [V]         128	128
[09/28/2026-23:30:23] [TRT] [V]         20	20
[09/28/2026-23:30:23] [TRT] [V]         20	20
[09/28/2026-23:30:23] [TRT] [V]     Input 1
[09/28/2026-23:30:23] [TRT] [V]         1	1
[09/28/2026-23:30:23] [TRT] [V]         128	128
[09/28/2026-23:30:23] [TRT] [V]         20	20
[09/28/2026-23:30:23] [TRT] [V]         20	20
[09/28/2026-23:30:23] [TRT] [V]     Output 0
[09/28/2026-23:30:23] [TRT] [V]         1	1
[09/28/2026-23:30:23] [TRT] [V]         128	128
[09/28/2026-23:30:23] [TRT] [V]         20	20
[09/28/2026-23:30:23] [TRT] [V]         20	20
[09/28/2026-23:30:23] [TRT] [V] CONVOLUTION /model.8/m.0/cv2/conv/Conv
[09/28/2026-23:30:23] [TRT] [V]     Input 0
[09/28/2026-23:30:23] [TRT] [V]         1	1
[09/28/2026-23:30:23] [TRT] [V]         128	128
[09/28/2026-23:30:23] [TRT] [V]         20	20
[09/28/2026-23:30:23] [TRT] [V]         20	20
[09/28/2026-23:30:23] [TRT] [V]     Output 0
[09/28/2026-23:30:23] [TRT] [V]         1	1
[09/28/2026-23:30:23] [TRT] [V]         128	128
[09/28/2026-23:30:23] [TRT] [V]         20	20
[09/28/2026-23:30:23] [TRT] [V]         20	20
[09/28/2026-23:30:23] [TRT] [V] ACTIVATION /model.8/m.0/cv2/act/Sigmoid
[09/28/2026-23:30:23] [TRT] [V]     Input 0
[09/28/2026-23:30:23] [TRT] [V]         1	1
[09/28/2026-23:30:23] [TRT] [V]         128	128
[09/28/2026-23:30:23] [TRT] [V]         20	20
[09/28/2026-23:30:23] [TRT] [V]         20	20
[09/28/2026-23:30:23] [TRT] [V]     Output 0
[09/28/2026-23:30:23] [TRT] [V]         1	1
[09/28/2026-23:30:23] [TRT] [V]         128	128
[09/28/2026-23:30:23] [TRT] [V]         20	20
[09/28/2026-23:30:23] [TRT] [V]         20	20
[09/28/2026-23:30:23] [TRT] [V] ELEMENTWISE /model.8/m.0/cv2/act/Mul
[09/28/2026-23:30:23] [TRT] [V]     Input 0
[09/28/2026-23:30:23] [TRT] [V]         1	1
[09/28/2026-23:30:23] [TRT] [V]         128	128
[09/28/2026-23:30:23] [TRT] [V]         20	20
[09/28/2026-23:30:23] [TRT] [V]         20	20
[09/28/2026-23:30:23] [TRT] [V]     Input 1
[09/28/2026-23:30:23] [TRT] [V]         1	1
[09/28/2026-23:30:23] [TRT] [V]         128	128
[09/28/2026-23:30:23] [TRT] [V]         20	20
[09/28/2026-23:30:23] [TRT] [V]         20	20
[09/28/2026-23:30:23] [TRT] [V]     Output 0
[09/28/2026-23:30:23] [TRT] [V]         1	1
[09/28/2026-23:30:23] [TRT] [V]         128	128
[09/28/2026-23:30:23] [TRT] [V]         20	20
[09/28/2026-23:30:23] [TRT] [V]         20	20
[09/28/2026-23:30:23] [TRT] [V] ELEMENTWISE /model.8/m.0/Add
[09/28/2026-23:30:23] [TRT] [V]     Input 0
[09/28/2026-23:30:23] [TRT] [V]         1	1
[09/28/2026-23:30:23] [TRT] [V]         128	128
[09/28/2026-23:30:23] [TRT] [V]         20	20
[09/28/2026-23:30:23] [TRT] [V]         20	20
[09/28/2026-23:30:23] [TRT] [V]     Input 1
[09/28/2026-23:30:23] [TRT] [V]         1	1
[09/28/2026-23:30:23] [TRT] [V]         128	128
[09/28/2026-23:30:23] [TRT] [V]         20	20
[09/28/2026-23:30:23] [TRT] [V]         20	20
[09/28/2026-23:30:23] [TRT] [V]     Output 0
[09/28/2026-23:30:23] [TRT] [V]         1	1
[09/28/2026-23:30:23] [TRT] [V]         128	128
[09/28/2026-23:30:23] [TRT] [V]         20	20
[09/28/2026-23:30:23] [TRT] [V]         20	20
[09/28/2026-23:30:23] [TRT] [V] CONCATENATION /model.8/Concat
[09/28/2026-23:30:23] [TRT] [V]     Input 0
[09/28/2026-23:30:23] [TRT] [V]         1	1
[09/28/2026-23:30:23] [TRT] [V]         128	128
[09/28/2026-23:30:23] [TRT] [V]         20	20
[09/28/2026-23:30:23] [TRT] [V]         20	20
[09/28/2026-23:30:23] [TRT] [V]     Input 1
[09/28/2026-23:30:23] [TRT] [V]         1	1
[09/28/2026-23:30:23] [TRT] [V]         128	128
[09/28/2026-23:30:23] [TRT] [V]         20	20
[09/28/2026-23:30:23] [TRT] [V]         20	20
[09/28/2026-23:30:23] [TRT] [V]     Input 2
[09/28/2026-23:30:23] [TRT] [V]         1	1
[09/28/2026-23:30:23] [TRT] [V]         128	128
[09/28/2026-23:30:23] [TRT] [V]         20	20
[09/28/2026-23:30:23] [TRT] [V]         20	20
[09/28/2026-23:30:23] [TRT] [V]     Output 0
[09/28/2026-23:30:23] [TRT] [V]         1	1
[09/28/2026-23:30:23] [TRT] [V]         384	384
[09/28/2026-23:30:23] [TRT] [V]         20	20
[09/28/2026-23:30:23] [TRT] [V]         20	20
[09/28/2026-23:30:23] [TRT] [V] CONVOLUTION /model.8/cv2/conv/Conv
[09/28/2026-23:30:23] [TRT] [V]     Input 0
[09/28/2026-23:30:23] [TRT] [V]         1	1
[09/28/2026-23:30:23] [TRT] [V]         384	384
[09/28/2026-23:30:23] [TRT] [V]         20	20
[09/28/2026-23:30:23] [TRT] [V]         20	20
[09/28/2026-23:30:23] [TRT] [V]     Output 0
[09/28/2026-23:30:23] [TRT] [V]         1	1
[09/28/2026-23:30:23] [TRT] [V]         256	256
[09/28/2026-23:30:23] [TRT] [V]         20	20
[09/28/2026-23:30:23] [TRT] [V]         20	20
[09/28/2026-23:30:23] [TRT] [V] ACTIVATION /model.8/cv2/act/Sigmoid
[09/28/2026-23:30:23] [TRT] [V]     Input 0
[09/28/2026-23:30:23] [TRT] [V]         1	1
[09/28/2026-23:30:23] [TRT] [V]         256	256
[09/28/2026-23:30:23] [TRT] [V]         20	20
[09/28/2026-23:30:23] [TRT] [V]         20	20
[09/28/2026-23:30:23] [TRT] [V]     Output 0
[09/28/2026-23:30:23] [TRT] [V]         1	1
[09/28/2026-23:30:23] [TRT] [V]         256	256
[09/28/2026-23:30:23] [TRT] [V]         20	20
[09/28/2026-23:30:23] [TRT] [V]         20	20
[09/28/2026-23:30:23] [TRT] [V] ELEMENTWISE /model.8/cv2/act/Mul
[09/28/2026-23:30:23] [TRT] [V]     Input 0
[09/28/2026-23:30:23] [TRT] [V]         1	1
[09/28/2026-23:30:23] [TRT] [V]         256	256
[09/28/2026-23:30:23] [TRT] [V]         20	20
[09/28/2026-23:30:23] [TRT] [V]         20	20
[09/28/2026-23:30:23] [TRT] [V]     Input 1
[09/28/2026-23:30:23] [TRT] [V]         1	1
[09/28/2026-23:30:23] [TRT] [V]         256	256
[09/28/2026-23:30:23] [TRT] [V]         20	20
[09/28/2026-23:30:23] [TRT] [V]         20	20
[09/28/2026-23:30:23] [TRT] [V]     Output 0
[09/28/2026-23:30:23] [TRT] [V]         1	1
[09/28/2026-23:30:23] [TRT] [V]         256	256
[09/28/2026-23:30:23] [TRT] [V]         20	20
[09/28/2026-23:30:23] [TRT] [V]         20	20
[09/28/2026-23:30:23] [TRT] [V] CONVOLUTION /model.9/cv1/conv/Conv
[09/28/2026-23:30:23] [TRT] [V]     Input 0
[09/28/2026-23:30:23] [TRT] [V]         1	1
[09/28/2026-23:30:23] [TRT] [V]         256	256
[09/28/2026-23:30:23] [TRT] [V]         20	20
[09/28/2026-23:30:23] [TRT] [V]         20	20
[09/28/2026-23:30:23] [TRT] [V]     Output 0
[09/28/2026-23:30:23] [TRT] [V]         1	1
[09/28/2026-23:30:23] [TRT] [V]         128	128
[09/28/2026-23:30:23] [TRT] [V]         20	20
[09/28/2026-23:30:23] [TRT] [V]         20	20
[09/28/2026-23:30:23] [TRT] [V] POOLING /model.9/m/MaxPool
[09/28/2026-23:30:23] [TRT] [V]     Input 0
[09/28/2026-23:30:23] [TRT] [V]         1	1
[09/28/2026-23:30:23] [TRT] [V]         128	128
[09/28/2026-23:30:23] [TRT] [V]         20	20
[09/28/2026-23:30:23] [TRT] [V]         20	20
[09/28/2026-23:30:23] [TRT] [V]     Output 0
[09/28/2026-23:30:23] [TRT] [V]         1	1
[09/28/2026-23:30:23] [TRT] [V]         128	128
[09/28/2026-23:30:23] [TRT] [V]         20	20
[09/28/2026-23:30:23] [TRT] [V]         20	20
[09/28/2026-23:30:23] [TRT] [V] POOLING /model.9/m_1/MaxPool
[09/28/2026-23:30:23] [TRT] [V]     Input 0
[09/28/2026-23:30:23] [TRT] [V]         1	1
[09/28/2026-23:30:23] [TRT] [V]         128	128
[09/28/2026-23:30:23] [TRT] [V]         20	20
[09/28/2026-23:30:23] [TRT] [V]         20	20
[09/28/2026-23:30:23] [TRT] [V]     Output 0
[09/28/2026-23:30:23] [TRT] [V]         1	1
[09/28/2026-23:30:23] [TRT] [V]         128	128
[09/28/2026-23:30:23] [TRT] [V]         20	20
[09/28/2026-23:30:23] [TRT] [V]         20	20
[09/28/2026-23:30:23] [TRT] [V] POOLING /model.9/m_2/MaxPool
[09/28/2026-23:30:23] [TRT] [V]     Input 0
[09/28/2026-23:30:23] [TRT] [V]         1	1
[09/28/2026-23:30:23] [TRT] [V]         128	128
[09/28/2026-23:30:23] [TRT] [V]         20	20
[09/28/2026-23:30:23] [TRT] [V]         20	20
[09/28/2026-23:30:23] [TRT] [V]     Output 0
[09/28/2026-23:30:23] [TRT] [V]         1	1
[09/28/2026-23:30:23] [TRT] [V]         128	128
[09/28/2026-23:30:23] [TRT] [V]         20	20
[09/28/2026-23:30:23] [TRT] [V]         20	20
[09/28/2026-23:30:23] [TRT] [V] CONCATENATION /model.9/Concat
[09/28/2026-23:30:23] [TRT] [V]     Input 0
[09/28/2026-23:30:23] [TRT] [V]         1	1
[09/28/2026-23:30:23] [TRT] [V]         128	128
[09/28/2026-23:30:23] [TRT] [V]         20	20
[09/28/2026-23:30:23] [TRT] [V]         20	20
[09/28/2026-23:30:23] [TRT] [V]     Input 1
[09/28/2026-23:30:23] [TRT] [V]         1	1
[09/28/2026-23:30:23] [TRT] [V]         128	128
[09/28/2026-23:30:23] [TRT] [V]         20	20
[09/28/2026-23:30:23] [TRT] [V]         20	20
[09/28/2026-23:30:23] [TRT] [V]     Input 2
[09/28/2026-23:30:23] [TRT] [V]         1	1
[09/28/2026-23:30:23] [TRT] [V]         128	128
[09/28/2026-23:30:23] [TRT] [V]         20	20
[09/28/2026-23:30:23] [TRT] [V]         20	20
[09/28/2026-23:30:23] [TRT] [V]     Input 3
[09/28/2026-23:30:23] [TRT] [V]         1	1
[09/28/2026-23:30:23] [TRT] [V]         128	128
[09/28/2026-23:30:23] [TRT] [V]         20	20
[09/28/2026-23:30:23] [TRT] [V]         20	20
[09/28/2026-23:30:23] [TRT] [V]     Output 0
[09/28/2026-23:30:23] [TRT] [V]         1	1
[09/28/2026-23:30:23] [TRT] [V]         512	512
[09/28/2026-23:30:23] [TRT] [V]         20	20
[09/28/2026-23:30:23] [TRT] [V]         20	20
[09/28/2026-23:30:23] [TRT] [V] CONVOLUTION /model.9/cv2/conv/Conv
[09/28/2026-23:30:23] [TRT] [V]     Input 0
[09/28/2026-23:30:23] [TRT] [V]         1	1
[09/28/2026-23:30:23] [TRT] [V]         512	512
[09/28/2026-23:30:23] [TRT] [V]         20	20
[09/28/2026-23:30:23] [TRT] [V]         20	20
[09/28/2026-23:30:23] [TRT] [V]     Output 0
[09/28/2026-23:30:23] [TRT] [V]         1	1
[09/28/2026-23:30:23] [TRT] [V]         256	256
[09/28/2026-23:30:23] [TRT] [V]         20	20
[09/28/2026-23:30:23] [TRT] [V]         20	20
[09/28/2026-23:30:23] [TRT] [V] ACTIVATION /model.9/cv2/act/Sigmoid
[09/28/2026-23:30:23] [TRT] [V]     Input 0
[09/28/2026-23:30:23] [TRT] [V]         1	1
[09/28/2026-23:30:23] [TRT] [V]         256	256
[09/28/2026-23:30:23] [TRT] [V]         20	20
[09/28/2026-23:30:23] [TRT] [V]         20	20
[09/28/2026-23:30:23] [TRT] [V]     Output 0
[09/28/2026-23:30:23] [TRT] [V]         1	1
[09/28/2026-23:30:23] [TRT] [V]         256	256
[09/28/2026-23:30:23] [TRT] [V]         20	20
[09/28/2026-23:30:23] [TRT] [V]         20	20
[09/28/2026-23:30:23] [TRT] [V] ELEMENTWISE /model.9/cv2/act/Mul
[09/28/2026-23:30:23] [TRT] [V]     Input 0
[09/28/2026-23:30:23] [TRT] [V]         1	1
[09/28/2026-23:30:23] [TRT] [V]         256	256
[09/28/2026-23:30:23] [TRT] [V]         20	20
[09/28/2026-23:30:23] [TRT] [V]         20	20
[09/28/2026-23:30:23] [TRT] [V]     Input 1
[09/28/2026-23:30:23] [TRT] [V]         1	1
[09/28/2026-23:30:23] [TRT] [V]         256	256
[09/28/2026-23:30:23] [TRT] [V]         20	20
[09/28/2026-23:30:23] [TRT] [V]         20	20
[09/28/2026-23:30:23] [TRT] [V]     Output 0
[09/28/2026-23:30:23] [TRT] [V]         1	1
[09/28/2026-23:30:23] [TRT] [V]         256	256
[09/28/2026-23:30:23] [TRT] [V]         20	20
[09/28/2026-23:30:23] [TRT] [V]         20	20
[09/28/2026-23:30:23] [TRT] [V] RESIZE /model.10/Resize
[09/28/2026-23:30:23] [TRT] [V]     Input 0
[09/28/2026-23:30:23] [TRT] [V]         1	1
[09/28/2026-23:30:23] [TRT] [V]         256	256
[09/28/2026-23:30:23] [TRT] [V]         20	20
[09/28/2026-23:30:23] [TRT] [V]         20	20
[09/28/2026-23:30:23] [TRT] [V]     Output 0
[09/28/2026-23:30:23] [TRT] [V]         1	1
[09/28/2026-23:30:23] [TRT] [V]         256	256
[09/28/2026-23:30:23] [TRT] [V]         40	40
[09/28/2026-23:30:23] [TRT] [V]         40	40
[09/28/2026-23:30:23] [TRT] [V] CONCATENATION /model.11/Concat
[09/28/2026-23:30:23] [TRT] [V]     Input 0
[09/28/2026-23:30:23] [TRT] [V]         1	1
[09/28/2026-23:30:23] [TRT] [V]         256	256
[09/28/2026-23:30:23] [TRT] [V]         40	40
[09/28/2026-23:30:23] [TRT] [V]         40	40
[09/28/2026-23:30:23] [TRT] [V]     Input 1
[09/28/2026-23:30:23] [TRT] [V]         1	1
[09/28/2026-23:30:23] [TRT] [V]         128	128
[09/28/2026-23:30:23] [TRT] [V]         40	40
[09/28/2026-23:30:23] [TRT] [V]         40	40
[09/28/2026-23:30:23] [TRT] [V]     Output 0
[09/28/2026-23:30:23] [TRT] [V]         1	1
[09/28/2026-23:30:23] [TRT] [V]         384	384
[09/28/2026-23:30:23] [TRT] [V]         40	40
[09/28/2026-23:30:23] [TRT] [V]         40	40
[09/28/2026-23:30:23] [TRT] [V] CONVOLUTION /model.12/cv1/conv/Conv
[09/28/2026-23:30:23] [TRT] [V]     Input 0
[09/28/2026-23:30:23] [TRT] [V]         1	1
[09/28/2026-23:30:23] [TRT] [V]         384	384
[09/28/2026-23:30:23] [TRT] [V]         40	40
[09/28/2026-23:30:23] [TRT] [V]         40	40
[09/28/2026-23:30:23] [TRT] [V]     Output 0
[09/28/2026-23:30:23] [TRT] [V]         1	1
[09/28/2026-23:30:23] [TRT] [V]         128	128
[09/28/2026-23:30:23] [TRT] [V]         40	40
[09/28/2026-23:30:23] [TRT] [V]         40	40
[09/28/2026-23:30:23] [TRT] [V] ACTIVATION /model.12/cv1/act/Sigmoid
[09/28/2026-23:30:23] [TRT] [V]     Input 0
[09/28/2026-23:30:23] [TRT] [V]         1	1
[09/28/2026-23:30:23] [TRT] [V]         128	128
[09/28/2026-23:30:23] [TRT] [V]         40	40
[09/28/2026-23:30:23] [TRT] [V]         40	40
[09/28/2026-23:30:23] [TRT] [V]     Output 0
[09/28/2026-23:30:23] [TRT] [V]         1	1
[09/28/2026-23:30:23] [TRT] [V]         128	128
[09/28/2026-23:30:23] [TRT] [V]         40	40
[09/28/2026-23:30:23] [TRT] [V]         40	40
[09/28/2026-23:30:23] [TRT] [V] ELEMENTWISE /model.12/cv1/act/Mul
[09/28/2026-23:30:23] [TRT] [V]     Input 0
[09/28/2026-23:30:23] [TRT] [V]         1	1
[09/28/2026-23:30:23] [TRT] [V]         128	128
[09/28/2026-23:30:23] [TRT] [V]         40	40
[09/28/2026-23:30:23] [TRT] [V]         40	40
[09/28/2026-23:30:23] [TRT] [V]     Input 1
[09/28/2026-23:30:23] [TRT] [V]         1	1
[09/28/2026-23:30:23] [TRT] [V]         128	128
[09/28/2026-23:30:23] [TRT] [V]         40	40
[09/28/2026-23:30:23] [TRT] [V]         40	40
[09/28/2026-23:30:23] [TRT] [V]     Output 0
[09/28/2026-23:30:23] [TRT] [V]         1	1
[09/28/2026-23:30:23] [TRT] [V]         128	128
[09/28/2026-23:30:23] [TRT] [V]         40	40
[09/28/2026-23:30:23] [TRT] [V]         40	40
[09/28/2026-23:30:23] [TRT] [V] SLICE /model.12/Split
[09/28/2026-23:30:23] [TRT] [V]     Input 0
[09/28/2026-23:30:23] [TRT] [V]         1	1
[09/28/2026-23:30:23] [TRT] [V]         128	128
[09/28/2026-23:30:23] [TRT] [V]         40	40
[09/28/2026-23:30:23] [TRT] [V]         40	40
[09/28/2026-23:30:23] [TRT] [V]     Output 0
[09/28/2026-23:30:23] [TRT] [V]         1	1
[09/28/2026-23:30:23] [TRT] [V]         64	64
[09/28/2026-23:30:23] [TRT] [V]         40	40
[09/28/2026-23:30:23] [TRT] [V]         40	40
[09/28/2026-23:30:23] [TRT] [V] SLICE /model.12/Split_13
[09/28/2026-23:30:23] [TRT] [V]     Input 0
[09/28/2026-23:30:23] [TRT] [V]         1	1
[09/28/2026-23:30:23] [TRT] [V]         128	128
[09/28/2026-23:30:23] [TRT] [V]         40	40
[09/28/2026-23:30:23] [TRT] [V]         40	40
[09/28/2026-23:30:23] [TRT] [V]     Output 0
[09/28/2026-23:30:23] [TRT] [V]         1	1
[09/28/2026-23:30:23] [TRT] [V]         64	64
[09/28/2026-23:30:23] [TRT] [V]         40	40
[09/28/2026-23:30:23] [TRT] [V]         40	40
[09/28/2026-23:30:23] [TRT] [V] CONVOLUTION /model.12/m.0/cv1/conv/Conv
[09/28/2026-23:30:23] [TRT] [V]     Input 0
[09/28/2026-23:30:23] [TRT] [V]         1	1
[09/28/2026-23:30:23] [TRT] [V]         64	64
[09/28/2026-23:30:23] [TRT] [V]         40	40
[09/28/2026-23:30:23] [TRT] [V]         40	40
[09/28/2026-23:30:23] [TRT] [V]     Output 0
[09/28/2026-23:30:23] [TRT] [V]         1	1
[09/28/2026-23:30:23] [TRT] [V]         64	64
[09/28/2026-23:30:23] [TRT] [V]         40	40
[09/28/2026-23:30:23] [TRT] [V]         40	40
[09/28/2026-23:30:23] [TRT] [V] ACTIVATION /model.12/m.0/cv1/act/Sigmoid
[09/28/2026-23:30:23] [TRT] [V]     Input 0
[09/28/2026-23:30:23] [TRT] [V]         1	1
[09/28/2026-23:30:23] [TRT] [V]         64	64
[09/28/2026-23:30:23] [TRT] [V]         40	40
[09/28/2026-23:30:23] [TRT] [V]         40	40
[09/28/2026-23:30:23] [TRT] [V]     Output 0
[09/28/2026-23:30:23] [TRT] [V]         1	1
[09/28/2026-23:30:23] [TRT] [V]         64	64
[09/28/2026-23:30:23] [TRT] [V]         40	40
[09/28/2026-23:30:23] [TRT] [V]         40	40
[09/28/2026-23:30:23] [TRT] [V] ELEMENTWISE /model.12/m.0/cv1/act/Mul
[09/28/2026-23:30:23] [TRT] [V]     Input 0
[09/28/2026-23:30:23] [TRT] [V]         1	1
[09/28/2026-23:30:23] [TRT] [V]         64	64
[09/28/2026-23:30:23] [TRT] [V]         40	40
[09/28/2026-23:30:23] [TRT] [V]         40	40
[09/28/2026-23:30:23] [TRT] [V]     Input 1
[09/28/2026-23:30:23] [TRT] [V]         1	1
[09/28/2026-23:30:23] [TRT] [V]         64	64
[09/28/2026-23:30:23] [TRT] [V]         40	40
[09/28/2026-23:30:23] [TRT] [V]         40	40
[09/28/2026-23:30:23] [TRT] [V]     Output 0
[09/28/2026-23:30:23] [TRT] [V]         1	1
[09/28/2026-23:30:23] [TRT] [V]         64	64
[09/28/2026-23:30:23] [TRT] [V]         40	40
[09/28/2026-23:30:23] [TRT] [V]         40	40
[09/28/2026-23:30:23] [TRT] [V] CONVOLUTION /model.12/m.0/cv2/conv/Conv
[09/28/2026-23:30:23] [TRT] [V]     Input 0
[09/28/2026-23:30:23] [TRT] [V]         1	1
[09/28/2026-23:30:23] [TRT] [V]         64	64
[09/28/2026-23:30:23] [TRT] [V]         40	40
[09/28/2026-23:30:23] [TRT] [V]         40	40
[09/28/2026-23:30:23] [TRT] [V]     Output 0
[09/28/2026-23:30:23] [TRT] [V]         1	1
[09/28/2026-23:30:23] [TRT] [V]         64	64
[09/28/2026-23:30:23] [TRT] [V]         40	40
[09/28/2026-23:30:23] [TRT] [V]         40	40
[09/28/2026-23:30:23] [TRT] [V] ACTIVATION /model.12/m.0/cv2/act/Sigmoid
[09/28/2026-23:30:23] [TRT] [V]     Input 0
[09/28/2026-23:30:23] [TRT] [V]         1	1
[09/28/2026-23:30:23] [TRT] [V]         64	64
[09/28/2026-23:30:23] [TRT] [V]         40	40
[09/28/2026-23:30:23] [TRT] [V]         40	40
[09/28/2026-23:30:23] [TRT] [V]     Output 0
[09/28/2026-23:30:23] [TRT] [V]         1	1
[09/28/2026-23:30:23] [TRT] [V]         64	64
[09/28/2026-23:30:23] [TRT] [V]         40	40
[09/28/2026-23:30:23] [TRT] [V]         40	40
[09/28/2026-23:30:23] [TRT] [V] ELEMENTWISE /model.12/m.0/cv2/act/Mul
[09/28/2026-23:30:23] [TRT] [V]     Input 0
[09/28/2026-23:30:23] [TRT] [V]         1	1
[09/28/2026-23:30:23] [TRT] [V]         64	64
[09/28/2026-23:30:23] [TRT] [V]         40	40
[09/28/2026-23:30:23] [TRT] [V]         40	40
[09/28/2026-23:30:23] [TRT] [V]     Input 1
[09/28/2026-23:30:23] [TRT] [V]         1	1
[09/28/2026-23:30:23] [TRT] [V]         64	64
[09/28/2026-23:30:23] [TRT] [V]         40	40
[09/28/2026-23:30:23] [TRT] [V]         40	40
[09/28/2026-23:30:23] [TRT] [V]     Output 0
[09/28/2026-23:30:23] [TRT] [V]         1	1
[09/28/2026-23:30:23] [TRT] [V]         64	64
[09/28/2026-23:30:23] [TRT] [V]         40	40
[09/28/2026-23:30:23] [TRT] [V]         40	40
[09/28/2026-23:30:23] [TRT] [V] CONCATENATION /model.12/Concat
[09/28/2026-23:30:23] [TRT] [V]     Input 0
[09/28/2026-23:30:23] [TRT] [V]         1	1
[09/28/2026-23:30:23] [TRT] [V]         64	64
[09/28/2026-23:30:23] [TRT] [V]         40	40
[09/28/2026-23:30:23] [TRT] [V]         40	40
[09/28/2026-23:30:23] [TRT] [V]     Input 1
[09/28/2026-23:30:23] [TRT] [V]         1	1
[09/28/2026-23:30:23] [TRT] [V]         64	64
[09/28/2026-23:30:23] [TRT] [V]         40	40
[09/28/2026-23:30:23] [TRT] [V]         40	40
[09/28/2026-23:30:23] [TRT] [V]     Input 2
[09/28/2026-23:30:23] [TRT] [V]         1	1
[09/28/2026-23:30:23] [TRT] [V]         64	64
[09/28/2026-23:30:23] [TRT] [V]         40	40
[09/28/2026-23:30:23] [TRT] [V]         40	40
[09/28/2026-23:30:23] [TRT] [V]     Output 0
[09/28/2026-23:30:23] [TRT] [V]         1	1
[09/28/2026-23:30:23] [TRT] [V]         192	192
[09/28/2026-23:30:23] [TRT] [V]         40	40
[09/28/2026-23:30:23] [TRT] [V]         40	40
[09/28/2026-23:30:23] [TRT] [V] CONVOLUTION /model.12/cv2/conv/Conv
[09/28/2026-23:30:23] [TRT] [V]     Input 0
[09/28/2026-23:30:23] [TRT] [V]         1	1
[09/28/2026-23:30:23] [TRT] [V]         192	192
[09/28/2026-23:30:23] [TRT] [V]         40	40
[09/28/2026-23:30:23] [TRT] [V]         40	40
[09/28/2026-23:30:23] [TRT] [V]     Output 0
[09/28/2026-23:30:23] [TRT] [V]         1	1
[09/28/2026-23:30:23] [TRT] [V]         128	128
[09/28/2026-23:30:23] [TRT] [V]         40	40
[09/28/2026-23:30:23] [TRT] [V]         40	40
[09/28/2026-23:30:23] [TRT] [V] ACTIVATION /model.12/cv2/act/Sigmoid
[09/28/2026-23:30:23] [TRT] [V]     Input 0
[09/28/2026-23:30:23] [TRT] [V]         1	1
[09/28/2026-23:30:23] [TRT] [V]         128	128
[09/28/2026-23:30:23] [TRT] [V]         40	40
[09/28/2026-23:30:23] [TRT] [V]         40	40
[09/28/2026-23:30:23] [TRT] [V]     Output 0
[09/28/2026-23:30:23] [TRT] [V]         1	1
[09/28/2026-23:30:23] [TRT] [V]         128	128
[09/28/2026-23:30:23] [TRT] [V]         40	40
[09/28/2026-23:30:23] [TRT] [V]         40	40
[09/28/2026-23:30:23] [TRT] [V] ELEMENTWISE /model.12/cv2/act/Mul
[09/28/2026-23:30:23] [TRT] [V]     Input 0
[09/28/2026-23:30:23] [TRT] [V]         1	1
[09/28/2026-23:30:23] [TRT] [V]         128	128
[09/28/2026-23:30:23] [TRT] [V]         40	40
[09/28/2026-23:30:23] [TRT] [V]         40	40
[09/28/2026-23:30:23] [TRT] [V]     Input 1
[09/28/2026-23:30:23] [TRT] [V]         1	1
[09/28/2026-23:30:23] [TRT] [V]         128	128
[09/28/2026-23:30:23] [TRT] [V]         40	40
[09/28/2026-23:30:23] [TRT] [V]         40	40
[09/28/2026-23:30:23] [TRT] [V]     Output 0
[09/28/2026-23:30:23] [TRT] [V]         1	1
[09/28/2026-23:30:23] [TRT] [V]         128	128
[09/28/2026-23:30:23] [TRT] [V]         40	40
[09/28/2026-23:30:23] [TRT] [V]         40	40
[09/28/2026-23:30:23] [TRT] [V] RESIZE /model.13/Resize
[09/28/2026-23:30:23] [TRT] [V]     Input 0
[09/28/2026-23:30:23] [TRT] [V]         1	1
[09/28/2026-23:30:23] [TRT] [V]         128	128
[09/28/2026-23:30:23] [TRT] [V]         40	40
[09/28/2026-23:30:23] [TRT] [V]         40	40
[09/28/2026-23:30:23] [TRT] [V]     Output 0
[09/28/2026-23:30:23] [TRT] [V]         1	1
[09/28/2026-23:30:23] [TRT] [V]         128	128
[09/28/2026-23:30:23] [TRT] [V]         80	80
[09/28/2026-23:30:23] [TRT] [V]         80	80
[09/28/2026-23:30:23] [TRT] [V] CONCATENATION /model.14/Concat
[09/28/2026-23:30:23] [TRT] [V]     Input 0
[09/28/2026-23:30:23] [TRT] [V]         1	1
[09/28/2026-23:30:23] [TRT] [V]         128	128
[09/28/2026-23:30:23] [TRT] [V]         80	80
[09/28/2026-23:30:23] [TRT] [V]         80	80
[09/28/2026-23:30:23] [TRT] [V]     Input 1
[09/28/2026-23:30:23] [TRT] [V]         1	1
[09/28/2026-23:30:23] [TRT] [V]         64	64
[09/28/2026-23:30:23] [TRT] [V]         80	80
[09/28/2026-23:30:23] [TRT] [V]         80	80
[09/28/2026-23:30:23] [TRT] [V]     Output 0
[09/28/2026-23:30:23] [TRT] [V]         1	1
[09/28/2026-23:30:23] [TRT] [V]         192	192
[09/28/2026-23:30:23] [TRT] [V]         80	80
[09/28/2026-23:30:23] [TRT] [V]         80	80
[09/28/2026-23:30:23] [TRT] [V] CONVOLUTION /model.15/cv1/conv/Conv
[09/28/2026-23:30:23] [TRT] [V]     Input 0
[09/28/2026-23:30:23] [TRT] [V]         1	1
[09/28/2026-23:30:23] [TRT] [V]         192	192
[09/28/2026-23:30:23] [TRT] [V]         80	80
[09/28/2026-23:30:23] [TRT] [V]         80	80
[09/28/2026-23:30:23] [TRT] [V]     Output 0
[09/28/2026-23:30:23] [TRT] [V]         1	1
[09/28/2026-23:30:23] [TRT] [V]         64	64
[09/28/2026-23:30:23] [TRT] [V]         80	80
[09/28/2026-23:30:23] [TRT] [V]         80	80
[09/28/2026-23:30:23] [TRT] [V] ACTIVATION /model.15/cv1/act/Sigmoid
[09/28/2026-23:30:23] [TRT] [V]     Input 0
[09/28/2026-23:30:23] [TRT] [V]         1	1
[09/28/2026-23:30:23] [TRT] [V]         64	64
[09/28/2026-23:30:23] [TRT] [V]         80	80
[09/28/2026-23:30:23] [TRT] [V]         80	80
[09/28/2026-23:30:23] [TRT] [V]     Output 0
[09/28/2026-23:30:23] [TRT] [V]         1	1
[09/28/2026-23:30:23] [TRT] [V]         64	64
[09/28/2026-23:30:23] [TRT] [V]         80	80
[09/28/2026-23:30:23] [TRT] [V]         80	80
[09/28/2026-23:30:23] [TRT] [V] ELEMENTWISE /model.15/cv1/act/Mul
[09/28/2026-23:30:23] [TRT] [V]     Input 0
[09/28/2026-23:30:23] [TRT] [V]         1	1
[09/28/2026-23:30:23] [TRT] [V]         64	64
[09/28/2026-23:30:23] [TRT] [V]         80	80
[09/28/2026-23:30:23] [TRT] [V]         80	80
[09/28/2026-23:30:23] [TRT] [V]     Input 1
[09/28/2026-23:30:23] [TRT] [V]         1	1
[09/28/2026-23:30:23] [TRT] [V]         64	64
[09/28/2026-23:30:23] [TRT] [V]         80	80
[09/28/2026-23:30:23] [TRT] [V]         80	80
[09/28/2026-23:30:23] [TRT] [V]     Output 0
[09/28/2026-23:30:23] [TRT] [V]         1	1
[09/28/2026-23:30:23] [TRT] [V]         64	64
[09/28/2026-23:30:23] [TRT] [V]         80	80
[09/28/2026-23:30:23] [TRT] [V]         80	80
[09/28/2026-23:30:23] [TRT] [V] SLICE /model.15/Split
[09/28/2026-23:30:23] [TRT] [V]     Input 0
[09/28/2026-23:30:23] [TRT] [V]         1	1
[09/28/2026-23:30:23] [TRT] [V]         64	64
[09/28/2026-23:30:23] [TRT] [V]         80	80
[09/28/2026-23:30:23] [TRT] [V]         80	80
[09/28/2026-23:30:23] [TRT] [V]     Output 0
[09/28/2026-23:30:23] [TRT] [V]         1	1
[09/28/2026-23:30:23] [TRT] [V]         32	32
[09/28/2026-23:30:23] [TRT] [V]         80	80
[09/28/2026-23:30:23] [TRT] [V]         80	80
[09/28/2026-23:30:23] [TRT] [V] SLICE /model.15/Split_16
[09/28/2026-23:30:23] [TRT] [V]     Input 0
[09/28/2026-23:30:23] [TRT] [V]         1	1
[09/28/2026-23:30:23] [TRT] [V]         64	64
[09/28/2026-23:30:23] [TRT] [V]         80	80
[09/28/2026-23:30:23] [TRT] [V]         80	80
[09/28/2026-23:30:23] [TRT] [V]     Output 0
[09/28/2026-23:30:23] [TRT] [V]         1	1
[09/28/2026-23:30:23] [TRT] [V]         32	32
[09/28/2026-23:30:23] [TRT] [V]         80	80
[09/28/2026-23:30:23] [TRT] [V]         80	80
[09/28/2026-23:30:23] [TRT] [V] CONVOLUTION /model.15/m.0/cv1/conv/Conv
[09/28/2026-23:30:23] [TRT] [V]     Input 0
[09/28/2026-23:30:23] [TRT] [V]         1	1
[09/28/2026-23:30:23] [TRT] [V]         32	32
[09/28/2026-23:30:23] [TRT] [V]         80	80
[09/28/2026-23:30:23] [TRT] [V]         80	80
[09/28/2026-23:30:23] [TRT] [V]     Output 0
[09/28/2026-23:30:23] [TRT] [V]         1	1
[09/28/2026-23:30:23] [TRT] [V]         32	32
[09/28/2026-23:30:23] [TRT] [V]         80	80
[09/28/2026-23:30:23] [TRT] [V]         80	80
[09/28/2026-23:30:23] [TRT] [V] ACTIVATION /model.15/m.0/cv1/act/Sigmoid
[09/28/2026-23:30:23] [TRT] [V]     Input 0
[09/28/2026-23:30:23] [TRT] [V]         1	1
[09/28/2026-23:30:23] [TRT] [V]         32	32
[09/28/2026-23:30:23] [TRT] [V]         80	80
[09/28/2026-23:30:23] [TRT] [V]         80	80
[09/28/2026-23:30:23] [TRT] [V]     Output 0
[09/28/2026-23:30:23] [TRT] [V]         1	1
[09/28/2026-23:30:23] [TRT] [V]         32	32
[09/28/2026-23:30:23] [TRT] [V]         80	80
[09/28/2026-23:30:23] [TRT] [V]         80	80
[09/28/2026-23:30:23] [TRT] [V] ELEMENTWISE /model.15/m.0/cv1/act/Mul
[09/28/2026-23:30:23] [TRT] [V]     Input 0
[09/28/2026-23:30:23] [TRT] [V]         1	1
[09/28/2026-23:30:23] [TRT] [V]         32	32
[09/28/2026-23:30:23] [TRT] [V]         80	80
[09/28/2026-23:30:23] [TRT] [V]         80	80
[09/28/2026-23:30:23] [TRT] [V]     Input 1
[09/28/2026-23:30:23] [TRT] [V]         1	1
[09/28/2026-23:30:23] [TRT] [V]         32	32
[09/28/2026-23:30:23] [TRT] [V]         80	80
[09/28/2026-23:30:23] [TRT] [V]         80	80
[09/28/2026-23:30:23] [TRT] [V]     Output 0
[09/28/2026-23:30:23] [TRT] [V]         1	1
[09/28/2026-23:30:23] [TRT] [V]         32	32
[09/28/2026-23:30:23] [TRT] [V]         80	80
[09/28/2026-23:30:23] [TRT] [V]         80	80
[09/28/2026-23:30:23] [TRT] [V] CONVOLUTION /model.15/m.0/cv2/conv/Conv
[09/28/2026-23:30:23] [TRT] [V]     Input 0
[09/28/2026-23:30:23] [TRT] [V]         1	1
[09/28/2026-23:30:23] [TRT] [V]         32	32
[09/28/2026-23:30:23] [TRT] [V]         80	80
[09/28/2026-23:30:23] [TRT] [V]         80	80
[09/28/2026-23:30:23] [TRT] [V]     Output 0
[09/28/2026-23:30:23] [TRT] [V]         1	1
[09/28/2026-23:30:23] [TRT] [V]         32	32
[09/28/2026-23:30:23] [TRT] [V]         80	80
[09/28/2026-23:30:23] [TRT] [V]         80	80
[09/28/2026-23:30:23] [TRT] [V] ACTIVATION /model.15/m.0/cv2/act/Sigmoid
[09/28/2026-23:30:23] [TRT] [V]     Input 0
[09/28/2026-23:30:23] [TRT] [V]         1	1
[09/28/2026-23:30:23] [TRT] [V]         32	32
[09/28/2026-23:30:23] [TRT] [V]         80	80
[09/28/2026-23:30:23] [TRT] [V]         80	80
[09/28/2026-23:30:23] [TRT] [V]     Output 0
[09/28/2026-23:30:23] [TRT] [V]         1	1
[09/28/2026-23:30:23] [TRT] [V]         32	32
[09/28/2026-23:30:23] [TRT] [V]         80	80
[09/28/2026-23:30:23] [TRT] [V]         80	80
[09/28/2026-23:30:23] [TRT] [V] ELEMENTWISE /model.15/m.0/cv2/act/Mul
[09/28/2026-23:30:23] [TRT] [V]     Input 0
[09/28/2026-23:30:23] [TRT] [V]         1	1
[09/28/2026-23:30:23] [TRT] [V]         32	32
[09/28/2026-23:30:23] [TRT] [V]         80	80
[09/28/2026-23:30:23] [TRT] [V]         80	80
[09/28/2026-23:30:23] [TRT] [V]     Input 1
[09/28/2026-23:30:23] [TRT] [V]         1	1
[09/28/2026-23:30:23] [TRT] [V]         32	32
[09/28/2026-23:30:23] [TRT] [V]         80	80
[09/28/2026-23:30:23] [TRT] [V]         80	80
[09/28/2026-23:30:23] [TRT] [V]     Output 0
[09/28/2026-23:30:23] [TRT] [V]         1	1
[09/28/2026-23:30:23] [TRT] [V]         32	32
[09/28/2026-23:30:23] [TRT] [V]         80	80
[09/28/2026-23:30:23] [TRT] [V]         80	80
[09/28/2026-23:30:23] [TRT] [V] CONCATENATION /model.15/Concat
[09/28/2026-23:30:23] [TRT] [V]     Input 0
[09/28/2026-23:30:23] [TRT] [V]         1	1
[09/28/2026-23:30:23] [TRT] [V]         32	32
[09/28/2026-23:30:23] [TRT] [V]         80	80
[09/28/2026-23:30:23] [TRT] [V]         80	80
[09/28/2026-23:30:23] [TRT] [V]     Input 1
[09/28/2026-23:30:23] [TRT] [V]         1	1
[09/28/2026-23:30:23] [TRT] [V]         32	32
[09/28/2026-23:30:23] [TRT] [V]         80	80
[09/28/2026-23:30:23] [TRT] [V]         80	80
[09/28/2026-23:30:23] [TRT] [V]     Input 2
[09/28/2026-23:30:23] [TRT] [V]         1	1
[09/28/2026-23:30:23] [TRT] [V]         32	32
[09/28/2026-23:30:23] [TRT] [V]         80	80
[09/28/2026-23:30:23] [TRT] [V]         80	80
[09/28/2026-23:30:23] [TRT] [V]     Output 0
[09/28/2026-23:30:23] [TRT] [V]         1	1
[09/28/2026-23:30:23] [TRT] [V]         96	96
[09/28/2026-23:30:23] [TRT] [V]         80	80
[09/28/2026-23:30:23] [TRT] [V]         80	80
[09/28/2026-23:30:23] [TRT] [V] CONVOLUTION /model.15/cv2/conv/Conv
[09/28/2026-23:30:23] [TRT] [V]     Input 0
[09/28/2026-23:30:23] [TRT] [V]         1	1
[09/28/2026-23:30:23] [TRT] [V]         96	96
[09/28/2026-23:30:23] [TRT] [V]         80	80
[09/28/2026-23:30:23] [TRT] [V]         80	80
[09/28/2026-23:30:23] [TRT] [V]     Output 0
[09/28/2026-23:30:23] [TRT] [V]         1	1
[09/28/2026-23:30:23] [TRT] [V]         64	64
[09/28/2026-23:30:23] [TRT] [V]         80	80
[09/28/2026-23:30:23] [TRT] [V]         80	80
[09/28/2026-23:30:23] [TRT] [V] ACTIVATION /model.15/cv2/act/Sigmoid
[09/28/2026-23:30:23] [TRT] [V]     Input 0
[09/28/2026-23:30:23] [TRT] [V]         1	1
[09/28/2026-23:30:23] [TRT] [V]         64	64
[09/28/2026-23:30:23] [TRT] [V]         80	80
[09/28/2026-23:30:23] [TRT] [V]         80	80
[09/28/2026-23:30:23] [TRT] [V]     Output 0
[09/28/2026-23:30:23] [TRT] [V]         1	1
[09/28/2026-23:30:23] [TRT] [V]         64	64
[09/28/2026-23:30:23] [TRT] [V]         80	80
[09/28/2026-23:30:23] [TRT] [V]         80	80
[09/28/2026-23:30:23] [TRT] [V] ELEMENTWISE /model.15/cv2/act/Mul
[09/28/2026-23:30:23] [TRT] [V]     Input 0
[09/28/2026-23:30:23] [TRT] [V]         1	1
[09/28/2026-23:30:23] [TRT] [V]         64	64
[09/28/2026-23:30:23] [TRT] [V]         80	80
[09/28/2026-23:30:23] [TRT] [V]         80	80
[09/28/2026-23:30:23] [TRT] [V]     Input 1
[09/28/2026-23:30:23] [TRT] [V]         1	1
[09/28/2026-23:30:23] [TRT] [V]         64	64
[09/28/2026-23:30:23] [TRT] [V]         80	80
[09/28/2026-23:30:23] [TRT] [V]         80	80
[09/28/2026-23:30:23] [TRT] [V]     Output 0
[09/28/2026-23:30:23] [TRT] [V]         1	1
[09/28/2026-23:30:23] [TRT] [V]         64	64
[09/28/2026-23:30:23] [TRT] [V]         80	80
[09/28/2026-23:30:23] [TRT] [V]         80	80
[09/28/2026-23:30:23] [TRT] [V] CONVOLUTION /model.16/conv/Conv
[09/28/2026-23:30:23] [TRT] [V]     Input 0
[09/28/2026-23:30:23] [TRT] [V]         1	1
[09/28/2026-23:30:23] [TRT] [V]         64	64
[09/28/2026-23:30:23] [TRT] [V]         80	80
[09/28/2026-23:30:23] [TRT] [V]         80	80
[09/28/2026-23:30:23] [TRT] [V]     Output 0
[09/28/2026-23:30:23] [TRT] [V]         1	1
[09/28/2026-23:30:23] [TRT] [V]         64	64
[09/28/2026-23:30:23] [TRT] [V]         40	40
[09/28/2026-23:30:23] [TRT] [V]         40	40
[09/28/2026-23:30:23] [TRT] [V] CONVOLUTION /model.22/cv2.0/cv2.0.0/conv/Conv
[09/28/2026-23:30:23] [TRT] [V]     Input 0
[09/28/2026-23:30:23] [TRT] [V]         1	1
[09/28/2026-23:30:23] [TRT] [V]         64	64
[09/28/2026-23:30:23] [TRT] [V]         80	80
[09/28/2026-23:30:23] [TRT] [V]         80	80
[09/28/2026-23:30:23] [TRT] [V]     Output 0
[09/28/2026-23:30:23] [TRT] [V]         1	1
[09/28/2026-23:30:23] [TRT] [V]         64	64
[09/28/2026-23:30:23] [TRT] [V]         80	80
[09/28/2026-23:30:23] [TRT] [V]         80	80
[09/28/2026-23:30:23] [TRT] [V] CONVOLUTION /model.22/cv3.0/cv3.0.0/conv/Conv
[09/28/2026-23:30:23] [TRT] [V]     Input 0
[09/28/2026-23:30:23] [TRT] [V]         1	1
[09/28/2026-23:30:23] [TRT] [V]         64	64
[09/28/2026-23:30:23] [TRT] [V]         80	80
[09/28/2026-23:30:23] [TRT] [V]         80	80
[09/28/2026-23:30:23] [TRT] [V]     Output 0
[09/28/2026-23:30:23] [TRT] [V]         1	1
[09/28/2026-23:30:23] [TRT] [V]         64	64
[09/28/2026-23:30:23] [TRT] [V]         80	80
[09/28/2026-23:30:23] [TRT] [V]         80	80
[09/28/2026-23:30:23] [TRT] [V] ACTIVATION /model.16/act/Sigmoid
[09/28/2026-23:30:23] [TRT] [V]     Input 0
[09/28/2026-23:30:23] [TRT] [V]         1	1
[09/28/2026-23:30:23] [TRT] [V]         64	64
[09/28/2026-23:30:23] [TRT] [V]         40	40
[09/28/2026-23:30:23] [TRT] [V]         40	40
[09/28/2026-23:30:23] [TRT] [V]     Output 0
[09/28/2026-23:30:23] [TRT] [V]         1	1
[09/28/2026-23:30:23] [TRT] [V]         64	64
[09/28/2026-23:30:23] [TRT] [V]         40	40
[09/28/2026-23:30:23] [TRT] [V]         40	40
[09/28/2026-23:30:23] [TRT] [V] ACTIVATION /model.22/cv2.0/cv2.0.0/act/Sigmoid
[09/28/2026-23:30:23] [TRT] [V]     Input 0
[09/28/2026-23:30:23] [TRT] [V]         1	1
[09/28/2026-23:30:23] [TRT] [V]         64	64
[09/28/2026-23:30:23] [TRT] [V]         80	80
[09/28/2026-23:30:23] [TRT] [V]         80	80
[09/28/2026-23:30:23] [TRT] [V]     Output 0
[09/28/2026-23:30:23] [TRT] [V]         1	1
[09/28/2026-23:30:23] [TRT] [V]         64	64
[09/28/2026-23:30:23] [TRT] [V]         80	80
[09/28/2026-23:30:23] [TRT] [V]         80	80
[09/28/2026-23:30:23] [TRT] [V] ACTIVATION /model.22/cv3.0/cv3.0.0/act/Sigmoid
[09/28/2026-23:30:23] [TRT] [V]     Input 0
[09/28/2026-23:30:23] [TRT] [V]         1	1
[09/28/2026-23:30:23] [TRT] [V]         64	64
[09/28/2026-23:30:23] [TRT] [V]         80	80
[09/28/2026-23:30:23] [TRT] [V]         80	80
[09/28/2026-23:30:23] [TRT] [V]     Output 0
[09/28/2026-23:30:23] [TRT] [V]         1	1
[09/28/2026-23:30:23] [TRT] [V]         64	64
[09/28/2026-23:30:23] [TRT] [V]         80	80
[09/28/2026-23:30:23] [TRT] [V]         80	80
[09/28/2026-23:30:23] [TRT] [V] ELEMENTWISE /model.16/act/Mul
[09/28/2026-23:30:23] [TRT] [V]     Input 0
[09/28/2026-23:30:23] [TRT] [V]         1	1
[09/28/2026-23:30:23] [TRT] [V]         64	64
[09/28/2026-23:30:23] [TRT] [V]         40	40
[09/28/2026-23:30:23] [TRT] [V]         40	40
[09/28/2026-23:30:23] [TRT] [V]     Input 1
[09/28/2026-23:30:23] [TRT] [V]         1	1
[09/28/2026-23:30:23] [TRT] [V]         64	64
[09/28/2026-23:30:23] [TRT] [V]         40	40
[09/28/2026-23:30:23] [TRT] [V]         40	40
[09/28/2026-23:30:23] [TRT] [V]     Output 0
[09/28/2026-23:30:23] [TRT] [V]         1	1
[09/28/2026-23:30:23] [TRT] [V]         64	64
[09/28/2026-23:30:23] [TRT] [V]         40	40
[09/28/2026-23:30:23] [TRT] [V]         40	40
[09/28/2026-23:30:23] [TRT] [V] ELEMENTWISE /model.22/cv2.0/cv2.0.0/act/Mul
[09/28/2026-23:30:23] [TRT] [V]     Input 0
[09/28/2026-23:30:23] [TRT] [V]         1	1
[09/28/2026-23:30:23] [TRT] [V]         64	64
[09/28/2026-23:30:23] [TRT] [V]         80	80
[09/28/2026-23:30:23] [TRT] [V]         80	80
[09/28/2026-23:30:23] [TRT] [V]     Input 1
[09/28/2026-23:30:23] [TRT] [V]         1	1
[09/28/2026-23:30:23] [TRT] [V]         64	64
[09/28/2026-23:30:23] [TRT] [V]         80	80
[09/28/2026-23:30:23] [TRT] [V]         80	80
[09/28/2026-23:30:23] [TRT] [V]     Output 0
[09/28/2026-23:30:23] [TRT] [V]         1	1
[09/28/2026-23:30:23] [TRT] [V]         64	64
[09/28/2026-23:30:23] [TRT] [V]         80	80
[09/28/2026-23:30:23] [TRT] [V]         80	80
[09/28/2026-23:30:23] [TRT] [V] ELEMENTWISE /model.22/cv3.0/cv3.0.0/act/Mul
[09/28/2026-23:30:23] [TRT] [V]     Input 0
[09/28/2026-23:30:23] [TRT] [V]         1	1
[09/28/2026-23:30:23] [TRT] [V]         64	64
[09/28/2026-23:30:23] [TRT] [V]         80	80
[09/28/2026-23:30:23] [TRT] [V]         80	80
[09/28/2026-23:30:23] [TRT] [V]     Input 1
[09/28/2026-23:30:23] [TRT] [V]         1	1
[09/28/2026-23:30:23] [TRT] [V]         64	64
[09/28/2026-23:30:23] [TRT] [V]         80	80
[09/28/2026-23:30:23] [TRT] [V]         80	80
[09/28/2026-23:30:23] [TRT] [V]     Output 0
[09/28/2026-23:30:23] [TRT] [V]         1	1
[09/28/2026-23:30:23] [TRT] [V]         64	64
[09/28/2026-23:30:23] [TRT] [V]         80	80
[09/28/2026-23:30:23] [TRT] [V]         80	80
[09/28/2026-23:30:23] [TRT] [V] CONCATENATION /model.17/Concat
[09/28/2026-23:30:23] [TRT] [V]     Input 0
[09/28/2026-23:30:23] [TRT] [V]         1	1
[09/28/2026-23:30:23] [TRT] [V]         64	64
[09/28/2026-23:30:23] [TRT] [V]         40	40
[09/28/2026-23:30:23] [TRT] [V]         40	40
[09/28/2026-23:30:23] [TRT] [V]     Input 1
[09/28/2026-23:30:23] [TRT] [V]         1	1
[09/28/2026-23:30:23] [TRT] [V]         128	128
[09/28/2026-23:30:23] [TRT] [V]         40	40
[09/28/2026-23:30:23] [TRT] [V]         40	40
[09/28/2026-23:30:23] [TRT] [V]     Output 0
[09/28/2026-23:30:23] [TRT] [V]         1	1
[09/28/2026-23:30:23] [TRT] [V]         192	192
[09/28/2026-23:30:23] [TRT] [V]         40	40
[09/28/2026-23:30:23] [TRT] [V]         40	40
[09/28/2026-23:30:23] [TRT] [V] CONVOLUTION /model.22/cv2.0/cv2.0.1/conv/Conv
[09/28/2026-23:30:23] [TRT] [V]     Input 0
[09/28/2026-23:30:23] [TRT] [V]         1	1
[09/28/2026-23:30:23] [TRT] [V]         64	64
[09/28/2026-23:30:23] [TRT] [V]         80	80
[09/28/2026-23:30:23] [TRT] [V]         80	80
[09/28/2026-23:30:23] [TRT] [V]     Output 0
[09/28/2026-23:30:23] [TRT] [V]         1	1
[09/28/2026-23:30:23] [TRT] [V]         64	64
[09/28/2026-23:30:23] [TRT] [V]         80	80
[09/28/2026-23:30:23] [TRT] [V]         80	80
[09/28/2026-23:30:23] [TRT] [V] CONVOLUTION /model.22/cv3.0/cv3.0.1/conv/Conv
[09/28/2026-23:30:23] [TRT] [V]     Input 0
[09/28/2026-23:30:23] [TRT] [V]         1	1
[09/28/2026-23:30:23] [TRT] [V]         64	64
[09/28/2026-23:30:23] [TRT] [V]         80	80
[09/28/2026-23:30:23] [TRT] [V]         80	80
[09/28/2026-23:30:23] [TRT] [V]     Output 0
[09/28/2026-23:30:23] [TRT] [V]         1	1
[09/28/2026-23:30:23] [TRT] [V]         64	64
[09/28/2026-23:30:23] [TRT] [V]         80	80
[09/28/2026-23:30:23] [TRT] [V]         80	80
[09/28/2026-23:30:23] [TRT] [V] CONVOLUTION /model.18/cv1/conv/Conv
[09/28/2026-23:30:23] [TRT] [V]     Input 0
[09/28/2026-23:30:23] [TRT] [V]         1	1
[09/28/2026-23:30:23] [TRT] [V]         192	192
[09/28/2026-23:30:23] [TRT] [V]         40	40
[09/28/2026-23:30:23] [TRT] [V]         40	40
[09/28/2026-23:30:23] [TRT] [V]     Output 0
[09/28/2026-23:30:23] [TRT] [V]         1	1
[09/28/2026-23:30:23] [TRT] [V]         128	128
[09/28/2026-23:30:23] [TRT] [V]         40	40
[09/28/2026-23:30:23] [TRT] [V]         40	40
[09/28/2026-23:30:23] [TRT] [V] ACTIVATION /model.22/cv2.0/cv2.0.1/act/Sigmoid
[09/28/2026-23:30:23] [TRT] [V]     Input 0
[09/28/2026-23:30:23] [TRT] [V]         1	1
[09/28/2026-23:30:23] [TRT] [V]         64	64
[09/28/2026-23:30:23] [TRT] [V]         80	80
[09/28/2026-23:30:23] [TRT] [V]         80	80
[09/28/2026-23:30:23] [TRT] [V]     Output 0
[09/28/2026-23:30:23] [TRT] [V]         1	1
[09/28/2026-23:30:23] [TRT] [V]         64	64
[09/28/2026-23:30:23] [TRT] [V]         80	80
[09/28/2026-23:30:23] [TRT] [V]         80	80
[09/28/2026-23:30:23] [TRT] [V] ACTIVATION /model.22/cv3.0/cv3.0.1/act/Sigmoid
[09/28/2026-23:30:23] [TRT] [V]     Input 0
[09/28/2026-23:30:23] [TRT] [V]         1	1
[09/28/2026-23:30:23] [TRT] [V]         64	64
[09/28/2026-23:30:23] [TRT] [V]         80	80
[09/28/2026-23:30:23] [TRT] [V]         80	80
[09/28/2026-23:30:23] [TRT] [V]     Output 0
[09/28/2026-23:30:23] [TRT] [V]         1	1
[09/28/2026-23:30:23] [TRT] [V]         64	64
[09/28/2026-23:30:23] [TRT] [V]         80	80
[09/28/2026-23:30:23] [TRT] [V]         80	80
[09/28/2026-23:30:23] [TRT] [V] ACTIVATION /model.18/cv1/act/Sigmoid
[09/28/2026-23:30:23] [TRT] [V]     Input 0
[09/28/2026-23:30:23] [TRT] [V]         1	1
[09/28/2026-23:30:23] [TRT] [V]         128	128
[09/28/2026-23:30:23] [TRT] [V]         40	40
[09/28/2026-23:30:23] [TRT] [V]         40	40
[09/28/2026-23:30:23] [TRT] [V]     Output 0
[09/28/2026-23:30:23] [TRT] [V]         1	1
[09/28/2026-23:30:23] [TRT] [V]         128	128
[09/28/2026-23:30:23] [TRT] [V]         40	40
[09/28/2026-23:30:23] [TRT] [V]         40	40
[09/28/2026-23:30:23] [TRT] [V] ELEMENTWISE /model.22/cv2.0/cv2.0.1/act/Mul
[09/28/2026-23:30:23] [TRT] [V]     Input 0
[09/28/2026-23:30:23] [TRT] [V]         1	1
[09/28/2026-23:30:23] [TRT] [V]         64	64
[09/28/2026-23:30:23] [TRT] [V]         80	80
[09/28/2026-23:30:23] [TRT] [V]         80	80
[09/28/2026-23:30:23] [TRT] [V]     Input 1
[09/28/2026-23:30:23] [TRT] [V]         1	1
[09/28/2026-23:30:23] [TRT] [V]         64	64
[09/28/2026-23:30:23] [TRT] [V]         80	80
[09/28/2026-23:30:23] [TRT] [V]         80	80
[09/28/2026-23:30:23] [TRT] [V]     Output 0
[09/28/2026-23:30:23] [TRT] [V]         1	1
[09/28/2026-23:30:23] [TRT] [V]         64	64
[09/28/2026-23:30:23] [TRT] [V]         80	80
[09/28/2026-23:30:23] [TRT] [V]         80	80
[09/28/2026-23:30:23] [TRT] [V] ELEMENTWISE /model.22/cv3.0/cv3.0.1/act/Mul
[09/28/2026-23:30:23] [TRT] [V]     Input 0
[09/28/2026-23:30:23] [TRT] [V]         1	1
[09/28/2026-23:30:23] [TRT] [V]         64	64
[09/28/2026-23:30:23] [TRT] [V]         80	80
[09/28/2026-23:30:23] [TRT] [V]         80	80
[09/28/2026-23:30:23] [TRT] [V]     Input 1
[09/28/2026-23:30:23] [TRT] [V]         1	1
[09/28/2026-23:30:23] [TRT] [V]         64	64
[09/28/2026-23:30:23] [TRT] [V]         80	80
[09/28/2026-23:30:23] [TRT] [V]         80	80
[09/28/2026-23:30:23] [TRT] [V]     Output 0
[09/28/2026-23:30:23] [TRT] [V]         1	1
[09/28/2026-23:30:23] [TRT] [V]         64	64
[09/28/2026-23:30:23] [TRT] [V]         80	80
[09/28/2026-23:30:23] [TRT] [V]         80	80
[09/28/2026-23:30:23] [TRT] [V] ELEMENTWISE /model.18/cv1/act/Mul
[09/28/2026-23:30:23] [TRT] [V]     Input 0
[09/28/2026-23:30:23] [TRT] [V]         1	1
[09/28/2026-23:30:23] [TRT] [V]         128	128
[09/28/2026-23:30:23] [TRT] [V]         40	40
[09/28/2026-23:30:23] [TRT] [V]         40	40
[09/28/2026-23:30:23] [TRT] [V]     Input 1
[09/28/2026-23:30:23] [TRT] [V]         1	1
[09/28/2026-23:30:23] [TRT] [V]         128	128
[09/28/2026-23:30:23] [TRT] [V]         40	40
[09/28/2026-23:30:23] [TRT] [V]         40	40
[09/28/2026-23:30:23] [TRT] [V]     Output 0
[09/28/2026-23:30:23] [TRT] [V]         1	1
[09/28/2026-23:30:23] [TRT] [V]         128	128
[09/28/2026-23:30:23] [TRT] [V]         40	40
[09/28/2026-23:30:23] [TRT] [V]         40	40
[09/28/2026-23:30:23] [TRT] [V] CONVOLUTION /model.22/cv2.0/cv2.0.2/Conv
[09/28/2026-23:30:23] [TRT] [V]     Input 0
[09/28/2026-23:30:23] [TRT] [V]         1	1
[09/28/2026-23:30:23] [TRT] [V]         64	64
[09/28/2026-23:30:23] [TRT] [V]         80	80
[09/28/2026-23:30:23] [TRT] [V]         80	80
[09/28/2026-23:30:23] [TRT] [V]     Output 0
[09/28/2026-23:30:23] [TRT] [V]         1	1
[09/28/2026-23:30:23] [TRT] [V]         64	64
[09/28/2026-23:30:23] [TRT] [V]         80	80
[09/28/2026-23:30:23] [TRT] [V]         80	80
[09/28/2026-23:30:23] [TRT] [V] CONVOLUTION /model.22/cv3.0/cv3.0.2/Conv
[09/28/2026-23:30:23] [TRT] [V]     Input 0
[09/28/2026-23:30:23] [TRT] [V]         1	1
[09/28/2026-23:30:23] [TRT] [V]         64	64
[09/28/2026-23:30:23] [TRT] [V]         80	80
[09/28/2026-23:30:23] [TRT] [V]         80	80
[09/28/2026-23:30:23] [TRT] [V]     Output 0
[09/28/2026-23:30:23] [TRT] [V]         1	1
[09/28/2026-23:30:23] [TRT] [V]         3	3
[09/28/2026-23:30:23] [TRT] [V]         80	80
[09/28/2026-23:30:23] [TRT] [V]         80	80
[09/28/2026-23:30:23] [TRT] [V] SLICE /model.18/Split
[09/28/2026-23:30:23] [TRT] [V]     Input 0
[09/28/2026-23:30:23] [TRT] [V]         1	1
[09/28/2026-23:30:23] [TRT] [V]         128	128
[09/28/2026-23:30:23] [TRT] [V]         40	40
[09/28/2026-23:30:23] [TRT] [V]         40	40
[09/28/2026-23:30:23] [TRT] [V]     Output 0
[09/28/2026-23:30:23] [TRT] [V]         1	1
[09/28/2026-23:30:23] [TRT] [V]         64	64
[09/28/2026-23:30:23] [TRT] [V]         40	40
[09/28/2026-23:30:23] [TRT] [V]         40	40
[09/28/2026-23:30:23] [TRT] [V] SLICE /model.18/Split_19
[09/28/2026-23:30:23] [TRT] [V]     Input 0
[09/28/2026-23:30:23] [TRT] [V]         1	1
[09/28/2026-23:30:23] [TRT] [V]         128	128
[09/28/2026-23:30:23] [TRT] [V]         40	40
[09/28/2026-23:30:23] [TRT] [V]         40	40
[09/28/2026-23:30:23] [TRT] [V]     Output 0
[09/28/2026-23:30:23] [TRT] [V]         1	1
[09/28/2026-23:30:23] [TRT] [V]         64	64
[09/28/2026-23:30:23] [TRT] [V]         40	40
[09/28/2026-23:30:23] [TRT] [V]         40	40
[09/28/2026-23:30:23] [TRT] [V] SHUFFLE /model.22/Reshape
[09/28/2026-23:30:23] [TRT] [V]     Input 0
[09/28/2026-23:30:23] [TRT] [V]         1	1
[09/28/2026-23:30:23] [TRT] [V]         64	64
[09/28/2026-23:30:23] [TRT] [V]         80	80
[09/28/2026-23:30:23] [TRT] [V]         80	80
[09/28/2026-23:30:23] [TRT] [V]     Output 0
[09/28/2026-23:30:23] [TRT] [V]         1	1
[09/28/2026-23:30:23] [TRT] [V]         64	64
[09/28/2026-23:30:23] [TRT] [V]         6400	6400
[09/28/2026-23:30:23] [TRT] [V] SHUFFLE /model.22/Reshape_3
[09/28/2026-23:30:23] [TRT] [V]     Input 0
[09/28/2026-23:30:23] [TRT] [V]         1	1
[09/28/2026-23:30:23] [TRT] [V]         3	3
[09/28/2026-23:30:23] [TRT] [V]         80	80
[09/28/2026-23:30:23] [TRT] [V]         80	80
[09/28/2026-23:30:23] [TRT] [V]     Output 0
[09/28/2026-23:30:23] [TRT] [V]         1	1
[09/28/2026-23:30:23] [TRT] [V]         3	3
[09/28/2026-23:30:23] [TRT] [V]         6400	6400
[09/28/2026-23:30:23] [TRT] [V] CONVOLUTION /model.18/m.0/cv1/conv/Conv
[09/28/2026-23:30:23] [TRT] [V]     Input 0
[09/28/2026-23:30:23] [TRT] [V]         1	1
[09/28/2026-23:30:23] [TRT] [V]         64	64
[09/28/2026-23:30:23] [TRT] [V]         40	40
[09/28/2026-23:30:23] [TRT] [V]         40	40
[09/28/2026-23:30:23] [TRT] [V]     Output 0
[09/28/2026-23:30:23] [TRT] [V]         1	1
[09/28/2026-23:30:23] [TRT] [V]         64	64
[09/28/2026-23:30:23] [TRT] [V]         40	40
[09/28/2026-23:30:23] [TRT] [V]         40	40
[09/28/2026-23:30:23] [TRT] [V] ACTIVATION /model.18/m.0/cv1/act/Sigmoid
[09/28/2026-23:30:23] [TRT] [V]     Input 0
[09/28/2026-23:30:23] [TRT] [V]         1	1
[09/28/2026-23:30:23] [TRT] [V]         64	64
[09/28/2026-23:30:23] [TRT] [V]         40	40
[09/28/2026-23:30:23] [TRT] [V]         40	40
[09/28/2026-23:30:23] [TRT] [V]     Output 0
[09/28/2026-23:30:23] [TRT] [V]         1	1
[09/28/2026-23:30:23] [TRT] [V]         64	64
[09/28/2026-23:30:23] [TRT] [V]         40	40
[09/28/2026-23:30:23] [TRT] [V]         40	40
[09/28/2026-23:30:23] [TRT] [V] ELEMENTWISE /model.18/m.0/cv1/act/Mul
[09/28/2026-23:30:23] [TRT] [V]     Input 0
[09/28/2026-23:30:23] [TRT] [V]         1	1
[09/28/2026-23:30:23] [TRT] [V]         64	64
[09/28/2026-23:30:23] [TRT] [V]         40	40
[09/28/2026-23:30:23] [TRT] [V]         40	40
[09/28/2026-23:30:23] [TRT] [V]     Input 1
[09/28/2026-23:30:23] [TRT] [V]         1	1
[09/28/2026-23:30:23] [TRT] [V]         64	64
[09/28/2026-23:30:23] [TRT] [V]         40	40
[09/28/2026-23:30:23] [TRT] [V]         40	40
[09/28/2026-23:30:23] [TRT] [V]     Output 0
[09/28/2026-23:30:23] [TRT] [V]         1	1
[09/28/2026-23:30:23] [TRT] [V]         64	64
[09/28/2026-23:30:23] [TRT] [V]         40	40
[09/28/2026-23:30:23] [TRT] [V]         40	40
[09/28/2026-23:30:23] [TRT] [V] CONVOLUTION /model.18/m.0/cv2/conv/Conv
[09/28/2026-23:30:23] [TRT] [V]     Input 0
[09/28/2026-23:30:23] [TRT] [V]         1	1
[09/28/2026-23:30:23] [TRT] [V]         64	64
[09/28/2026-23:30:23] [TRT] [V]         40	40
[09/28/2026-23:30:23] [TRT] [V]         40	40
[09/28/2026-23:30:23] [TRT] [V]     Output 0
[09/28/2026-23:30:23] [TRT] [V]         1	1
[09/28/2026-23:30:23] [TRT] [V]         64	64
[09/28/2026-23:30:23] [TRT] [V]         40	40
[09/28/2026-23:30:23] [TRT] [V]         40	40
[09/28/2026-23:30:23] [TRT] [V] ACTIVATION /model.18/m.0/cv2/act/Sigmoid
[09/28/2026-23:30:23] [TRT] [V]     Input 0
[09/28/2026-23:30:23] [TRT] [V]         1	1
[09/28/2026-23:30:23] [TRT] [V]         64	64
[09/28/2026-23:30:23] [TRT] [V]         40	40
[09/28/2026-23:30:23] [TRT] [V]         40	40
[09/28/2026-23:30:23] [TRT] [V]     Output 0
[09/28/2026-23:30:23] [TRT] [V]         1	1
[09/28/2026-23:30:23] [TRT] [V]         64	64
[09/28/2026-23:30:23] [TRT] [V]         40	40
[09/28/2026-23:30:23] [TRT] [V]         40	40
[09/28/2026-23:30:23] [TRT] [V] ELEMENTWISE /model.18/m.0/cv2/act/Mul
[09/28/2026-23:30:23] [TRT] [V]     Input 0
[09/28/2026-23:30:23] [TRT] [V]         1	1
[09/28/2026-23:30:23] [TRT] [V]         64	64
[09/28/2026-23:30:23] [TRT] [V]         40	40
[09/28/2026-23:30:23] [TRT] [V]         40	40
[09/28/2026-23:30:23] [TRT] [V]     Input 1
[09/28/2026-23:30:23] [TRT] [V]         1	1
[09/28/2026-23:30:23] [TRT] [V]         64	64
[09/28/2026-23:30:23] [TRT] [V]         40	40
[09/28/2026-23:30:23] [TRT] [V]         40	40
[09/28/2026-23:30:23] [TRT] [V]     Output 0
[09/28/2026-23:30:23] [TRT] [V]         1	1
[09/28/2026-23:30:23] [TRT] [V]         64	64
[09/28/2026-23:30:23] [TRT] [V]         40	40
[09/28/2026-23:30:23] [TRT] [V]         40	40
[09/28/2026-23:30:23] [TRT] [V] CONCATENATION /model.18/Concat
[09/28/2026-23:30:23] [TRT] [V]     Input 0
[09/28/2026-23:30:23] [TRT] [V]         1	1
[09/28/2026-23:30:23] [TRT] [V]         64	64
[09/28/2026-23:30:23] [TRT] [V]         40	40
[09/28/2026-23:30:23] [TRT] [V]         40	40
[09/28/2026-23:30:23] [TRT] [V]     Input 1
[09/28/2026-23:30:23] [TRT] [V]         1	1
[09/28/2026-23:30:23] [TRT] [V]         64	64
[09/28/2026-23:30:23] [TRT] [V]         40	40
[09/28/2026-23:30:23] [TRT] [V]         40	40
[09/28/2026-23:30:23] [TRT] [V]     Input 2
[09/28/2026-23:30:23] [TRT] [V]         1	1
[09/28/2026-23:30:23] [TRT] [V]         64	64
[09/28/2026-23:30:23] [TRT] [V]         40	40
[09/28/2026-23:30:23] [TRT] [V]         40	40
[09/28/2026-23:30:23] [TRT] [V]     Output 0
[09/28/2026-23:30:23] [TRT] [V]         1	1
[09/28/2026-23:30:23] [TRT] [V]         192	192
[09/28/2026-23:30:23] [TRT] [V]         40	40
[09/28/2026-23:30:23] [TRT] [V]         40	40
[09/28/2026-23:30:23] [TRT] [V] CONVOLUTION /model.18/cv2/conv/Conv
[09/28/2026-23:30:23] [TRT] [V]     Input 0
[09/28/2026-23:30:23] [TRT] [V]         1	1
[09/28/2026-23:30:23] [TRT] [V]         192	192
[09/28/2026-23:30:23] [TRT] [V]         40	40
[09/28/2026-23:30:23] [TRT] [V]         40	40
[09/28/2026-23:30:23] [TRT] [V]     Output 0
[09/28/2026-23:30:23] [TRT] [V]         1	1
[09/28/2026-23:30:23] [TRT] [V]         128	128
[09/28/2026-23:30:23] [TRT] [V]         40	40
[09/28/2026-23:30:23] [TRT] [V]         40	40
[09/28/2026-23:30:23] [TRT] [V] ACTIVATION /model.18/cv2/act/Sigmoid
[09/28/2026-23:30:23] [TRT] [V]     Input 0
[09/28/2026-23:30:23] [TRT] [V]         1	1
[09/28/2026-23:30:23] [TRT] [V]         128	128
[09/28/2026-23:30:23] [TRT] [V]         40	40
[09/28/2026-23:30:23] [TRT] [V]         40	40
[09/28/2026-23:30:23] [TRT] [V]     Output 0
[09/28/2026-23:30:23] [TRT] [V]         1	1
[09/28/2026-23:30:23] [TRT] [V]         128	128
[09/28/2026-23:30:23] [TRT] [V]         40	40
[09/28/2026-23:30:23] [TRT] [V]         40	40
[09/28/2026-23:30:23] [TRT] [V] ELEMENTWISE /model.18/cv2/act/Mul
[09/28/2026-23:30:23] [TRT] [V]     Input 0
[09/28/2026-23:30:23] [TRT] [V]         1	1
[09/28/2026-23:30:23] [TRT] [V]         128	128
[09/28/2026-23:30:23] [TRT] [V]         40	40
[09/28/2026-23:30:23] [TRT] [V]         40	40
[09/28/2026-23:30:23] [TRT] [V]     Input 1
[09/28/2026-23:30:23] [TRT] [V]         1	1
[09/28/2026-23:30:23] [TRT] [V]         128	128
[09/28/2026-23:30:23] [TRT] [V]         40	40
[09/28/2026-23:30:23] [TRT] [V]         40	40
[09/28/2026-23:30:23] [TRT] [V]     Output 0
[09/28/2026-23:30:23] [TRT] [V]         1	1
[09/28/2026-23:30:23] [TRT] [V]         128	128
[09/28/2026-23:30:23] [TRT] [V]         40	40
[09/28/2026-23:30:23] [TRT] [V]         40	40
[09/28/2026-23:30:23] [TRT] [V] CONVOLUTION /model.19/conv/Conv
[09/28/2026-23:30:23] [TRT] [V]     Input 0
[09/28/2026-23:30:23] [TRT] [V]         1	1
[09/28/2026-23:30:23] [TRT] [V]         128	128
[09/28/2026-23:30:23] [TRT] [V]         40	40
[09/28/2026-23:30:23] [TRT] [V]         40	40
[09/28/2026-23:30:23] [TRT] [V]     Output 0
[09/28/2026-23:30:23] [TRT] [V]         1	1
[09/28/2026-23:30:23] [TRT] [V]         128	128
[09/28/2026-23:30:23] [TRT] [V]         20	20
[09/28/2026-23:30:23] [TRT] [V]         20	20
[09/28/2026-23:30:23] [TRT] [V] CONVOLUTION /model.22/cv2.1/cv2.1.0/conv/Conv
[09/28/2026-23:30:23] [TRT] [V]     Input 0
[09/28/2026-23:30:23] [TRT] [V]         1	1
[09/28/2026-23:30:23] [TRT] [V]         128	128
[09/28/2026-23:30:23] [TRT] [V]         40	40
[09/28/2026-23:30:23] [TRT] [V]         40	40
[09/28/2026-23:30:23] [TRT] [V]     Output 0
[09/28/2026-23:30:23] [TRT] [V]         1	1
[09/28/2026-23:30:23] [TRT] [V]         64	64
[09/28/2026-23:30:23] [TRT] [V]         40	40
[09/28/2026-23:30:23] [TRT] [V]         40	40
[09/28/2026-23:30:23] [TRT] [V] CONVOLUTION /model.22/cv3.1/cv3.1.0/conv/Conv
[09/28/2026-23:30:23] [TRT] [V]     Input 0
[09/28/2026-23:30:23] [TRT] [V]         1	1
[09/28/2026-23:30:23] [TRT] [V]         128	128
[09/28/2026-23:30:23] [TRT] [V]         40	40
[09/28/2026-23:30:23] [TRT] [V]         40	40
[09/28/2026-23:30:23] [TRT] [V]     Output 0
[09/28/2026-23:30:23] [TRT] [V]         1	1
[09/28/2026-23:30:23] [TRT] [V]         64	64
[09/28/2026-23:30:23] [TRT] [V]         40	40
[09/28/2026-23:30:23] [TRT] [V]         40	40
[09/28/2026-23:30:23] [TRT] [V] ACTIVATION /model.19/act/Sigmoid
[09/28/2026-23:30:23] [TRT] [V]     Input 0
[09/28/2026-23:30:23] [TRT] [V]         1	1
[09/28/2026-23:30:23] [TRT] [V]         128	128
[09/28/2026-23:30:23] [TRT] [V]         20	20
[09/28/2026-23:30:23] [TRT] [V]         20	20
[09/28/2026-23:30:23] [TRT] [V]     Output 0
[09/28/2026-23:30:23] [TRT] [V]         1	1
[09/28/2026-23:30:23] [TRT] [V]         128	128
[09/28/2026-23:30:23] [TRT] [V]         20	20
[09/28/2026-23:30:23] [TRT] [V]         20	20
[09/28/2026-23:30:23] [TRT] [V] ACTIVATION /model.22/cv2.1/cv2.1.0/act/Sigmoid
[09/28/2026-23:30:23] [TRT] [V]     Input 0
[09/28/2026-23:30:23] [TRT] [V]         1	1
[09/28/2026-23:30:23] [TRT] [V]         64	64
[09/28/2026-23:30:23] [TRT] [V]         40	40
[09/28/2026-23:30:23] [TRT] [V]         40	40
[09/28/2026-23:30:23] [TRT] [V]     Output 0
[09/28/2026-23:30:23] [TRT] [V]         1	1
[09/28/2026-23:30:23] [TRT] [V]         64	64
[09/28/2026-23:30:23] [TRT] [V]         40	40
[09/28/2026-23:30:23] [TRT] [V]         40	40
[09/28/2026-23:30:23] [TRT] [V] ACTIVATION /model.22/cv3.1/cv3.1.0/act/Sigmoid
[09/28/2026-23:30:23] [TRT] [V]     Input 0
[09/28/2026-23:30:23] [TRT] [V]         1	1
[09/28/2026-23:30:23] [TRT] [V]         64	64
[09/28/2026-23:30:23] [TRT] [V]         40	40
[09/28/2026-23:30:23] [TRT] [V]         40	40
[09/28/2026-23:30:23] [TRT] [V]     Output 0
[09/28/2026-23:30:23] [TRT] [V]         1	1
[09/28/2026-23:30:23] [TRT] [V]         64	64
[09/28/2026-23:30:23] [TRT] [V]         40	40
[09/28/2026-23:30:23] [TRT] [V]         40	40
[09/28/2026-23:30:23] [TRT] [V] ELEMENTWISE /model.19/act/Mul
[09/28/2026-23:30:23] [TRT] [V]     Input 0
[09/28/2026-23:30:23] [TRT] [V]         1	1
[09/28/2026-23:30:23] [TRT] [V]         128	128
[09/28/2026-23:30:23] [TRT] [V]         20	20
[09/28/2026-23:30:23] [TRT] [V]         20	20
[09/28/2026-23:30:23] [TRT] [V]     Input 1
[09/28/2026-23:30:23] [TRT] [V]         1	1
[09/28/2026-23:30:23] [TRT] [V]         128	128
[09/28/2026-23:30:23] [TRT] [V]         20	20
[09/28/2026-23:30:23] [TRT] [V]         20	20
[09/28/2026-23:30:23] [TRT] [V]     Output 0
[09/28/2026-23:30:23] [TRT] [V]         1	1
[09/28/2026-23:30:23] [TRT] [V]         128	128
[09/28/2026-23:30:23] [TRT] [V]         20	20
[09/28/2026-23:30:23] [TRT] [V]         20	20
[09/28/2026-23:30:23] [TRT] [V] ELEMENTWISE /model.22/cv2.1/cv2.1.0/act/Mul
[09/28/2026-23:30:23] [TRT] [V]     Input 0
[09/28/2026-23:30:23] [TRT] [V]         1	1
[09/28/2026-23:30:23] [TRT] [V]         64	64
[09/28/2026-23:30:23] [TRT] [V]         40	40
[09/28/2026-23:30:23] [TRT] [V]         40	40
[09/28/2026-23:30:23] [TRT] [V]     Input 1
[09/28/2026-23:30:23] [TRT] [V]         1	1
[09/28/2026-23:30:23] [TRT] [V]         64	64
[09/28/2026-23:30:23] [TRT] [V]         40	40
[09/28/2026-23:30:23] [TRT] [V]         40	40
[09/28/2026-23:30:23] [TRT] [V]     Output 0
[09/28/2026-23:30:23] [TRT] [V]         1	1
[09/28/2026-23:30:23] [TRT] [V]         64	64
[09/28/2026-23:30:23] [TRT] [V]         40	40
[09/28/2026-23:30:23] [TRT] [V]         40	40
[09/28/2026-23:30:23] [TRT] [V] ELEMENTWISE /model.22/cv3.1/cv3.1.0/act/Mul
[09/28/2026-23:30:23] [TRT] [V]     Input 0
[09/28/2026-23:30:23] [TRT] [V]         1	1
[09/28/2026-23:30:23] [TRT] [V]         64	64
[09/28/2026-23:30:23] [TRT] [V]         40	40
[09/28/2026-23:30:23] [TRT] [V]         40	40
[09/28/2026-23:30:23] [TRT] [V]     Input 1
[09/28/2026-23:30:23] [TRT] [V]         1	1
[09/28/2026-23:30:23] [TRT] [V]         64	64
[09/28/2026-23:30:23] [TRT] [V]         40	40
[09/28/2026-23:30:23] [TRT] [V]         40	40
[09/28/2026-23:30:23] [TRT] [V]     Output 0
[09/28/2026-23:30:23] [TRT] [V]         1	1
[09/28/2026-23:30:23] [TRT] [V]         64	64
[09/28/2026-23:30:23] [TRT] [V]         40	40
[09/28/2026-23:30:23] [TRT] [V]         40	40
[09/28/2026-23:30:23] [TRT] [V] CONCATENATION /model.20/Concat
[09/28/2026-23:30:23] [TRT] [V]     Input 0
[09/28/2026-23:30:23] [TRT] [V]         1	1
[09/28/2026-23:30:23] [TRT] [V]         128	128
[09/28/2026-23:30:23] [TRT] [V]         20	20
[09/28/2026-23:30:23] [TRT] [V]         20	20
[09/28/2026-23:30:23] [TRT] [V]     Input 1
[09/28/2026-23:30:23] [TRT] [V]         1	1
[09/28/2026-23:30:23] [TRT] [V]         256	256
[09/28/2026-23:30:23] [TRT] [V]         20	20
[09/28/2026-23:30:23] [TRT] [V]         20	20
[09/28/2026-23:30:23] [TRT] [V]     Output 0
[09/28/2026-23:30:23] [TRT] [V]         1	1
[09/28/2026-23:30:23] [TRT] [V]         384	384
[09/28/2026-23:30:23] [TRT] [V]         20	20
[09/28/2026-23:30:23] [TRT] [V]         20	20
[09/28/2026-23:30:23] [TRT] [V] CONVOLUTION /model.22/cv2.1/cv2.1.1/conv/Conv
[09/28/2026-23:30:23] [TRT] [V]     Input 0
[09/28/2026-23:30:23] [TRT] [V]         1	1
[09/28/2026-23:30:23] [TRT] [V]         64	64
[09/28/2026-23:30:23] [TRT] [V]         40	40
[09/28/2026-23:30:23] [TRT] [V]         40	40
[09/28/2026-23:30:23] [TRT] [V]     Output 0
[09/28/2026-23:30:23] [TRT] [V]         1	1
[09/28/2026-23:30:23] [TRT] [V]         64	64
[09/28/2026-23:30:23] [TRT] [V]         40	40
[09/28/2026-23:30:23] [TRT] [V]         40	40
[09/28/2026-23:30:23] [TRT] [V] CONVOLUTION /model.22/cv3.1/cv3.1.1/conv/Conv
[09/28/2026-23:30:23] [TRT] [V]     Input 0
[09/28/2026-23:30:23] [TRT] [V]         1	1
[09/28/2026-23:30:23] [TRT] [V]         64	64
[09/28/2026-23:30:23] [TRT] [V]         40	40
[09/28/2026-23:30:23] [TRT] [V]         40	40
[09/28/2026-23:30:23] [TRT] [V]     Output 0
[09/28/2026-23:30:23] [TRT] [V]         1	1
[09/28/2026-23:30:23] [TRT] [V]         64	64
[09/28/2026-23:30:23] [TRT] [V]         40	40
[09/28/2026-23:30:23] [TRT] [V]         40	40
[09/28/2026-23:30:23] [TRT] [V] CONVOLUTION /model.21/cv1/conv/Conv
[09/28/2026-23:30:23] [TRT] [V]     Input 0
[09/28/2026-23:30:23] [TRT] [V]         1	1
[09/28/2026-23:30:23] [TRT] [V]         384	384
[09/28/2026-23:30:23] [TRT] [V]         20	20
[09/28/2026-23:30:23] [TRT] [V]         20	20
[09/28/2026-23:30:23] [TRT] [V]     Output 0
[09/28/2026-23:30:23] [TRT] [V]         1	1
[09/28/2026-23:30:23] [TRT] [V]         256	256
[09/28/2026-23:30:23] [TRT] [V]         20	20
[09/28/2026-23:30:23] [TRT] [V]         20	20
[09/28/2026-23:30:23] [TRT] [V] ACTIVATION /model.22/cv2.1/cv2.1.1/act/Sigmoid
[09/28/2026-23:30:23] [TRT] [V]     Input 0
[09/28/2026-23:30:23] [TRT] [V]         1	1
[09/28/2026-23:30:23] [TRT] [V]         64	64
[09/28/2026-23:30:23] [TRT] [V]         40	40
[09/28/2026-23:30:23] [TRT] [V]         40	40
[09/28/2026-23:30:23] [TRT] [V]     Output 0
[09/28/2026-23:30:23] [TRT] [V]         1	1
[09/28/2026-23:30:23] [TRT] [V]         64	64
[09/28/2026-23:30:23] [TRT] [V]         40	40
[09/28/2026-23:30:23] [TRT] [V]         40	40
[09/28/2026-23:30:23] [TRT] [V] ACTIVATION /model.22/cv3.1/cv3.1.1/act/Sigmoid
[09/28/2026-23:30:23] [TRT] [V]     Input 0
[09/28/2026-23:30:23] [TRT] [V]         1	1
[09/28/2026-23:30:23] [TRT] [V]         64	64
[09/28/2026-23:30:23] [TRT] [V]         40	40
[09/28/2026-23:30:23] [TRT] [V]         40	40
[09/28/2026-23:30:23] [TRT] [V]     Output 0
[09/28/2026-23:30:23] [TRT] [V]         1	1
[09/28/2026-23:30:23] [TRT] [V]         64	64
[09/28/2026-23:30:23] [TRT] [V]         40	40
[09/28/2026-23:30:23] [TRT] [V]         40	40
[09/28/2026-23:30:23] [TRT] [V] ACTIVATION /model.21/cv1/act/Sigmoid
[09/28/2026-23:30:23] [TRT] [V]     Input 0
[09/28/2026-23:30:23] [TRT] [V]         1	1
[09/28/2026-23:30:23] [TRT] [V]         256	256
[09/28/2026-23:30:23] [TRT] [V]         20	20
[09/28/2026-23:30:23] [TRT] [V]         20	20
[09/28/2026-23:30:23] [TRT] [V]     Output 0
[09/28/2026-23:30:23] [TRT] [V]         1	1
[09/28/2026-23:30:23] [TRT] [V]         256	256
[09/28/2026-23:30:23] [TRT] [V]         20	20
[09/28/2026-23:30:23] [TRT] [V]         20	20
[09/28/2026-23:30:23] [TRT] [V] ELEMENTWISE /model.22/cv2.1/cv2.1.1/act/Mul
[09/28/2026-23:30:23] [TRT] [V]     Input 0
[09/28/2026-23:30:23] [TRT] [V]         1	1
[09/28/2026-23:30:23] [TRT] [V]         64	64
[09/28/2026-23:30:23] [TRT] [V]         40	40
[09/28/2026-23:30:23] [TRT] [V]         40	40
[09/28/2026-23:30:23] [TRT] [V]     Input 1
[09/28/2026-23:30:23] [TRT] [V]         1	1
[09/28/2026-23:30:23] [TRT] [V]         64	64
[09/28/2026-23:30:23] [TRT] [V]         40	40
[09/28/2026-23:30:23] [TRT] [V]         40	40
[09/28/2026-23:30:23] [TRT] [V]     Output 0
[09/28/2026-23:30:23] [TRT] [V]         1	1
[09/28/2026-23:30:23] [TRT] [V]         64	64
[09/28/2026-23:30:23] [TRT] [V]         40	40
[09/28/2026-23:30:23] [TRT] [V]         40	40
[09/28/2026-23:30:23] [TRT] [V] ELEMENTWISE /model.22/cv3.1/cv3.1.1/act/Mul
[09/28/2026-23:30:23] [TRT] [V]     Input 0
[09/28/2026-23:30:23] [TRT] [V]         1	1
[09/28/2026-23:30:23] [TRT] [V]         64	64
[09/28/2026-23:30:23] [TRT] [V]         40	40
[09/28/2026-23:30:23] [TRT] [V]         40	40
[09/28/2026-23:30:23] [TRT] [V]     Input 1
[09/28/2026-23:30:23] [TRT] [V]         1	1
[09/28/2026-23:30:23] [TRT] [V]         64	64
[09/28/2026-23:30:23] [TRT] [V]         40	40
[09/28/2026-23:30:23] [TRT] [V]         40	40
[09/28/2026-23:30:23] [TRT] [V]     Output 0
[09/28/2026-23:30:23] [TRT] [V]         1	1
[09/28/2026-23:30:23] [TRT] [V]         64	64
[09/28/2026-23:30:23] [TRT] [V]         40	40
[09/28/2026-23:30:23] [TRT] [V]         40	40
[09/28/2026-23:30:23] [TRT] [V] ELEMENTWISE /model.21/cv1/act/Mul
[09/28/2026-23:30:23] [TRT] [V]     Input 0
[09/28/2026-23:30:23] [TRT] [V]         1	1
[09/28/2026-23:30:23] [TRT] [V]         256	256
[09/28/2026-23:30:23] [TRT] [V]         20	20
[09/28/2026-23:30:23] [TRT] [V]         20	20
[09/28/2026-23:30:23] [TRT] [V]     Input 1
[09/28/2026-23:30:23] [TRT] [V]         1	1
[09/28/2026-23:30:23] [TRT] [V]         256	256
[09/28/2026-23:30:23] [TRT] [V]         20	20
[09/28/2026-23:30:23] [TRT] [V]         20	20
[09/28/2026-23:30:23] [TRT] [V]     Output 0
[09/28/2026-23:30:23] [TRT] [V]         1	1
[09/28/2026-23:30:23] [TRT] [V]         256	256
[09/28/2026-23:30:23] [TRT] [V]         20	20
[09/28/2026-23:30:23] [TRT] [V]         20	20
[09/28/2026-23:30:23] [TRT] [V] CONVOLUTION /model.22/cv2.1/cv2.1.2/Conv
[09/28/2026-23:30:23] [TRT] [V]     Input 0
[09/28/2026-23:30:23] [TRT] [V]         1	1
[09/28/2026-23:30:23] [TRT] [V]         64	64
[09/28/2026-23:30:23] [TRT] [V]         40	40
[09/28/2026-23:30:23] [TRT] [V]         40	40
[09/28/2026-23:30:23] [TRT] [V]     Output 0
[09/28/2026-23:30:23] [TRT] [V]         1	1
[09/28/2026-23:30:23] [TRT] [V]         64	64
[09/28/2026-23:30:23] [TRT] [V]         40	40
[09/28/2026-23:30:23] [TRT] [V]         40	40
[09/28/2026-23:30:23] [TRT] [V] CONVOLUTION /model.22/cv3.1/cv3.1.2/Conv
[09/28/2026-23:30:23] [TRT] [V]     Input 0
[09/28/2026-23:30:23] [TRT] [V]         1	1
[09/28/2026-23:30:23] [TRT] [V]         64	64
[09/28/2026-23:30:23] [TRT] [V]         40	40
[09/28/2026-23:30:23] [TRT] [V]         40	40
[09/28/2026-23:30:23] [TRT] [V]     Output 0
[09/28/2026-23:30:23] [TRT] [V]         1	1
[09/28/2026-23:30:23] [TRT] [V]         3	3
[09/28/2026-23:30:23] [TRT] [V]         40	40
[09/28/2026-23:30:23] [TRT] [V]         40	40
[09/28/2026-23:30:23] [TRT] [V] SLICE /model.21/Split
[09/28/2026-23:30:23] [TRT] [V]     Input 0
[09/28/2026-23:30:23] [TRT] [V]         1	1
[09/28/2026-23:30:23] [TRT] [V]         256	256
[09/28/2026-23:30:23] [TRT] [V]         20	20
[09/28/2026-23:30:23] [TRT] [V]         20	20
[09/28/2026-23:30:23] [TRT] [V]     Output 0
[09/28/2026-23:30:23] [TRT] [V]         1	1
[09/28/2026-23:30:23] [TRT] [V]         128	128
[09/28/2026-23:30:23] [TRT] [V]         20	20
[09/28/2026-23:30:23] [TRT] [V]         20	20
[09/28/2026-23:30:23] [TRT] [V] SLICE /model.21/Split_23
[09/28/2026-23:30:23] [TRT] [V]     Input 0
[09/28/2026-23:30:23] [TRT] [V]         1	1
[09/28/2026-23:30:23] [TRT] [V]         256	256
[09/28/2026-23:30:23] [TRT] [V]         20	20
[09/28/2026-23:30:23] [TRT] [V]         20	20
[09/28/2026-23:30:23] [TRT] [V]     Output 0
[09/28/2026-23:30:23] [TRT] [V]         1	1
[09/28/2026-23:30:23] [TRT] [V]         128	128
[09/28/2026-23:30:23] [TRT] [V]         20	20
[09/28/2026-23:30:23] [TRT] [V]         20	20
[09/28/2026-23:30:23] [TRT] [V] SHUFFLE /model.22/Reshape_1
[09/28/2026-23:30:23] [TRT] [V]     Input 0
[09/28/2026-23:30:23] [TRT] [V]         1	1
[09/28/2026-23:30:23] [TRT] [V]         64	64
[09/28/2026-23:30:23] [TRT] [V]         40	40
[09/28/2026-23:30:23] [TRT] [V]         40	40
[09/28/2026-23:30:23] [TRT] [V]     Output 0
[09/28/2026-23:30:23] [TRT] [V]         1	1
[09/28/2026-23:30:23] [TRT] [V]         64	64
[09/28/2026-23:30:23] [TRT] [V]         1600	1600
[09/28/2026-23:30:23] [TRT] [V] SHUFFLE /model.22/Reshape_4
[09/28/2026-23:30:23] [TRT] [V]     Input 0
[09/28/2026-23:30:23] [TRT] [V]         1	1
[09/28/2026-23:30:23] [TRT] [V]         3	3
[09/28/2026-23:30:23] [TRT] [V]         40	40
[09/28/2026-23:30:23] [TRT] [V]         40	40
[09/28/2026-23:30:23] [TRT] [V]     Output 0
[09/28/2026-23:30:23] [TRT] [V]         1	1
[09/28/2026-23:30:23] [TRT] [V]         3	3
[09/28/2026-23:30:23] [TRT] [V]         1600	1600
[09/28/2026-23:30:23] [TRT] [V] CONVOLUTION /model.21/m.0/cv1/conv/Conv
[09/28/2026-23:30:23] [TRT] [V]     Input 0
[09/28/2026-23:30:23] [TRT] [V]         1	1
[09/28/2026-23:30:23] [TRT] [V]         128	128
[09/28/2026-23:30:23] [TRT] [V]         20	20
[09/28/2026-23:30:23] [TRT] [V]         20	20
[09/28/2026-23:30:23] [TRT] [V]     Output 0
[09/28/2026-23:30:23] [TRT] [V]         1	1
[09/28/2026-23:30:23] [TRT] [V]         128	128
[09/28/2026-23:30:23] [TRT] [V]         20	20
[09/28/2026-23:30:23] [TRT] [V]         20	20
[09/28/2026-23:30:23] [TRT] [V] ACTIVATION /model.21/m.0/cv1/act/Sigmoid
[09/28/2026-23:30:23] [TRT] [V]     Input 0
[09/28/2026-23:30:23] [TRT] [V]         1	1
[09/28/2026-23:30:23] [TRT] [V]         128	128
[09/28/2026-23:30:23] [TRT] [V]         20	20
[09/28/2026-23:30:23] [TRT] [V]         20	20
[09/28/2026-23:30:23] [TRT] [V]     Output 0
[09/28/2026-23:30:23] [TRT] [V]         1	1
[09/28/2026-23:30:23] [TRT] [V]         128	128
[09/28/2026-23:30:23] [TRT] [V]         20	20
[09/28/2026-23:30:23] [TRT] [V]         20	20
[09/28/2026-23:30:23] [TRT] [V] ELEMENTWISE /model.21/m.0/cv1/act/Mul
[09/28/2026-23:30:23] [TRT] [V]     Input 0
[09/28/2026-23:30:23] [TRT] [V]         1	1
[09/28/2026-23:30:23] [TRT] [V]         128	128
[09/28/2026-23:30:23] [TRT] [V]         20	20
[09/28/2026-23:30:23] [TRT] [V]         20	20
[09/28/2026-23:30:23] [TRT] [V]     Input 1
[09/28/2026-23:30:23] [TRT] [V]         1	1
[09/28/2026-23:30:23] [TRT] [V]         128	128
[09/28/2026-23:30:23] [TRT] [V]         20	20
[09/28/2026-23:30:23] [TRT] [V]         20	20
[09/28/2026-23:30:23] [TRT] [V]     Output 0
[09/28/2026-23:30:23] [TRT] [V]         1	1
[09/28/2026-23:30:23] [TRT] [V]         128	128
[09/28/2026-23:30:23] [TRT] [V]         20	20
[09/28/2026-23:30:23] [TRT] [V]         20	20
[09/28/2026-23:30:23] [TRT] [V] CONVOLUTION /model.21/m.0/cv2/conv/Conv
[09/28/2026-23:30:23] [TRT] [V]     Input 0
[09/28/2026-23:30:23] [TRT] [V]         1	1
[09/28/2026-23:30:23] [TRT] [V]         128	128
[09/28/2026-23:30:23] [TRT] [V]         20	20
[09/28/2026-23:30:23] [TRT] [V]         20	20
[09/28/2026-23:30:23] [TRT] [V]     Output 0
[09/28/2026-23:30:23] [TRT] [V]         1	1
[09/28/2026-23:30:23] [TRT] [V]         128	128
[09/28/2026-23:30:23] [TRT] [V]         20	20
[09/28/2026-23:30:23] [TRT] [V]         20	20
[09/28/2026-23:30:23] [TRT] [V] ACTIVATION /model.21/m.0/cv2/act/Sigmoid
[09/28/2026-23:30:23] [TRT] [V]     Input 0
[09/28/2026-23:30:23] [TRT] [V]         1	1
[09/28/2026-23:30:23] [TRT] [V]         128	128
[09/28/2026-23:30:23] [TRT] [V]         20	20
[09/28/2026-23:30:23] [TRT] [V]         20	20
[09/28/2026-23:30:23] [TRT] [V]     Output 0
[09/28/2026-23:30:23] [TRT] [V]         1	1
[09/28/2026-23:30:23] [TRT] [V]         128	128
[09/28/2026-23:30:23] [TRT] [V]         20	20
[09/28/2026-23:30:23] [TRT] [V]         20	20
[09/28/2026-23:30:23] [TRT] [V] ELEMENTWISE /model.21/m.0/cv2/act/Mul
[09/28/2026-23:30:23] [TRT] [V]     Input 0
[09/28/2026-23:30:23] [TRT] [V]         1	1
[09/28/2026-23:30:23] [TRT] [V]         128	128
[09/28/2026-23:30:23] [TRT] [V]         20	20
[09/28/2026-23:30:23] [TRT] [V]         20	20
[09/28/2026-23:30:23] [TRT] [V]     Input 1
[09/28/2026-23:30:23] [TRT] [V]         1	1
[09/28/2026-23:30:23] [TRT] [V]         128	128
[09/28/2026-23:30:23] [TRT] [V]         20	20
[09/28/2026-23:30:23] [TRT] [V]         20	20
[09/28/2026-23:30:23] [TRT] [V]     Output 0
[09/28/2026-23:30:23] [TRT] [V]         1	1
[09/28/2026-23:30:23] [TRT] [V]         128	128
[09/28/2026-23:30:23] [TRT] [V]         20	20
[09/28/2026-23:30:23] [TRT] [V]         20	20
[09/28/2026-23:30:23] [TRT] [V] CONCATENATION /model.21/Concat
[09/28/2026-23:30:23] [TRT] [V]     Input 0
[09/28/2026-23:30:23] [TRT] [V]         1	1
[09/28/2026-23:30:23] [TRT] [V]         128	128
[09/28/2026-23:30:23] [TRT] [V]         20	20
[09/28/2026-23:30:23] [TRT] [V]         20	20
[09/28/2026-23:30:23] [TRT] [V]     Input 1
[09/28/2026-23:30:23] [TRT] [V]         1	1
[09/28/2026-23:30:23] [TRT] [V]         128	128
[09/28/2026-23:30:23] [TRT] [V]         20	20
[09/28/2026-23:30:23] [TRT] [V]         20	20
[09/28/2026-23:30:23] [TRT] [V]     Input 2
[09/28/2026-23:30:23] [TRT] [V]         1	1
[09/28/2026-23:30:23] [TRT] [V]         128	128
[09/28/2026-23:30:23] [TRT] [V]         20	20
[09/28/2026-23:30:23] [TRT] [V]         20	20
[09/28/2026-23:30:23] [TRT] [V]     Output 0
[09/28/2026-23:30:23] [TRT] [V]         1	1
[09/28/2026-23:30:23] [TRT] [V]         384	384
[09/28/2026-23:30:23] [TRT] [V]         20	20
[09/28/2026-23:30:23] [TRT] [V]         20	20
[09/28/2026-23:30:23] [TRT] [V] CONVOLUTION /model.21/cv2/conv/Conv
[09/28/2026-23:30:23] [TRT] [V]     Input 0
[09/28/2026-23:30:23] [TRT] [V]         1	1
[09/28/2026-23:30:23] [TRT] [V]         384	384
[09/28/2026-23:30:23] [TRT] [V]         20	20
[09/28/2026-23:30:23] [TRT] [V]         20	20
[09/28/2026-23:30:23] [TRT] [V]     Output 0
[09/28/2026-23:30:23] [TRT] [V]         1	1
[09/28/2026-23:30:23] [TRT] [V]         256	256
[09/28/2026-23:30:23] [TRT] [V]         20	20
[09/28/2026-23:30:23] [TRT] [V]         20	20
[09/28/2026-23:30:23] [TRT] [V] ACTIVATION /model.21/cv2/act/Sigmoid
[09/28/2026-23:30:23] [TRT] [V]     Input 0
[09/28/2026-23:30:23] [TRT] [V]         1	1
[09/28/2026-23:30:23] [TRT] [V]         256	256
[09/28/2026-23:30:23] [TRT] [V]         20	20
[09/28/2026-23:30:23] [TRT] [V]         20	20
[09/28/2026-23:30:23] [TRT] [V]     Output 0
[09/28/2026-23:30:23] [TRT] [V]         1	1
[09/28/2026-23:30:23] [TRT] [V]         256	256
[09/28/2026-23:30:23] [TRT] [V]         20	20
[09/28/2026-23:30:23] [TRT] [V]         20	20
[09/28/2026-23:30:23] [TRT] [V] ELEMENTWISE /model.21/cv2/act/Mul
[09/28/2026-23:30:23] [TRT] [V]     Input 0
[09/28/2026-23:30:23] [TRT] [V]         1	1
[09/28/2026-23:30:23] [TRT] [V]         256	256
[09/28/2026-23:30:23] [TRT] [V]         20	20
[09/28/2026-23:30:23] [TRT] [V]         20	20
[09/28/2026-23:30:23] [TRT] [V]     Input 1
[09/28/2026-23:30:23] [TRT] [V]         1	1
[09/28/2026-23:30:23] [TRT] [V]         256	256
[09/28/2026-23:30:23] [TRT] [V]         20	20
[09/28/2026-23:30:23] [TRT] [V]         20	20
[09/28/2026-23:30:23] [TRT] [V]     Output 0
[09/28/2026-23:30:23] [TRT] [V]         1	1
[09/28/2026-23:30:23] [TRT] [V]         256	256
[09/28/2026-23:30:23] [TRT] [V]         20	20
[09/28/2026-23:30:23] [TRT] [V]         20	20
[09/28/2026-23:30:23] [TRT] [V] CONVOLUTION /model.22/cv2.2/cv2.2.0/conv/Conv
[09/28/2026-23:30:23] [TRT] [V]     Input 0
[09/28/2026-23:30:23] [TRT] [V]         1	1
[09/28/2026-23:30:23] [TRT] [V]         256	256
[09/28/2026-23:30:23] [TRT] [V]         20	20
[09/28/2026-23:30:23] [TRT] [V]         20	20
[09/28/2026-23:30:23] [TRT] [V]     Output 0
[09/28/2026-23:30:23] [TRT] [V]         1	1
[09/28/2026-23:30:23] [TRT] [V]         64	64
[09/28/2026-23:30:23] [TRT] [V]         20	20
[09/28/2026-23:30:23] [TRT] [V]         20	20
[09/28/2026-23:30:23] [TRT] [V] CONVOLUTION /model.22/cv3.2/cv3.2.0/conv/Conv
[09/28/2026-23:30:23] [TRT] [V]     Input 0
[09/28/2026-23:30:23] [TRT] [V]         1	1
[09/28/2026-23:30:23] [TRT] [V]         256	256
[09/28/2026-23:30:23] [TRT] [V]         20	20
[09/28/2026-23:30:23] [TRT] [V]         20	20
[09/28/2026-23:30:23] [TRT] [V]     Output 0
[09/28/2026-23:30:23] [TRT] [V]         1	1
[09/28/2026-23:30:23] [TRT] [V]         64	64
[09/28/2026-23:30:23] [TRT] [V]         20	20
[09/28/2026-23:30:23] [TRT] [V]         20	20
[09/28/2026-23:30:23] [TRT] [V] ACTIVATION /model.22/cv2.2/cv2.2.0/act/Sigmoid
[09/28/2026-23:30:23] [TRT] [V]     Input 0
[09/28/2026-23:30:23] [TRT] [V]         1	1
[09/28/2026-23:30:23] [TRT] [V]         64	64
[09/28/2026-23:30:23] [TRT] [V]         20	20
[09/28/2026-23:30:23] [TRT] [V]         20	20
[09/28/2026-23:30:23] [TRT] [V]     Output 0
[09/28/2026-23:30:23] [TRT] [V]         1	1
[09/28/2026-23:30:23] [TRT] [V]         64	64
[09/28/2026-23:30:23] [TRT] [V]         20	20
[09/28/2026-23:30:23] [TRT] [V]         20	20
[09/28/2026-23:30:23] [TRT] [V] ACTIVATION /model.22/cv3.2/cv3.2.0/act/Sigmoid
[09/28/2026-23:30:23] [TRT] [V]     Input 0
[09/28/2026-23:30:23] [TRT] [V]         1	1
[09/28/2026-23:30:23] [TRT] [V]         64	64
[09/28/2026-23:30:23] [TRT] [V]         20	20
[09/28/2026-23:30:23] [TRT] [V]         20	20
[09/28/2026-23:30:23] [TRT] [V]     Output 0
[09/28/2026-23:30:23] [TRT] [V]         1	1
[09/28/2026-23:30:23] [TRT] [V]         64	64
[09/28/2026-23:30:23] [TRT] [V]         20	20
[09/28/2026-23:30:23] [TRT] [V]         20	20
[09/28/2026-23:30:23] [TRT] [V] ELEMENTWISE /model.22/cv2.2/cv2.2.0/act/Mul
[09/28/2026-23:30:23] [TRT] [V]     Input 0
[09/28/2026-23:30:23] [TRT] [V]         1	1
[09/28/2026-23:30:23] [TRT] [V]         64	64
[09/28/2026-23:30:23] [TRT] [V]         20	20
[09/28/2026-23:30:23] [TRT] [V]         20	20
[09/28/2026-23:30:23] [TRT] [V]     Input 1
[09/28/2026-23:30:23] [TRT] [V]         1	1
[09/28/2026-23:30:23] [TRT] [V]         64	64
[09/28/2026-23:30:23] [TRT] [V]         20	20
[09/28/2026-23:30:23] [TRT] [V]         20	20
[09/28/2026-23:30:23] [TRT] [V]     Output 0
[09/28/2026-23:30:23] [TRT] [V]         1	1
[09/28/2026-23:30:23] [TRT] [V]         64	64
[09/28/2026-23:30:23] [TRT] [V]         20	20
[09/28/2026-23:30:23] [TRT] [V]         20	20
[09/28/2026-23:30:23] [TRT] [V] ELEMENTWISE /model.22/cv3.2/cv3.2.0/act/Mul
[09/28/2026-23:30:23] [TRT] [V]     Input 0
[09/28/2026-23:30:23] [TRT] [V]         1	1
[09/28/2026-23:30:23] [TRT] [V]         64	64
[09/28/2026-23:30:23] [TRT] [V]         20	20
[09/28/2026-23:30:23] [TRT] [V]         20	20
[09/28/2026-23:30:23] [TRT] [V]     Input 1
[09/28/2026-23:30:23] [TRT] [V]         1	1
[09/28/2026-23:30:23] [TRT] [V]         64	64
[09/28/2026-23:30:23] [TRT] [V]         20	20
[09/28/2026-23:30:23] [TRT] [V]         20	20
[09/28/2026-23:30:23] [TRT] [V]     Output 0
[09/28/2026-23:30:23] [TRT] [V]         1	1
[09/28/2026-23:30:23] [TRT] [V]         64	64
[09/28/2026-23:30:23] [TRT] [V]         20	20
[09/28/2026-23:30:23] [TRT] [V]         20	20
[09/28/2026-23:30:23] [TRT] [V] CONVOLUTION /model.22/cv2.2/cv2.2.1/conv/Conv
[09/28/2026-23:30:23] [TRT] [V]     Input 0
[09/28/2026-23:30:23] [TRT] [V]         1	1
[09/28/2026-23:30:23] [TRT] [V]         64	64
[09/28/2026-23:30:23] [TRT] [V]         20	20
[09/28/2026-23:30:23] [TRT] [V]         20	20
[09/28/2026-23:30:23] [TRT] [V]     Output 0
[09/28/2026-23:30:23] [TRT] [V]         1	1
[09/28/2026-23:30:23] [TRT] [V]         64	64
[09/28/2026-23:30:23] [TRT] [V]         20	20
[09/28/2026-23:30:23] [TRT] [V]         20	20
[09/28/2026-23:30:23] [TRT] [V] CONVOLUTION /model.22/cv3.2/cv3.2.1/conv/Conv
[09/28/2026-23:30:23] [TRT] [V]     Input 0
[09/28/2026-23:30:23] [TRT] [V]         1	1
[09/28/2026-23:30:23] [TRT] [V]         64	64
[09/28/2026-23:30:23] [TRT] [V]         20	20
[09/28/2026-23:30:23] [TRT] [V]         20	20
[09/28/2026-23:30:23] [TRT] [V]     Output 0
[09/28/2026-23:30:23] [TRT] [V]         1	1
[09/28/2026-23:30:23] [TRT] [V]         64	64
[09/28/2026-23:30:23] [TRT] [V]         20	20
[09/28/2026-23:30:23] [TRT] [V]         20	20
[09/28/2026-23:30:23] [TRT] [V] ACTIVATION /model.22/cv2.2/cv2.2.1/act/Sigmoid
[09/28/2026-23:30:23] [TRT] [V]     Input 0
[09/28/2026-23:30:23] [TRT] [V]         1	1
[09/28/2026-23:30:23] [TRT] [V]         64	64
[09/28/2026-23:30:23] [TRT] [V]         20	20
[09/28/2026-23:30:23] [TRT] [V]         20	20
[09/28/2026-23:30:23] [TRT] [V]     Output 0
[09/28/2026-23:30:23] [TRT] [V]         1	1
[09/28/2026-23:30:23] [TRT] [V]         64	64
[09/28/2026-23:30:23] [TRT] [V]         20	20
[09/28/2026-23:30:23] [TRT] [V]         20	20
[09/28/2026-23:30:23] [TRT] [V] ACTIVATION /model.22/cv3.2/cv3.2.1/act/Sigmoid
[09/28/2026-23:30:23] [TRT] [V]     Input 0
[09/28/2026-23:30:23] [TRT] [V]         1	1
[09/28/2026-23:30:23] [TRT] [V]         64	64
[09/28/2026-23:30:23] [TRT] [V]         20	20
[09/28/2026-23:30:23] [TRT] [V]         20	20
[09/28/2026-23:30:23] [TRT] [V]     Output 0
[09/28/2026-23:30:23] [TRT] [V]         1	1
[09/28/2026-23:30:23] [TRT] [V]         64	64
[09/28/2026-23:30:23] [TRT] [V]         20	20
[09/28/2026-23:30:23] [TRT] [V]         20	20
[09/28/2026-23:30:23] [TRT] [V] ELEMENTWISE /model.22/cv2.2/cv2.2.1/act/Mul
[09/28/2026-23:30:23] [TRT] [V]     Input 0
[09/28/2026-23:30:23] [TRT] [V]         1	1
[09/28/2026-23:30:23] [TRT] [V]         64	64
[09/28/2026-23:30:23] [TRT] [V]         20	20
[09/28/2026-23:30:23] [TRT] [V]         20	20
[09/28/2026-23:30:23] [TRT] [V]     Input 1
[09/28/2026-23:30:23] [TRT] [V]         1	1
[09/28/2026-23:30:23] [TRT] [V]         64	64
[09/28/2026-23:30:23] [TRT] [V]         20	20
[09/28/2026-23:30:23] [TRT] [V]         20	20
[09/28/2026-23:30:23] [TRT] [V]     Output 0
[09/28/2026-23:30:23] [TRT] [V]         1	1
[09/28/2026-23:30:23] [TRT] [V]         64	64
[09/28/2026-23:30:23] [TRT] [V]         20	20
[09/28/2026-23:30:23] [TRT] [V]         20	20
[09/28/2026-23:30:23] [TRT] [V] ELEMENTWISE /model.22/cv3.2/cv3.2.1/act/Mul
[09/28/2026-23:30:23] [TRT] [V]     Input 0
[09/28/2026-23:30:23] [TRT] [V]         1	1
[09/28/2026-23:30:23] [TRT] [V]         64	64
[09/28/2026-23:30:23] [TRT] [V]         20	20
[09/28/2026-23:30:23] [TRT] [V]         20	20
[09/28/2026-23:30:23] [TRT] [V]     Input 1
[09/28/2026-23:30:23] [TRT] [V]         1	1
[09/28/2026-23:30:23] [TRT] [V]         64	64
[09/28/2026-23:30:23] [TRT] [V]         20	20
[09/28/2026-23:30:23] [TRT] [V]         20	20
[09/28/2026-23:30:23] [TRT] [V]     Output 0
[09/28/2026-23:30:23] [TRT] [V]         1	1
[09/28/2026-23:30:23] [TRT] [V]         64	64
[09/28/2026-23:30:23] [TRT] [V]         20	20
[09/28/2026-23:30:23] [TRT] [V]         20	20
[09/28/2026-23:30:23] [TRT] [V] CONVOLUTION /model.22/cv2.2/cv2.2.2/Conv
[09/28/2026-23:30:23] [TRT] [V]     Input 0
[09/28/2026-23:30:23] [TRT] [V]         1	1
[09/28/2026-23:30:23] [TRT] [V]         64	64
[09/28/2026-23:30:23] [TRT] [V]         20	20
[09/28/2026-23:30:23] [TRT] [V]         20	20
[09/28/2026-23:30:23] [TRT] [V]     Output 0
[09/28/2026-23:30:23] [TRT] [V]         1	1
[09/28/2026-23:30:23] [TRT] [V]         64	64
[09/28/2026-23:30:23] [TRT] [V]         20	20
[09/28/2026-23:30:23] [TRT] [V]         20	20
[09/28/2026-23:30:23] [TRT] [V] CONVOLUTION /model.22/cv3.2/cv3.2.2/Conv
[09/28/2026-23:30:23] [TRT] [V]     Input 0
[09/28/2026-23:30:23] [TRT] [V]         1	1
[09/28/2026-23:30:23] [TRT] [V]         64	64
[09/28/2026-23:30:23] [TRT] [V]         20	20
[09/28/2026-23:30:23] [TRT] [V]         20	20
[09/28/2026-23:30:23] [TRT] [V]     Output 0
[09/28/2026-23:30:23] [TRT] [V]         1	1
[09/28/2026-23:30:23] [TRT] [V]         3	3
[09/28/2026-23:30:23] [TRT] [V]         20	20
[09/28/2026-23:30:23] [TRT] [V]         20	20
[09/28/2026-23:30:23] [TRT] [V] SHUFFLE /model.22/Reshape_2
[09/28/2026-23:30:23] [TRT] [V]     Input 0
[09/28/2026-23:30:23] [TRT] [V]         1	1
[09/28/2026-23:30:23] [TRT] [V]         64	64
[09/28/2026-23:30:23] [TRT] [V]         20	20
[09/28/2026-23:30:23] [TRT] [V]         20	20
[09/28/2026-23:30:23] [TRT] [V]     Output 0
[09/28/2026-23:30:23] [TRT] [V]         1	1
[09/28/2026-23:30:23] [TRT] [V]         64	64
[09/28/2026-23:30:23] [TRT] [V]         400	400
[09/28/2026-23:30:23] [TRT] [V] SHUFFLE /model.22/Reshape_5
[09/28/2026-23:30:23] [TRT] [V]     Input 0
[09/28/2026-23:30:23] [TRT] [V]         1	1
[09/28/2026-23:30:23] [TRT] [V]         3	3
[09/28/2026-23:30:23] [TRT] [V]         20	20
[09/28/2026-23:30:23] [TRT] [V]         20	20
[09/28/2026-23:30:23] [TRT] [V]     Output 0
[09/28/2026-23:30:23] [TRT] [V]         1	1
[09/28/2026-23:30:23] [TRT] [V]         3	3
[09/28/2026-23:30:23] [TRT] [V]         400	400
[09/28/2026-23:30:23] [TRT] [V] CONCATENATION /model.22/Concat
[09/28/2026-23:30:23] [TRT] [V]     Input 0
[09/28/2026-23:30:23] [TRT] [V]         1	1
[09/28/2026-23:30:23] [TRT] [V]         64	64
[09/28/2026-23:30:23] [TRT] [V]         6400	6400
[09/28/2026-23:30:23] [TRT] [V]     Input 1
[09/28/2026-23:30:23] [TRT] [V]         1	1
[09/28/2026-23:30:23] [TRT] [V]         64	64
[09/28/2026-23:30:23] [TRT] [V]         1600	1600
[09/28/2026-23:30:23] [TRT] [V]     Input 2
[09/28/2026-23:30:23] [TRT] [V]         1	1
[09/28/2026-23:30:23] [TRT] [V]         64	64
[09/28/2026-23:30:23] [TRT] [V]         400	400
[09/28/2026-23:30:23] [TRT] [V]     Output 0
[09/28/2026-23:30:23] [TRT] [V]         1	1
[09/28/2026-23:30:23] [TRT] [V]         64	64
[09/28/2026-23:30:23] [TRT] [V]         8400	8400
[09/28/2026-23:30:23] [TRT] [V] CONCATENATION /model.22/Concat_1
[09/28/2026-23:30:23] [TRT] [V]     Input 0
[09/28/2026-23:30:23] [TRT] [V]         1	1
[09/28/2026-23:30:23] [TRT] [V]         3	3
[09/28/2026-23:30:23] [TRT] [V]         6400	6400
[09/28/2026-23:30:23] [TRT] [V]     Input 1
[09/28/2026-23:30:23] [TRT] [V]         1	1
[09/28/2026-23:30:23] [TRT] [V]         3	3
[09/28/2026-23:30:23] [TRT] [V]         1600	1600
[09/28/2026-23:30:23] [TRT] [V]     Input 2
[09/28/2026-23:30:23] [TRT] [V]         1	1
[09/28/2026-23:30:23] [TRT] [V]         3	3
[09/28/2026-23:30:23] [TRT] [V]         400	400
[09/28/2026-23:30:23] [TRT] [V]     Output 0
[09/28/2026-23:30:23] [TRT] [V]         1	1
[09/28/2026-23:30:23] [TRT] [V]         3	3
[09/28/2026-23:30:23] [TRT] [V]         8400	8400
[09/28/2026-23:30:23] [TRT] [V] SHUFFLE /model.22/dfl/Reshape
[09/28/2026-23:30:23] [TRT] [V]     Input 0
[09/28/2026-23:30:23] [TRT] [V]         1	1
[09/28/2026-23:30:23] [TRT] [V]         64	64
[09/28/2026-23:30:23] [TRT] [V]         8400	8400
[09/28/2026-23:30:23] [TRT] [V]     Output 0
[09/28/2026-23:30:23] [TRT] [V]         1	1
[09/28/2026-23:30:23] [TRT] [V]         4	4
[09/28/2026-23:30:23] [TRT] [V]         16	16
[09/28/2026-23:30:23] [TRT] [V]         8400	8400
[09/28/2026-23:30:23] [TRT] [V] ACTIVATION /model.22/Sigmoid
[09/28/2026-23:30:23] [TRT] [V]     Input 0
[09/28/2026-23:30:23] [TRT] [V]         1	1
[09/28/2026-23:30:23] [TRT] [V]         3	3
[09/28/2026-23:30:23] [TRT] [V]         8400	8400
[09/28/2026-23:30:23] [TRT] [V]     Output 0
[09/28/2026-23:30:23] [TRT] [V]         1	1
[09/28/2026-23:30:23] [TRT] [V]         3	3
[09/28/2026-23:30:23] [TRT] [V]         8400	8400
[09/28/2026-23:30:23] [TRT] [V] SHUFFLE /model.22/dfl/Transpose
[09/28/2026-23:30:23] [TRT] [V]     Input 0
[09/28/2026-23:30:23] [TRT] [V]         1	1
[09/28/2026-23:30:23] [TRT] [V]         4	4
[09/28/2026-23:30:23] [TRT] [V]         16	16
[09/28/2026-23:30:23] [TRT] [V]         8400	8400
[09/28/2026-23:30:23] [TRT] [V]     Output 0
[09/28/2026-23:30:23] [TRT] [V]         1	1
[09/28/2026-23:30:23] [TRT] [V]         16	16
[09/28/2026-23:30:23] [TRT] [V]         4	4
[09/28/2026-23:30:23] [TRT] [V]         8400	8400
[09/28/2026-23:30:23] [TRT] [V] SOFTMAX /model.22/dfl/Softmax
[09/28/2026-23:30:23] [TRT] [V]     Input 0
[09/28/2026-23:30:23] [TRT] [V]         1	1
[09/28/2026-23:30:23] [TRT] [V]         16	16
[09/28/2026-23:30:23] [TRT] [V]         4	4
[09/28/2026-23:30:23] [TRT] [V]         8400	8400
[09/28/2026-23:30:23] [TRT] [V]     Output 0
[09/28/2026-23:30:23] [TRT] [V]         1	1
[09/28/2026-23:30:23] [TRT] [V]         16	16
[09/28/2026-23:30:23] [TRT] [V]         4	4
[09/28/2026-23:30:23] [TRT] [V]         8400	8400
[09/28/2026-23:30:23] [TRT] [V] SHUFFLE ONNXTRT_ShapeShuffle_29
[09/28/2026-23:30:23] [TRT] [V]     Input 0
[09/28/2026-23:30:23] [TRT] [V]         1	1
[09/28/2026-23:30:23] [TRT] [V]         16	16
[09/28/2026-23:30:23] [TRT] [V]         4	4
[09/28/2026-23:30:23] [TRT] [V]         8400	8400
[09/28/2026-23:30:23] [TRT] [V]     Output 0
[09/28/2026-23:30:23] [TRT] [V]         1	1
[09/28/2026-23:30:23] [TRT] [V]         16	16
[09/28/2026-23:30:23] [TRT] [V]         4	4
[09/28/2026-23:30:23] [TRT] [V]         8400	8400
[09/28/2026-23:30:23] [TRT] [V] CONVOLUTION /model.22/dfl/conv/Conv
[09/28/2026-23:30:23] [TRT] [V]     Input 0
[09/28/2026-23:30:23] [TRT] [V]         1	1
[09/28/2026-23:30:23] [TRT] [V]         16	16
[09/28/2026-23:30:23] [TRT] [V]         4	4
[09/28/2026-23:30:23] [TRT] [V]         8400	8400
[09/28/2026-23:30:23] [TRT] [V]     Output 0
[09/28/2026-23:30:23] [TRT] [V]         1	1
[09/28/2026-23:30:23] [TRT] [V]         1	1
[09/28/2026-23:30:23] [TRT] [V]         4	4
[09/28/2026-23:30:23] [TRT] [V]         8400	8400
[09/28/2026-23:30:23] [TRT] [V] SHUFFLE /model.22/dfl/Reshape_1
[09/28/2026-23:30:23] [TRT] [V]     Input 0
[09/28/2026-23:30:23] [TRT] [V]         1	1
[09/28/2026-23:30:23] [TRT] [V]         1	1
[09/28/2026-23:30:23] [TRT] [V]         4	4
[09/28/2026-23:30:23] [TRT] [V]         8400	8400
[09/28/2026-23:30:23] [TRT] [V]     Output 0
[09/28/2026-23:30:23] [TRT] [V]         1	1
[09/28/2026-23:30:23] [TRT] [V]         4	4
[09/28/2026-23:30:23] [TRT] [V]         8400	8400
[09/28/2026-23:30:23] [TRT] [V] SLICE /model.22/Slice
[09/28/2026-23:30:23] [TRT] [V]     Input 0
[09/28/2026-23:30:23] [TRT] [V]         1	1
[09/28/2026-23:30:23] [TRT] [V]         4	4
[09/28/2026-23:30:23] [TRT] [V]         8400	8400
[09/28/2026-23:30:23] [TRT] [V]     Output 0
[09/28/2026-23:30:23] [TRT] [V]         1	1
[09/28/2026-23:30:23] [TRT] [V]         2	2
[09/28/2026-23:30:23] [TRT] [V]         8400	8400
[09/28/2026-23:30:23] [TRT] [V] SLICE /model.22/Slice_1
[09/28/2026-23:30:23] [TRT] [V]     Input 0
[09/28/2026-23:30:23] [TRT] [V]         1	1
[09/28/2026-23:30:23] [TRT] [V]         4	4
[09/28/2026-23:30:23] [TRT] [V]         8400	8400
[09/28/2026-23:30:23] [TRT] [V]     Output 0
[09/28/2026-23:30:23] [TRT] [V]         1	1
[09/28/2026-23:30:23] [TRT] [V]         2	2
[09/28/2026-23:30:23] [TRT] [V]         8400	8400
[09/28/2026-23:30:23] [TRT] [V] ELEMENTWISE /model.22/Sub
[09/28/2026-23:30:23] [TRT] [V]     Input 0
[09/28/2026-23:30:23] [TRT] [V]         1	1
[09/28/2026-23:30:23] [TRT] [V]         2	2
[09/28/2026-23:30:23] [TRT] [V]         8400	8400
[09/28/2026-23:30:23] [TRT] [V]     Input 1
[09/28/2026-23:30:23] [TRT] [V]         1	1
[09/28/2026-23:30:23] [TRT] [V]         2	2
[09/28/2026-23:30:23] [TRT] [V]         8400	8400
[09/28/2026-23:30:23] [TRT] [V]     Output 0
[09/28/2026-23:30:23] [TRT] [V]         1	1
[09/28/2026-23:30:23] [TRT] [V]         2	2
[09/28/2026-23:30:23] [TRT] [V]         8400	8400
[09/28/2026-23:30:23] [TRT] [V] ELEMENTWISE /model.22/Add_1
[09/28/2026-23:30:23] [TRT] [V]     Input 0
[09/28/2026-23:30:23] [TRT] [V]         1	1
[09/28/2026-23:30:23] [TRT] [V]         2	2
[09/28/2026-23:30:23] [TRT] [V]         8400	8400
[09/28/2026-23:30:23] [TRT] [V]     Input 1
[09/28/2026-23:30:23] [TRT] [V]         1	1
[09/28/2026-23:30:23] [TRT] [V]         2	2
[09/28/2026-23:30:23] [TRT] [V]         8400	8400
[09/28/2026-23:30:23] [TRT] [V]     Output 0
[09/28/2026-23:30:23] [TRT] [V]         1	1
[09/28/2026-23:30:23] [TRT] [V]         2	2
[09/28/2026-23:30:23] [TRT] [V]         8400	8400
[09/28/2026-23:30:23] [TRT] [V] ELEMENTWISE /model.22/Add_2
[09/28/2026-23:30:23] [TRT] [V]     Input 0
[09/28/2026-23:30:23] [TRT] [V]         1	1
[09/28/2026-23:30:23] [TRT] [V]         2	2
[09/28/2026-23:30:23] [TRT] [V]         8400	8400
[09/28/2026-23:30:23] [TRT] [V]     Input 1
[09/28/2026-23:30:23] [TRT] [V]         1	1
[09/28/2026-23:30:23] [TRT] [V]         2	2
[09/28/2026-23:30:23] [TRT] [V]         8400	8400
[09/28/2026-23:30:23] [TRT] [V]     Output 0
[09/28/2026-23:30:23] [TRT] [V]         1	1
[09/28/2026-23:30:23] [TRT] [V]         2	2
[09/28/2026-23:30:23] [TRT] [V]         8400	8400
[09/28/2026-23:30:23] [TRT] [V] ELEMENTWISE /model.22/Sub_1
[09/28/2026-23:30:23] [TRT] [V]     Input 0
[09/28/2026-23:30:23] [TRT] [V]         1	1
[09/28/2026-23:30:23] [TRT] [V]         2	2
[09/28/2026-23:30:23] [TRT] [V]         8400	8400
[09/28/2026-23:30:23] [TRT] [V]     Input 1
[09/28/2026-23:30:23] [TRT] [V]         1	1
[09/28/2026-23:30:23] [TRT] [V]         2	2
[09/28/2026-23:30:23] [TRT] [V]         8400	8400
[09/28/2026-23:30:23] [TRT] [V]     Output 0
[09/28/2026-23:30:23] [TRT] [V]         1	1
[09/28/2026-23:30:23] [TRT] [V]         2	2
[09/28/2026-23:30:23] [TRT] [V]         8400	8400
[09/28/2026-23:30:23] [TRT] [V] ELEMENTWISE /model.22/Div_1
[09/28/2026-23:30:23] [TRT] [V]     Input 0
[09/28/2026-23:30:23] [TRT] [V]         1	1
[09/28/2026-23:30:23] [TRT] [V]         2	2
[09/28/2026-23:30:23] [TRT] [V]         8400	8400
[09/28/2026-23:30:23] [TRT] [V]     Input 1
[09/28/2026-23:30:23] [TRT] [V]         1	1
[09/28/2026-23:30:23] [TRT] [V]         1	1
[09/28/2026-23:30:23] [TRT] [V]         1	1
[09/28/2026-23:30:23] [TRT] [V]     Output 0
[09/28/2026-23:30:23] [TRT] [V]         1	1
[09/28/2026-23:30:23] [TRT] [V]         2	2
[09/28/2026-23:30:23] [TRT] [V]         8400	8400
[09/28/2026-23:30:23] [TRT] [V] CONCATENATION /model.22/Concat_2
[09/28/2026-23:30:23] [TRT] [V]     Input 0
[09/28/2026-23:30:23] [TRT] [V]         1	1
[09/28/2026-23:30:23] [TRT] [V]         2	2
[09/28/2026-23:30:23] [TRT] [V]         8400	8400
[09/28/2026-23:30:23] [TRT] [V]     Input 1
[09/28/2026-23:30:23] [TRT] [V]         1	1
[09/28/2026-23:30:23] [TRT] [V]         2	2
[09/28/2026-23:30:23] [TRT] [V]         8400	8400
[09/28/2026-23:30:23] [TRT] [V]     Output 0
[09/28/2026-23:30:23] [TRT] [V]         1	1
[09/28/2026-23:30:23] [TRT] [V]         4	4
[09/28/2026-23:30:23] [TRT] [V]         8400	8400
[09/28/2026-23:30:23] [TRT] [V] ELEMENTWISE /model.22/Mul_2
[09/28/2026-23:30:23] [TRT] [V]     Input 0
[09/28/2026-23:30:23] [TRT] [V]         1	1
[09/28/2026-23:30:23] [TRT] [V]         4	4
[09/28/2026-23:30:23] [TRT] [V]         8400	8400
[09/28/2026-23:30:23] [TRT] [V]     Input 1
[09/28/2026-23:30:23] [TRT] [V]         1	1
[09/28/2026-23:30:23] [TRT] [V]         1	1
[09/28/2026-23:30:23] [TRT] [V]         8400	8400
[09/28/2026-23:30:23] [TRT] [V]     Output 0
[09/28/2026-23:30:23] [TRT] [V]         1	1
[09/28/2026-23:30:23] [TRT] [V]         4	4
[09/28/2026-23:30:23] [TRT] [V]         8400	8400
[09/28/2026-23:30:23] [TRT] [V] CONCATENATION /model.22/Concat_3
[09/28/2026-23:30:23] [TRT] [V]     Input 0
[09/28/2026-23:30:23] [TRT] [V]         1	1
[09/28/2026-23:30:23] [TRT] [V]         4	4
[09/28/2026-23:30:23] [TRT] [V]         8400	8400
[09/28/2026-23:30:23] [TRT] [V]     Input 1
[09/28/2026-23:30:23] [TRT] [V]         1	1
[09/28/2026-23:30:23] [TRT] [V]         3	3
[09/28/2026-23:30:23] [TRT] [V]         8400	8400
[09/28/2026-23:30:23] [TRT] [V]     Output 0
[09/28/2026-23:30:23] [TRT] [V]         1	1
[09/28/2026-23:30:23] [TRT] [V]         7	7
[09/28/2026-23:30:23] [TRT] [V]         8400	8400
[09/28/2026-23:30:23] [TRT] [V] After adding DebugOutput nodes: 246 layers
[09/28/2026-23:30:23] [TRT] [V] After Myelin optimization: 246 layers
[09/28/2026-23:30:23] [TRT] [V] Running: ActivationToPointwiseConversion on /model.0/act/Sigmoid
[09/28/2026-23:30:23] [TRT] [V] Swap the layer type of /model.0/act/Sigmoid from ACTIVATION to POINTWISE
[09/28/2026-23:30:23] [TRT] [V] Running: ActivationToPointwiseConversion on /model.1/act/Sigmoid
[09/28/2026-23:30:23] [TRT] [V] Swap the layer type of /model.1/act/Sigmoid from ACTIVATION to POINTWISE
[09/28/2026-23:30:23] [TRT] [V] Running: ActivationToPointwiseConversion on /model.2/cv1/act/Sigmoid
[09/28/2026-23:30:23] [TRT] [V] Swap the layer type of /model.2/cv1/act/Sigmoid from ACTIVATION to POINTWISE
[09/28/2026-23:30:23] [TRT] [V] Running: ActivationToPointwiseConversion on /model.2/m.0/cv1/act/Sigmoid
[09/28/2026-23:30:23] [TRT] [V] Swap the layer type of /model.2/m.0/cv1/act/Sigmoid from ACTIVATION to POINTWISE
[09/28/2026-23:30:23] [TRT] [V] Running: ActivationToPointwiseConversion on /model.2/m.0/cv2/act/Sigmoid
[09/28/2026-23:30:23] [TRT] [V] Swap the layer type of /model.2/m.0/cv2/act/Sigmoid from ACTIVATION to POINTWISE
[09/28/2026-23:30:23] [TRT] [V] Running: ActivationToPointwiseConversion on /model.2/cv2/act/Sigmoid
[09/28/2026-23:30:23] [TRT] [V] Swap the layer type of /model.2/cv2/act/Sigmoid from ACTIVATION to POINTWISE
[09/28/2026-23:30:23] [TRT] [V] Running: ActivationToPointwiseConversion on /model.3/act/Sigmoid
[09/28/2026-23:30:23] [TRT] [V] Swap the layer type of /model.3/act/Sigmoid from ACTIVATION to POINTWISE
[09/28/2026-23:30:23] [TRT] [V] Running: ActivationToPointwiseConversion on /model.4/cv1/act/Sigmoid
[09/28/2026-23:30:23] [TRT] [V] Swap the layer type of /model.4/cv1/act/Sigmoid from ACTIVATION to POINTWISE
[09/28/2026-23:30:23] [TRT] [V] Running: ActivationToPointwiseConversion on /model.4/m.0/cv1/act/Sigmoid
[09/28/2026-23:30:23] [TRT] [V] Swap the layer type of /model.4/m.0/cv1/act/Sigmoid from ACTIVATION to POINTWISE
[09/28/2026-23:30:23] [TRT] [V] Running: ActivationToPointwiseConversion on /model.4/m.0/cv2/act/Sigmoid
[09/28/2026-23:30:23] [TRT] [V] Swap the layer type of /model.4/m.0/cv2/act/Sigmoid from ACTIVATION to POINTWISE
[09/28/2026-23:30:23] [TRT] [V] Running: ActivationToPointwiseConversion on /model.4/m.1/cv1/act/Sigmoid
[09/28/2026-23:30:23] [TRT] [V] Swap the layer type of /model.4/m.1/cv1/act/Sigmoid from ACTIVATION to POINTWISE
[09/28/2026-23:30:23] [TRT] [V] Running: ActivationToPointwiseConversion on /model.4/m.1/cv2/act/Sigmoid
[09/28/2026-23:30:23] [TRT] [V] Swap the layer type of /model.4/m.1/cv2/act/Sigmoid from ACTIVATION to POINTWISE
[09/28/2026-23:30:23] [TRT] [V] Running: ActivationToPointwiseConversion on /model.4/cv2/act/Sigmoid
[09/28/2026-23:30:23] [TRT] [V] Swap the layer type of /model.4/cv2/act/Sigmoid from ACTIVATION to POINTWISE
[09/28/2026-23:30:23] [TRT] [V] Running: ActivationToPointwiseConversion on /model.5/act/Sigmoid
[09/28/2026-23:30:23] [TRT] [V] Swap the layer type of /model.5/act/Sigmoid from ACTIVATION to POINTWISE
[09/28/2026-23:30:23] [TRT] [V] Running: ActivationToPointwiseConversion on /model.6/cv1/act/Sigmoid
[09/28/2026-23:30:23] [TRT] [V] Swap the layer type of /model.6/cv1/act/Sigmoid from ACTIVATION to POINTWISE
[09/28/2026-23:30:23] [TRT] [V] Running: ActivationToPointwiseConversion on /model.6/m.0/cv1/act/Sigmoid
[09/28/2026-23:30:23] [TRT] [V] Swap the layer type of /model.6/m.0/cv1/act/Sigmoid from ACTIVATION to POINTWISE
[09/28/2026-23:30:23] [TRT] [V] Running: ActivationToPointwiseConversion on /model.6/m.0/cv2/act/Sigmoid
[09/28/2026-23:30:23] [TRT] [V] Swap the layer type of /model.6/m.0/cv2/act/Sigmoid from ACTIVATION to POINTWISE
[09/28/2026-23:30:23] [TRT] [V] Running: ActivationToPointwiseConversion on /model.6/m.1/cv1/act/Sigmoid
[09/28/2026-23:30:23] [TRT] [V] Swap the layer type of /model.6/m.1/cv1/act/Sigmoid from ACTIVATION to POINTWISE
[09/28/2026-23:30:23] [TRT] [V] Running: ActivationToPointwiseConversion on /model.6/m.1/cv2/act/Sigmoid
[09/28/2026-23:30:23] [TRT] [V] Swap the layer type of /model.6/m.1/cv2/act/Sigmoid from ACTIVATION to POINTWISE
[09/28/2026-23:30:23] [TRT] [V] Running: ActivationToPointwiseConversion on /model.6/cv2/act/Sigmoid
[09/28/2026-23:30:23] [TRT] [V] Swap the layer type of /model.6/cv2/act/Sigmoid from ACTIVATION to POINTWISE
[09/28/2026-23:30:23] [TRT] [V] Running: ActivationToPointwiseConversion on /model.7/act/Sigmoid
[09/28/2026-23:30:23] [TRT] [V] Swap the layer type of /model.7/act/Sigmoid from ACTIVATION to POINTWISE
[09/28/2026-23:30:23] [TRT] [V] Running: ActivationToPointwiseConversion on /model.8/cv1/act/Sigmoid
[09/28/2026-23:30:23] [TRT] [V] Swap the layer type of /model.8/cv1/act/Sigmoid from ACTIVATION to POINTWISE
[09/28/2026-23:30:23] [TRT] [V] Running: ActivationToPointwiseConversion on /model.8/m.0/cv1/act/Sigmoid
[09/28/2026-23:30:23] [TRT] [V] Swap the layer type of /model.8/m.0/cv1/act/Sigmoid from ACTIVATION to POINTWISE
[09/28/2026-23:30:23] [TRT] [V] Running: ActivationToPointwiseConversion on /model.8/m.0/cv2/act/Sigmoid
[09/28/2026-23:30:23] [TRT] [V] Swap the layer type of /model.8/m.0/cv2/act/Sigmoid from ACTIVATION to POINTWISE
[09/28/2026-23:30:23] [TRT] [V] Running: ActivationToPointwiseConversion on /model.8/cv2/act/Sigmoid
[09/28/2026-23:30:23] [TRT] [V] Swap the layer type of /model.8/cv2/act/Sigmoid from ACTIVATION to POINTWISE
[09/28/2026-23:30:23] [TRT] [V] Running: ActivationToPointwiseConversion on /model.9/cv2/act/Sigmoid
[09/28/2026-23:30:23] [TRT] [V] Swap the layer type of /model.9/cv2/act/Sigmoid from ACTIVATION to POINTWISE
[09/28/2026-23:30:23] [TRT] [V] Running: ActivationToPointwiseConversion on /model.12/cv1/act/Sigmoid
[09/28/2026-23:30:23] [TRT] [V] Swap the layer type of /model.12/cv1/act/Sigmoid from ACTIVATION to POINTWISE
[09/28/2026-23:30:23] [TRT] [V] Running: ActivationToPointwiseConversion on /model.12/m.0/cv1/act/Sigmoid
[09/28/2026-23:30:23] [TRT] [V] Swap the layer type of /model.12/m.0/cv1/act/Sigmoid from ACTIVATION to POINTWISE
[09/28/2026-23:30:23] [TRT] [V] Running: ActivationToPointwiseConversion on /model.12/m.0/cv2/act/Sigmoid
[09/28/2026-23:30:23] [TRT] [V] Swap the layer type of /model.12/m.0/cv2/act/Sigmoid from ACTIVATION to POINTWISE
[09/28/2026-23:30:23] [TRT] [V] Running: ActivationToPointwiseConversion on /model.12/cv2/act/Sigmoid
[09/28/2026-23:30:23] [TRT] [V] Swap the layer type of /model.12/cv2/act/Sigmoid from ACTIVATION to POINTWISE
[09/28/2026-23:30:23] [TRT] [V] Running: ActivationToPointwiseConversion on /model.15/cv1/act/Sigmoid
[09/28/2026-23:30:23] [TRT] [V] Swap the layer type of /model.15/cv1/act/Sigmoid from ACTIVATION to POINTWISE
[09/28/2026-23:30:23] [TRT] [V] Running: ActivationToPointwiseConversion on /model.15/m.0/cv1/act/Sigmoid
[09/28/2026-23:30:23] [TRT] [V] Swap the layer type of /model.15/m.0/cv1/act/Sigmoid from ACTIVATION to POINTWISE
[09/28/2026-23:30:23] [TRT] [V] Running: ActivationToPointwiseConversion on /model.15/m.0/cv2/act/Sigmoid
[09/28/2026-23:30:23] [TRT] [V] Swap the layer type of /model.15/m.0/cv2/act/Sigmoid from ACTIVATION to POINTWISE
[09/28/2026-23:30:23] [TRT] [V] Running: ActivationToPointwiseConversion on /model.15/cv2/act/Sigmoid
[09/28/2026-23:30:23] [TRT] [V] Swap the layer type of /model.15/cv2/act/Sigmoid from ACTIVATION to POINTWISE
[09/28/2026-23:30:23] [TRT] [V] Running: ActivationToPointwiseConversion on /model.16/act/Sigmoid
[09/28/2026-23:30:23] [TRT] [V] Swap the layer type of /model.16/act/Sigmoid from ACTIVATION to POINTWISE
[09/28/2026-23:30:23] [TRT] [V] Running: ActivationToPointwiseConversion on /model.22/cv2.0/cv2.0.0/act/Sigmoid
[09/28/2026-23:30:23] [TRT] [V] Swap the layer type of /model.22/cv2.0/cv2.0.0/act/Sigmoid from ACTIVATION to POINTWISE
[09/28/2026-23:30:23] [TRT] [V] Running: ActivationToPointwiseConversion on /model.22/cv3.0/cv3.0.0/act/Sigmoid
[09/28/2026-23:30:23] [TRT] [V] Swap the layer type of /model.22/cv3.0/cv3.0.0/act/Sigmoid from ACTIVATION to POINTWISE
[09/28/2026-23:30:23] [TRT] [V] Running: ActivationToPointwiseConversion on /model.22/cv2.0/cv2.0.1/act/Sigmoid
[09/28/2026-23:30:23] [TRT] [V] Swap the layer type of /model.22/cv2.0/cv2.0.1/act/Sigmoid from ACTIVATION to POINTWISE
[09/28/2026-23:30:23] [TRT] [V] Running: ActivationToPointwiseConversion on /model.22/cv3.0/cv3.0.1/act/Sigmoid
[09/28/2026-23:30:23] [TRT] [V] Swap the layer type of /model.22/cv3.0/cv3.0.1/act/Sigmoid from ACTIVATION to POINTWISE
[09/28/2026-23:30:23] [TRT] [V] Running: ActivationToPointwiseConversion on /model.18/cv1/act/Sigmoid
[09/28/2026-23:30:23] [TRT] [V] Swap the layer type of /model.18/cv1/act/Sigmoid from ACTIVATION to POINTWISE
[09/28/2026-23:30:23] [TRT] [V] Running: ActivationToPointwiseConversion on /model.18/m.0/cv1/act/Sigmoid
[09/28/2026-23:30:23] [TRT] [V] Swap the layer type of /model.18/m.0/cv1/act/Sigmoid from ACTIVATION to POINTWISE
[09/28/2026-23:30:23] [TRT] [V] Running: ActivationToPointwiseConversion on /model.18/m.0/cv2/act/Sigmoid
[09/28/2026-23:30:23] [TRT] [V] Swap the layer type of /model.18/m.0/cv2/act/Sigmoid from ACTIVATION to POINTWISE
[09/28/2026-23:30:23] [TRT] [V] Running: ActivationToPointwiseConversion on /model.18/cv2/act/Sigmoid
[09/28/2026-23:30:23] [TRT] [V] Swap the layer type of /model.18/cv2/act/Sigmoid from ACTIVATION to POINTWISE
[09/28/2026-23:30:23] [TRT] [V] Running: ActivationToPointwiseConversion on /model.19/act/Sigmoid
[09/28/2026-23:30:23] [TRT] [V] Swap the layer type of /model.19/act/Sigmoid from ACTIVATION to POINTWISE
[09/28/2026-23:30:23] [TRT] [V] Running: ActivationToPointwiseConversion on /model.22/cv2.1/cv2.1.0/act/Sigmoid
[09/28/2026-23:30:23] [TRT] [V] Swap the layer type of /model.22/cv2.1/cv2.1.0/act/Sigmoid from ACTIVATION to POINTWISE
[09/28/2026-23:30:23] [TRT] [V] Running: ActivationToPointwiseConversion on /model.22/cv3.1/cv3.1.0/act/Sigmoid
[09/28/2026-23:30:23] [TRT] [V] Swap the layer type of /model.22/cv3.1/cv3.1.0/act/Sigmoid from ACTIVATION to POINTWISE
[09/28/2026-23:30:23] [TRT] [V] Running: ActivationToPointwiseConversion on /model.22/cv2.1/cv2.1.1/act/Sigmoid
[09/28/2026-23:30:23] [TRT] [V] Swap the layer type of /model.22/cv2.1/cv2.1.1/act/Sigmoid from ACTIVATION to POINTWISE
[09/28/2026-23:30:23] [TRT] [V] Running: ActivationToPointwiseConversion on /model.22/cv3.1/cv3.1.1/act/Sigmoid
[09/28/2026-23:30:23] [TRT] [V] Swap the layer type of /model.22/cv3.1/cv3.1.1/act/Sigmoid from ACTIVATION to POINTWISE
[09/28/2026-23:30:23] [TRT] [V] Running: ActivationToPointwiseConversion on /model.21/cv1/act/Sigmoid
[09/28/2026-23:30:23] [TRT] [V] Swap the layer type of /model.21/cv1/act/Sigmoid from ACTIVATION to POINTWISE
[09/28/2026-23:30:23] [TRT] [V] Running: ActivationToPointwiseConversion on /model.21/m.0/cv1/act/Sigmoid
[09/28/2026-23:30:23] [TRT] [V] Swap the layer type of /model.21/m.0/cv1/act/Sigmoid from ACTIVATION to POINTWISE
[09/28/2026-23:30:23] [TRT] [V] Running: ActivationToPointwiseConversion on /model.21/m.0/cv2/act/Sigmoid
[09/28/2026-23:30:23] [TRT] [V] Swap the layer type of /model.21/m.0/cv2/act/Sigmoid from ACTIVATION to POINTWISE
[09/28/2026-23:30:23] [TRT] [V] Running: ActivationToPointwiseConversion on /model.21/cv2/act/Sigmoid
[09/28/2026-23:30:23] [TRT] [V] Swap the layer type of /model.21/cv2/act/Sigmoid from ACTIVATION to POINTWISE
[09/28/2026-23:30:23] [TRT] [V] Running: ActivationToPointwiseConversion on /model.22/cv2.2/cv2.2.0/act/Sigmoid
[09/28/2026-23:30:23] [TRT] [V] Swap the layer type of /model.22/cv2.2/cv2.2.0/act/Sigmoid from ACTIVATION to POINTWISE
[09/28/2026-23:30:23] [TRT] [V] Running: ActivationToPointwiseConversion on /model.22/cv3.2/cv3.2.0/act/Sigmoid
[09/28/2026-23:30:23] [TRT] [V] Swap the layer type of /model.22/cv3.2/cv3.2.0/act/Sigmoid from ACTIVATION to POINTWISE
[09/28/2026-23:30:23] [TRT] [V] Running: ActivationToPointwiseConversion on /model.22/cv2.2/cv2.2.1/act/Sigmoid
[09/28/2026-23:30:23] [TRT] [V] Swap the layer type of /model.22/cv2.2/cv2.2.1/act/Sigmoid from ACTIVATION to POINTWISE
[09/28/2026-23:30:23] [TRT] [V] Running: ActivationToPointwiseConversion on /model.22/cv3.2/cv3.2.1/act/Sigmoid
[09/28/2026-23:30:23] [TRT] [V] Swap the layer type of /model.22/cv3.2/cv3.2.1/act/Sigmoid from ACTIVATION to POINTWISE
[09/28/2026-23:30:23] [TRT] [V] Running: ActivationToPointwiseConversion on /model.22/Sigmoid
[09/28/2026-23:30:23] [TRT] [V] Swap the layer type of /model.22/Sigmoid from ACTIVATION to POINTWISE
[09/28/2026-23:30:23] [TRT] [V] After final dead-layer removal: 246 layers
[09/28/2026-23:30:23] [TRT] [V] After vertical fusions: 246 layers
[09/28/2026-23:30:23] [TRT] [V] After final dead-layer removal: 246 layers
[09/28/2026-23:30:23] [TRT] [V] After slice removal: 246 layers
[09/28/2026-23:30:23] [TRT] [V] Eliminating concatenation /model.22/Concat_3
[09/28/2026-23:30:23] [TRT] [V] Generating copy for /model.22/Mul_2_output_0 to output0 because copy elision is disabled for concat.
[09/28/2026-23:30:23] [TRT] [V] Generating copy for /model.22/Sigmoid_output_0 to output0 because copy elision is disabled for concat.
[09/28/2026-23:30:23] [TRT] [V] Eliminating concatenation /model.22/Concat_2
[09/28/2026-23:30:23] [TRT] [V] Generating copy for /model.22/Div_1_output_0 to /model.22/Concat_2_output_0 because copy elision is disabled for concat.
[09/28/2026-23:30:23] [TRT] [V] Generating copy for /model.22/Sub_1_output_0 to /model.22/Concat_2_output_0 because copy elision is disabled for concat.
[09/28/2026-23:30:23] [TRT] [V] Eliminating concatenation /model.22/Concat_1
[09/28/2026-23:30:23] [TRT] [V] Generating copy for /model.22/Reshape_3_output_0 to /model.22/Concat_1_output_0 because copy elision is disabled for concat.
[09/28/2026-23:30:23] [TRT] [V] Generating copy for /model.22/Reshape_4_output_0 to /model.22/Concat_1_output_0 because copy elision is disabled for concat.
[09/28/2026-23:30:23] [TRT] [V] Generating copy for /model.22/Reshape_5_output_0 to /model.22/Concat_1_output_0 because copy elision is disabled for concat.
[09/28/2026-23:30:23] [TRT] [V] Eliminating concatenation /model.22/Concat
[09/28/2026-23:30:23] [TRT] [V] Generating copy for /model.22/Reshape_output_0 to /model.22/Concat_output_0 because copy elision is disabled for concat.
[09/28/2026-23:30:23] [TRT] [V] Generating copy for /model.22/Reshape_1_output_0 to /model.22/Concat_output_0 because copy elision is disabled for concat.
[09/28/2026-23:30:23] [TRT] [V] Generating copy for /model.22/Reshape_2_output_0 to /model.22/Concat_output_0 because copy elision is disabled for concat.
[09/28/2026-23:30:23] [TRT] [V] Eliminating concatenation /model.21/Concat
[09/28/2026-23:30:23] [TRT] [V] Generating copy for /model.21/Split_output_0 to /model.21/Concat_output_0 because copy elision is disabled for concat.
[09/28/2026-23:30:23] [TRT] [V] Generating copy for /model.21/Split_output_1 to /model.21/Concat_output_0 because copy elision is disabled for concat.
[09/28/2026-23:30:23] [TRT] [V] Generating copy for /model.21/m.0/cv2/act/Mul_output_0 to /model.21/Concat_output_0 because copy elision is disabled for concat.
[09/28/2026-23:30:23] [TRT] [V] Eliminating concatenation /model.20/Concat
[09/28/2026-23:30:23] [TRT] [V] Generating copy for /model.19/act/Mul_output_0 to /model.20/Concat_output_0 because copy elision is disabled for concat.
[09/28/2026-23:30:23] [TRT] [V] Generating copy for /model.9/cv2/act/Mul_output_0 to /model.20/Concat_output_0 because copy elision is disabled for concat.
[09/28/2026-23:30:23] [TRT] [V] Eliminating concatenation /model.18/Concat
[09/28/2026-23:30:23] [TRT] [V] Generating copy for /model.18/Split_output_0 to /model.18/Concat_output_0 because copy elision is disabled for concat.
[09/28/2026-23:30:23] [TRT] [V] Generating copy for /model.18/Split_output_1 to /model.18/Concat_output_0 because copy elision is disabled for concat.
[09/28/2026-23:30:23] [TRT] [V] Generating copy for /model.18/m.0/cv2/act/Mul_output_0 to /model.18/Concat_output_0 because copy elision is disabled for concat.
[09/28/2026-23:30:23] [TRT] [V] Eliminating concatenation /model.17/Concat
[09/28/2026-23:30:23] [TRT] [V] Generating copy for /model.16/act/Mul_output_0 to /model.17/Concat_output_0 because copy elision is disabled for concat.
[09/28/2026-23:30:23] [TRT] [V] Generating copy for /model.12/cv2/act/Mul_output_0 to /model.17/Concat_output_0 because copy elision is disabled for concat.
[09/28/2026-23:30:23] [TRT] [V] Eliminating concatenation /model.15/Concat
[09/28/2026-23:30:23] [TRT] [V] Generating copy for /model.15/Split_output_0 to /model.15/Concat_output_0 because copy elision is disabled for concat.
[09/28/2026-23:30:23] [TRT] [V] Generating copy for /model.15/Split_output_1 to /model.15/Concat_output_0 because copy elision is disabled for concat.
[09/28/2026-23:30:23] [TRT] [V] Generating copy for /model.15/m.0/cv2/act/Mul_output_0 to /model.15/Concat_output_0 because copy elision is disabled for concat.
[09/28/2026-23:30:23] [TRT] [V] Eliminating concatenation /model.14/Concat
[09/28/2026-23:30:23] [TRT] [V] Generating copy for /model.13/Resize_output_0 to /model.14/Concat_output_0 because copy elision is disabled for concat.
[09/28/2026-23:30:23] [TRT] [V] Generating copy for /model.4/cv2/act/Mul_output_0 to /model.14/Concat_output_0 because copy elision is disabled for concat.
[09/28/2026-23:30:23] [TRT] [V] Eliminating concatenation /model.12/Concat
[09/28/2026-23:30:23] [TRT] [V] Generating copy for /model.12/Split_output_0 to /model.12/Concat_output_0 because copy elision is disabled for concat.
[09/28/2026-23:30:23] [TRT] [V] Generating copy for /model.12/Split_output_1 to /model.12/Concat_output_0 because copy elision is disabled for concat.
[09/28/2026-23:30:23] [TRT] [V] Generating copy for /model.12/m.0/cv2/act/Mul_output_0 to /model.12/Concat_output_0 because copy elision is disabled for concat.
[09/28/2026-23:30:23] [TRT] [V] Eliminating concatenation /model.11/Concat
[09/28/2026-23:30:23] [TRT] [V] Generating copy for /model.10/Resize_output_0 to /model.11/Concat_output_0 because copy elision is disabled for concat.
[09/28/2026-23:30:23] [TRT] [V] Generating copy for /model.6/cv2/act/Mul_output_0 to /model.11/Concat_output_0 because copy elision is disabled for concat.
[09/28/2026-23:30:23] [TRT] [V] Eliminating concatenation /model.9/Concat
[09/28/2026-23:30:23] [TRT] [V] Generating copy for /model.9/cv1/conv/Conv_output_0 to /model.9/Concat_output_0 because copy elision is disabled for concat.
[09/28/2026-23:30:23] [TRT] [V] Generating copy for /model.9/m/MaxPool_output_0 to /model.9/Concat_output_0 because copy elision is disabled for concat.
[09/28/2026-23:30:23] [TRT] [V] Generating copy for /model.9/m_1/MaxPool_output_0 to /model.9/Concat_output_0 because copy elision is disabled for concat.
[09/28/2026-23:30:23] [TRT] [V] Generating copy for /model.9/m_2/MaxPool_output_0 to /model.9/Concat_output_0 because copy elision is disabled for concat.
[09/28/2026-23:30:23] [TRT] [V] Eliminating concatenation /model.8/Concat
[09/28/2026-23:30:23] [TRT] [V] Generating copy for /model.8/Split_output_0 to /model.8/Concat_output_0 because copy elision is disabled for concat.
[09/28/2026-23:30:23] [TRT] [V] Generating copy for /model.8/Split_output_1 to /model.8/Concat_output_0 because copy elision is disabled for concat.
[09/28/2026-23:30:23] [TRT] [V] Generating copy for /model.8/m.0/Add_output_0 to /model.8/Concat_output_0 because copy elision is disabled for concat.
[09/28/2026-23:30:23] [TRT] [V] Eliminating concatenation /model.6/Concat
[09/28/2026-23:30:23] [TRT] [V] Generating copy for /model.6/Split_output_0 to /model.6/Concat_output_0 because copy elision is disabled for concat.
[09/28/2026-23:30:23] [TRT] [V] Generating copy for /model.6/Split_output_1 to /model.6/Concat_output_0 because copy elision is disabled for concat.
[09/28/2026-23:30:23] [TRT] [V] Generating copy for /model.6/m.0/Add_output_0 to /model.6/Concat_output_0 because copy elision is disabled for concat.
[09/28/2026-23:30:23] [TRT] [V] Generating copy for /model.6/m.1/Add_output_0 to /model.6/Concat_output_0 because copy elision is disabled for concat.
[09/28/2026-23:30:23] [TRT] [V] Eliminating concatenation /model.4/Concat
[09/28/2026-23:30:23] [TRT] [V] Generating copy for /model.4/Split_output_0 to /model.4/Concat_output_0 because copy elision is disabled for concat.
[09/28/2026-23:30:23] [TRT] [V] Generating copy for /model.4/Split_output_1 to /model.4/Concat_output_0 because copy elision is disabled for concat.
[09/28/2026-23:30:23] [TRT] [V] Generating copy for /model.4/m.0/Add_output_0 to /model.4/Concat_output_0 because copy elision is disabled for concat.
[09/28/2026-23:30:23] [TRT] [V] Generating copy for /model.4/m.1/Add_output_0 to /model.4/Concat_output_0 because copy elision is disabled for concat.
[09/28/2026-23:30:23] [TRT] [V] Eliminating concatenation /model.2/Concat
[09/28/2026-23:30:23] [TRT] [V] Generating copy for /model.2/Split_output_0 to /model.2/Concat_output_0 because copy elision is disabled for concat.
[09/28/2026-23:30:23] [TRT] [V] Generating copy for /model.2/Split_output_1 to /model.2/Concat_output_0 because copy elision is disabled for concat.
[09/28/2026-23:30:23] [TRT] [V] Generating copy for /model.2/m.0/Add_output_0 to /model.2/Concat_output_0 because copy elision is disabled for concat.
[09/28/2026-23:30:23] [TRT] [V] After concat removal: 277 layers
[09/28/2026-23:30:23] [TRT] [V] After tensor merging: 277 layers
[09/28/2026-23:30:23] [TRT] [V] Trying to split Reshape and strided tensor
[09/28/2026-23:30:23] [TRT] [V] Graph optimization time: 0.0395161 seconds.
[09/28/2026-23:30:23] [TRT] [W] Heuristics has been ignored in this builder run. This feature is only supported on Ampere and beyond.
[09/28/2026-23:30:23] [TRT] [V] Building graph using backend strategy 2
[09/28/2026-23:30:23] [TRT] [I] Global timing cache in use. Profiling results in this builder pass will be stored.
[09/28/2026-23:30:23] [TRT] [V] Constructing optimization profile number 0 [1/1].
[09/28/2026-23:30:23] [TRT] [V] Applying generic optimizations to the graph for inference.
[09/28/2026-23:30:23] [TRT] [V] Reserving memory for host IO tensors. Host: 0 bytes
[09/28/2026-23:30:23] [TRT] [V] =============== Computing costs for /model.22/Constant_12_output_0
[09/28/2026-23:30:23] [TRT] [V] =============== Computing costs for /model.22/Constant_13_output_0
[09/28/2026-23:30:23] [TRT] [V] =============== Computing costs for /model.22/Constant_14_output_0
[09/28/2026-23:30:23] [TRT] [V] =============== Computing costs for /model.22/Constant_15_output_0
[09/28/2026-23:30:23] [TRT] [V] =============== Computing costs for /model.0/conv/Conv
[09/28/2026-23:30:23] [TRT] [V] *************** Autotuning format combination: Float(1228800,409600,640,1) -> Float(1638400,102400,320,1) ***************
[09/28/2026-23:30:23] [TRT] [V] --------------- Timing Runner: /model.0/conv/Conv (CaskConvolution[0x80000009])
[09/28/2026-23:30:23] [TRT] [V] Tactic Name: volta_scudnn_128x128_relu_small_nn_v1 Tactic: 0x365602d0613d4c36 Time: 60.3054
[09/28/2026-23:30:23] [TRT] [V] Tactic: 0x365602d0613d4c36 A valid tactic is found. Rest of the tactics are skipped.
[09/28/2026-23:30:23] [TRT] [V] >>>>>>>>>>>>>>> Chose Runner Type: CaskConvolution Tactic: 0x365602d0613d4c36
[09/28/2026-23:30:23] [TRT] [V] =============== Computing costs for ONNXTRT_Broadcast
[09/28/2026-23:30:23] [TRT] [V] *************** Autotuning format combination: Float() -> Float(1,1,1) ***************
[09/28/2026-23:30:23] [TRT] [V] --------------- Timing Runner: ONNXTRT_Broadcast (Shuffle[0x8000000d])
[09/28/2026-23:30:23] [TRT] [V] Tactic: 0x0000000000000000 Time: 0.765856
[09/28/2026-23:30:23] [TRT] [V] Tactic: 0x0000000000000000 A valid tactic is found. Rest of the tactics are skipped.
[09/28/2026-23:30:23] [TRT] [V] >>>>>>>>>>>>>>> Chose Runner Type: Shuffle Tactic: 0x0000000000000000
[09/28/2026-23:30:23] [TRT] [V] =============== Computing costs for ONNXTRT_Broadcast_95
[09/28/2026-23:30:23] [TRT] [V] *************** Autotuning format combination: Float(8400,1) -> Float(8400,8400,1) ***************
[09/28/2026-23:30:23] [TRT] [V] --------------- Timing Runner: ONNXTRT_Broadcast_95 (Shuffle[0x8000000d])
[09/28/2026-23:30:23] [TRT] [V] Tactic: 0x0000000000000000 Time: 0.012288
[09/28/2026-23:30:23] [TRT] [V] Tactic: 0x0000000000000000 A valid tactic is found. Rest of the tactics are skipped.
[09/28/2026-23:30:23] [TRT] [V] >>>>>>>>>>>>>>> Chose Runner Type: Shuffle Tactic: 0x0000000000000000
[09/28/2026-23:30:23] [TRT] [V] =============== Computing costs for PWN(/model.0/act/Sigmoid)
[09/28/2026-23:30:23] [TRT] [V] *************** Autotuning format combination: Float(1638400,102400,320,1) -> Float(1638400,102400,320,1) ***************
[09/28/2026-23:30:23] [TRT] [V] --------------- Timing Runner: PWN(/model.0/act/Sigmoid) (PointWiseV2[0x80000028])
[09/28/2026-23:30:24] [TRT] [V] Tactic: 0x0000000000000000 Time: 0.048
[09/28/2026-23:30:24] [TRT] [V] Tactic: 0x0000000000000000 A valid tactic is found. Rest of the tactics are skipped.
[09/28/2026-23:30:24] [TRT] [V] >>>>>>>>>>>>>>> Chose Runner Type: PointWiseV2 Tactic: 0x0000000000000000
[09/28/2026-23:30:24] [TRT] [V] =============== Computing costs for /model.0/act/Mul
[09/28/2026-23:30:24] [TRT] [V] *************** Autotuning format combination: Float(1638400,102400,320,1), Float(1638400,102400,320,1) -> Float(1638400,102400,320,1) ***************
[09/28/2026-23:30:24] [TRT] [V] --------------- Timing Runner: /model.0/act/Mul (MyelinElementWise[0x80000046])
[09/28/2026-23:30:24] [TRT] [I] Compiler backend is used during engine build.
[09/28/2026-23:30:24] [TRT] [V] Disabling gemm+pointwise/reduce fusions at optimization level 0
[09/28/2026-23:30:24] [TRT] [V] Set number of tactics to 1 at optimization level 0
[09/28/2026-23:30:25] [TRT] [V]  (foreignNode) Set user's cuda kernel library
[09/28/2026-23:30:25] [TRT] [V] Subgraph compilation completed in 0.356 seconds.
[09/28/2026-23:30:25] [TRT] [V] Tactic: 0x0000000000000000 Time: 0.077568
[09/28/2026-23:30:25] [TRT] [V] Tactic: 0x0000000000000000 A valid tactic is found. Rest of the tactics are skipped.
[09/28/2026-23:30:25] [TRT] [V] >>>>>>>>>>>>>>> Chose Runner Type: MyelinElementWise Tactic: 0x0000000000000000
[09/28/2026-23:30:25] [TRT] [V] =============== Computing costs for /model.1/conv/Conv
[09/28/2026-23:30:25] [TRT] [V] *************** Autotuning format combination: Float(1638400,102400,320,1) -> Float(819200,25600,160,1) ***************
[09/28/2026-23:30:25] [TRT] [V] --------------- Timing Runner: /model.1/conv/Conv (CaskConvolution[0x80000009])
[09/28/2026-23:30:25] [TRT] [V] Tactic Name: volta_scudnn_128x128_relu_small_nn_v1 Tactic: 0x365602d0613d4c36 Time: 0.110496
[09/28/2026-23:30:25] [TRT] [V] Tactic: 0x365602d0613d4c36 A valid tactic is found. Rest of the tactics are skipped.
[09/28/2026-23:30:25] [TRT] [V] >>>>>>>>>>>>>>> Chose Runner Type: CaskConvolution Tactic: 0x365602d0613d4c36
[09/28/2026-23:30:25] [TRT] [V] =============== Computing costs for PWN(/model.1/act/Sigmoid)
[09/28/2026-23:30:25] [TRT] [V] *************** Autotuning format combination: Float(819200,25600,160,1) -> Float(819200,25600,160,1) ***************
[09/28/2026-23:30:25] [TRT] [V] --------------- Timing Runner: PWN(/model.1/act/Sigmoid) (PointWiseV2[0x80000028])
[09/28/2026-23:30:25] [TRT] [V] Tactic: 0x0000000000000000 Time: 0.022752
[09/28/2026-23:30:25] [TRT] [V] Tactic: 0x0000000000000000 A valid tactic is found. Rest of the tactics are skipped.
[09/28/2026-23:30:25] [TRT] [V] >>>>>>>>>>>>>>> Chose Runner Type: PointWiseV2 Tactic: 0x0000000000000000
[09/28/2026-23:30:25] [TRT] [V] =============== Computing costs for /model.1/act/Mul
[09/28/2026-23:30:25] [TRT] [V] *************** Autotuning format combination: Float(819200,25600,160,1), Float(819200,25600,160,1) -> Float(819200,25600,160,1) ***************
[09/28/2026-23:30:25] [TRT] [V] --------------- Timing Runner: /model.1/act/Mul (MyelinElementWise[0x80000046])
[09/28/2026-23:30:25] [TRT] [V] Disabling gemm+pointwise/reduce fusions at optimization level 0
[09/28/2026-23:30:25] [TRT] [V] Set number of tactics to 1 at optimization level 0
[09/28/2026-23:30:25] [TRT] [V]  (foreignNode) Set user's cuda kernel library
[09/28/2026-23:30:25] [TRT] [V] Subgraph compilation completed in 0.044 seconds.
[09/28/2026-23:30:25] [TRT] [V] Tactic: 0x0000000000000000 Time: 0.03744
[09/28/2026-23:30:25] [TRT] [V] Tactic: 0x0000000000000000 A valid tactic is found. Rest of the tactics are skipped.
[09/28/2026-23:30:25] [TRT] [V] >>>>>>>>>>>>>>> Chose Runner Type: MyelinElementWise Tactic: 0x0000000000000000
[09/28/2026-23:30:25] [TRT] [V] =============== Computing costs for /model.2/cv1/conv/Conv
[09/28/2026-23:30:25] [TRT] [V] *************** Autotuning format combination: Float(819200,25600,160,1) -> Float(819200,25600,160,1) ***************
[09/28/2026-23:30:25] [TRT] [V] --------------- Timing Runner: /model.2/cv1/conv/Conv (CaskConvolution[0x80000009])
[09/28/2026-23:30:25] [TRT] [V] Tactic Name: volta_scudnn_128x128_relu_small_nn_v1 Tactic: 0x365602d0613d4c36 Time: 0.04544
[09/28/2026-23:30:25] [TRT] [V] Tactic: 0x365602d0613d4c36 A valid tactic is found. Rest of the tactics are skipped.
[09/28/2026-23:30:25] [TRT] [V] >>>>>>>>>>>>>>> Chose Runner Type: CaskConvolution Tactic: 0x365602d0613d4c36
[09/28/2026-23:30:25] [TRT] [V] =============== Computing costs for PWN(/model.2/cv1/act/Sigmoid)
[09/28/2026-23:30:25] [TRT] [V] *************** Autotuning format combination: Float(819200,25600,160,1) -> Float(819200,25600,160,1) ***************
[09/28/2026-23:30:25] [TRT] [V] --------------- Timing Runner: PWN(/model.2/cv1/act/Sigmoid) (PointWiseV2[0x80000028])
[09/28/2026-23:30:25] [TRT] [V] Tactic: 0x0000000000000000 Time: 0.018432
[09/28/2026-23:30:25] [TRT] [V] Tactic: 0x0000000000000000 A valid tactic is found. Rest of the tactics are skipped.
[09/28/2026-23:30:25] [TRT] [V] >>>>>>>>>>>>>>> Chose Runner Type: PointWiseV2 Tactic: 0x0000000000000000
[09/28/2026-23:30:25] [TRT] [V] =============== Computing costs for /model.2/cv1/act/Mul
[09/28/2026-23:30:25] [TRT] [V] *************** Autotuning format combination: Float(819200,25600,160,1), Float(819200,25600,160,1) -> Float(819200,25600,160,1) ***************
[09/28/2026-23:30:25] [TRT] [V] --------------- Timing Runner: /model.2/cv1/act/Mul (MyelinElementWise[0x80000046])
[09/28/2026-23:30:25] [TRT] [V] Disabling gemm+pointwise/reduce fusions at optimization level 0
[09/28/2026-23:30:25] [TRT] [V] Set number of tactics to 1 at optimization level 0
[09/28/2026-23:30:25] [TRT] [V]  (foreignNode) Set user's cuda kernel library
[09/28/2026-23:30:25] [TRT] [V] Subgraph compilation completed in 0.007 seconds.
[09/28/2026-23:30:25] [TRT] [V] Tactic: 0x0000000000000000 Time: 0.045888
[09/28/2026-23:30:25] [TRT] [V] Tactic: 0x0000000000000000 A valid tactic is found. Rest of the tactics are skipped.
[09/28/2026-23:30:25] [TRT] [V] >>>>>>>>>>>>>>> Chose Runner Type: MyelinElementWise Tactic: 0x0000000000000000
[09/28/2026-23:30:25] [TRT] [V] =============== Computing costs for /model.2/Split
[09/28/2026-23:30:25] [TRT] [V] *************** Autotuning format combination: Float(819200,25600,160,1) -> Float(409600,25600,160,1) ***************
[09/28/2026-23:30:25] [TRT] [V] Skipping Padding: No valid tactics for /model.2/Split
[09/28/2026-23:30:25] [TRT] [V] --------------- Timing Runner: /model.2/Split (Slice[0x8000001b])
[09/28/2026-23:30:25] [TRT] [V] Tactic: 0x0000000000000000 Time: 13.2936
[09/28/2026-23:30:25] [TRT] [V] Tactic: 0x0000000000000000 A valid tactic is found. Rest of the tactics are skipped.
[09/28/2026-23:30:25] [TRT] [V] >>>>>>>>>>>>>>> Chose Runner Type: Slice Tactic: 0x0000000000000000
[09/28/2026-23:30:25] [TRT] [V] =============== Computing costs for /model.2/Split_1
[09/28/2026-23:30:25] [TRT] [V] *************** Autotuning format combination: Float(819200,25600,160,1) -> Float(409600,25600,160,1) ***************
[09/28/2026-23:30:25] [TRT] [V] Skipping Padding: No valid tactics for /model.2/Split_1
[09/28/2026-23:30:25] [TRT] [V] --------------- Timing Runner: /model.2/Split_1 (Slice[0x8000001b])
[09/28/2026-23:30:25] [TRT] [V] Tactic: 0x0000000000000000 Time: 0.015392
[09/28/2026-23:30:25] [TRT] [V] Tactic: 0x0000000000000000 A valid tactic is found. Rest of the tactics are skipped.
[09/28/2026-23:30:25] [TRT] [V] >>>>>>>>>>>>>>> Chose Runner Type: Slice Tactic: 0x0000000000000000
[09/28/2026-23:30:25] [TRT] [V] =============== Computing costs for /model.2/m.0/cv1/conv/Conv
[09/28/2026-23:30:25] [TRT] [V] *************** Autotuning format combination: Float(409600,25600,160,1) -> Float(409600,25600,160,1) ***************
[09/28/2026-23:30:25] [TRT] [V] --------------- Timing Runner: /model.2/m.0/cv1/conv/Conv (CaskConvolution[0x80000009])
[09/28/2026-23:30:25] [TRT] [V] Tactic Name: volta_scudnn_winograd_128x128_ldg1_ldg4_relu_tile148t_nt_v1 Tactic: 0x268494f0a1c83de3 Time: 0.118432
[09/28/2026-23:30:25] [TRT] [V] Tactic: 0x268494f0a1c83de3 A valid tactic is found. Rest of the tactics are skipped.
[09/28/2026-23:30:25] [TRT] [V] >>>>>>>>>>>>>>> Chose Runner Type: CaskConvolution Tactic: 0x268494f0a1c83de3
[09/28/2026-23:30:25] [TRT] [V] =============== Computing costs for PWN(/model.2/m.0/cv1/act/Sigmoid)
[09/28/2026-23:30:25] [TRT] [V] *************** Autotuning format combination: Float(409600,25600,160,1) -> Float(409600,25600,160,1) ***************
[09/28/2026-23:30:25] [TRT] [V] --------------- Timing Runner: PWN(/model.2/m.0/cv1/act/Sigmoid) (PointWiseV2[0x80000028])
[09/28/2026-23:30:25] [TRT] [V] Tactic: 0x0000000000000000 Time: 0.014336
[09/28/2026-23:30:25] [TRT] [V] Tactic: 0x0000000000000000 A valid tactic is found. Rest of the tactics are skipped.
[09/28/2026-23:30:25] [TRT] [V] >>>>>>>>>>>>>>> Chose Runner Type: PointWiseV2 Tactic: 0x0000000000000000
[09/28/2026-23:30:25] [TRT] [V] =============== Computing costs for /model.2/m.0/cv1/act/Mul
[09/28/2026-23:30:25] [TRT] [V] *************** Autotuning format combination: Float(409600,25600,160,1), Float(409600,25600,160,1) -> Float(409600,25600,160,1) ***************
[09/28/2026-23:30:25] [TRT] [V] --------------- Timing Runner: /model.2/m.0/cv1/act/Mul (MyelinElementWise[0x80000046])
[09/28/2026-23:30:25] [TRT] [V] Disabling gemm+pointwise/reduce fusions at optimization level 0
[09/28/2026-23:30:25] [TRT] [V] Set number of tactics to 1 at optimization level 0
[09/28/2026-23:30:25] [TRT] [V]  (foreignNode) Set user's cuda kernel library
[09/28/2026-23:30:25] [TRT] [V] Subgraph compilation completed in 0.047 seconds.
[09/28/2026-23:30:25] [TRT] [V] Tactic: 0x0000000000000000 Time: 0.030368
[09/28/2026-23:30:25] [TRT] [V] Tactic: 0x0000000000000000 A valid tactic is found. Rest of the tactics are skipped.
[09/28/2026-23:30:25] [TRT] [V] >>>>>>>>>>>>>>> Chose Runner Type: MyelinElementWise Tactic: 0x0000000000000000
[09/28/2026-23:30:25] [TRT] [V] =============== Computing costs for /model.2/m.0/cv2/conv/Conv
[09/28/2026-23:30:25] [TRT] [V] *************** Autotuning format combination: Float(409600,25600,160,1) -> Float(409600,25600,160,1) ***************
[09/28/2026-23:30:25] [TRT] [V] --------------- Timing Runner: /model.2/m.0/cv2/conv/Conv (CaskConvolution[0x80000009])
[09/28/2026-23:30:25] [TRT] [V] Tactic Name: volta_scudnn_winograd_128x128_ldg1_ldg4_relu_tile148t_nt_v1 Tactic: 0x268494f0a1c83de3 Time: 0.04512
[09/28/2026-23:30:25] [TRT] [V] Tactic: 0x268494f0a1c83de3 A valid tactic is found. Rest of the tactics are skipped.
[09/28/2026-23:30:25] [TRT] [V] >>>>>>>>>>>>>>> Chose Runner Type: CaskConvolution Tactic: 0x268494f0a1c83de3
[09/28/2026-23:30:25] [TRT] [V] =============== Computing costs for PWN(/model.2/m.0/cv2/act/Sigmoid)
[09/28/2026-23:30:25] [TRT] [V] *************** Autotuning format combination: Float(409600,25600,160,1) -> Float(409600,25600,160,1) ***************
[09/28/2026-23:30:25] [TRT] [V] --------------- Timing Runner: PWN(/model.2/m.0/cv2/act/Sigmoid) (PointWiseV2[0x80000028])
[09/28/2026-23:30:25] [TRT] [V] Tactic: 0x0000000000000000 Time: 0.014304
[09/28/2026-23:30:25] [TRT] [V] Tactic: 0x0000000000000000 A valid tactic is found. Rest of the tactics are skipped.
[09/28/2026-23:30:25] [TRT] [V] >>>>>>>>>>>>>>> Chose Runner Type: PointWiseV2 Tactic: 0x0000000000000000
[09/28/2026-23:30:25] [TRT] [V] =============== Computing costs for /model.2/m.0/cv2/act/Mul
[09/28/2026-23:30:25] [TRT] [V] *************** Autotuning format combination: Float(409600,25600,160,1), Float(409600,25600,160,1) -> Float(409600,25600,160,1) ***************
[09/28/2026-23:30:25] [TRT] [V] --------------- Timing Runner: /model.2/m.0/cv2/act/Mul (MyelinElementWise[0x80000046])
[09/28/2026-23:30:25] [TRT] [V] Disabling gemm+pointwise/reduce fusions at optimization level 0
[09/28/2026-23:30:25] [TRT] [V] Set number of tactics to 1 at optimization level 0
[09/28/2026-23:30:25] [TRT] [V]  (foreignNode) Set user's cuda kernel library
[09/28/2026-23:30:25] [TRT] [V] Subgraph compilation completed in 0.007 seconds.
[09/28/2026-23:30:25] [TRT] [V] Tactic: 0x0000000000000000 Time: 0.029184
[09/28/2026-23:30:25] [TRT] [V] Tactic: 0x0000000000000000 A valid tactic is found. Rest of the tactics are skipped.
[09/28/2026-23:30:25] [TRT] [V] >>>>>>>>>>>>>>> Chose Runner Type: MyelinElementWise Tactic: 0x0000000000000000
[09/28/2026-23:30:25] [TRT] [V] =============== Computing costs for /model.2/m.0/Add
[09/28/2026-23:30:25] [TRT] [V] *************** Autotuning format combination: Float(409600,25600,160,1), Float(409600,25600,160,1) -> Float(409600,25600,160,1) ***************
[09/28/2026-23:30:25] [TRT] [V] --------------- Timing Runner: /model.2/m.0/Add (MyelinElementWise[0x80000046])
[09/28/2026-23:30:25] [TRT] [V] Disabling gemm+pointwise/reduce fusions at optimization level 0
[09/28/2026-23:30:25] [TRT] [V] Set number of tactics to 1 at optimization level 0
[09/28/2026-23:30:25] [TRT] [V]  (foreignNode) Set user's cuda kernel library
[09/28/2026-23:30:25] [TRT] [V] Subgraph compilation completed in 0.042 seconds.
[09/28/2026-23:30:25] [TRT] [V] Tactic: 0x0000000000000000 Time: 0.027616
[09/28/2026-23:30:25] [TRT] [V] Tactic: 0x0000000000000000 A valid tactic is found. Rest of the tactics are skipped.
[09/28/2026-23:30:25] [TRT] [V] >>>>>>>>>>>>>>> Chose Runner Type: MyelinElementWise Tactic: 0x0000000000000000
[09/28/2026-23:30:25] [TRT] [V] =============== Computing costs for /model.2/cv2/conv/Conv
[09/28/2026-23:30:25] [TRT] [V] *************** Autotuning format combination: Float(1228800,25600,160,1) -> Float(819200,25600,160,1) ***************
[09/28/2026-23:30:25] [TRT] [V] --------------- Timing Runner: /model.2/cv2/conv/Conv (CaskConvolution[0x80000009])
[09/28/2026-23:30:25] [TRT] [V] Tactic Name: volta_scudnn_128x128_relu_small_nn_v1 Tactic: 0x365602d0613d4c36 Time: 0.056096
[09/28/2026-23:30:25] [TRT] [V] Tactic: 0x365602d0613d4c36 A valid tactic is found. Rest of the tactics are skipped.
[09/28/2026-23:30:25] [TRT] [V] >>>>>>>>>>>>>>> Chose Runner Type: CaskConvolution Tactic: 0x365602d0613d4c36
[09/28/2026-23:30:25] [TRT] [V] =============== Computing costs for PWN(/model.2/cv2/act/Sigmoid)
[09/28/2026-23:30:25] [TRT] [V] *************** Autotuning format combination: Float(819200,25600,160,1) -> Float(819200,25600,160,1) ***************
[09/28/2026-23:30:25] [TRT] [V] --------------- Timing Runner: PWN(/model.2/cv2/act/Sigmoid) (PointWiseV2[0x80000028])
[09/28/2026-23:30:25] [TRT] [V] Tactic: 0x0000000000000000 Time: 0.01776
[09/28/2026-23:30:25] [TRT] [V] Tactic: 0x0000000000000000 A valid tactic is found. Rest of the tactics are skipped.
[09/28/2026-23:30:25] [TRT] [V] >>>>>>>>>>>>>>> Chose Runner Type: PointWiseV2 Tactic: 0x0000000000000000
[09/28/2026-23:30:25] [TRT] [V] =============== Computing costs for /model.2/cv2/act/Mul
[09/28/2026-23:30:25] [TRT] [V] *************** Autotuning format combination: Float(819200,25600,160,1), Float(819200,25600,160,1) -> Float(819200,25600,160,1) ***************
[09/28/2026-23:30:25] [TRT] [V] --------------- Timing Runner: /model.2/cv2/act/Mul (MyelinElementWise[0x80000046])
[09/28/2026-23:30:25] [TRT] [V] Disabling gemm+pointwise/reduce fusions at optimization level 0
[09/28/2026-23:30:25] [TRT] [V] Set number of tactics to 1 at optimization level 0
[09/28/2026-23:30:25] [TRT] [V]  (foreignNode) Set user's cuda kernel library
[09/28/2026-23:30:25] [TRT] [V] Subgraph compilation completed in 0.006 seconds.
[09/28/2026-23:30:25] [TRT] [V] Tactic: 0x0000000000000000 Time: 0.033536
[09/28/2026-23:30:25] [TRT] [V] Tactic: 0x0000000000000000 A valid tactic is found. Rest of the tactics are skipped.
[09/28/2026-23:30:25] [TRT] [V] >>>>>>>>>>>>>>> Chose Runner Type: MyelinElementWise Tactic: 0x0000000000000000
[09/28/2026-23:30:25] [TRT] [V] =============== Computing costs for /model.3/conv/Conv
[09/28/2026-23:30:25] [TRT] [V] *************** Autotuning format combination: Float(819200,25600,160,1) -> Float(409600,6400,80,1) ***************
[09/28/2026-23:30:25] [TRT] [V] --------------- Timing Runner: /model.3/conv/Conv (CaskConvolution[0x80000009])
[09/28/2026-23:30:25] [TRT] [V] Tactic Name: volta_scudnn_128x128_relu_small_nn_v1 Tactic: 0x365602d0613d4c36 Time: 0.075584
[09/28/2026-23:30:25] [TRT] [V] Tactic: 0x365602d0613d4c36 A valid tactic is found. Rest of the tactics are skipped.
[09/28/2026-23:30:25] [TRT] [V] >>>>>>>>>>>>>>> Chose Runner Type: CaskConvolution Tactic: 0x365602d0613d4c36
[09/28/2026-23:30:25] [TRT] [V] =============== Computing costs for PWN(/model.3/act/Sigmoid)
[09/28/2026-23:30:25] [TRT] [V] *************** Autotuning format combination: Float(409600,6400,80,1) -> Float(409600,6400,80,1) ***************
[09/28/2026-23:30:25] [TRT] [V] --------------- Timing Runner: PWN(/model.3/act/Sigmoid) (PointWiseV2[0x80000028])
[09/28/2026-23:30:25] [TRT] [V] Tactic: 0x0000000000000000 Time: 0.012928
[09/28/2026-23:30:25] [TRT] [V] Tactic: 0x0000000000000000 A valid tactic is found. Rest of the tactics are skipped.
[09/28/2026-23:30:25] [TRT] [V] >>>>>>>>>>>>>>> Chose Runner Type: PointWiseV2 Tactic: 0x0000000000000000
[09/28/2026-23:30:25] [TRT] [V] =============== Computing costs for /model.3/act/Mul
[09/28/2026-23:30:25] [TRT] [V] *************** Autotuning format combination: Float(409600,6400,80,1), Float(409600,6400,80,1) -> Float(409600,6400,80,1) ***************
[09/28/2026-23:30:25] [TRT] [V] --------------- Timing Runner: /model.3/act/Mul (MyelinElementWise[0x80000046])
[09/28/2026-23:30:25] [TRT] [V] Disabling gemm+pointwise/reduce fusions at optimization level 0
[09/28/2026-23:30:25] [TRT] [V] Set number of tactics to 1 at optimization level 0
[09/28/2026-23:30:25] [TRT] [V]  (foreignNode) Set user's cuda kernel library
[09/28/2026-23:30:25] [TRT] [V] Subgraph compilation completed in 0.056 seconds.
[09/28/2026-23:30:25] [TRT] [V] Tactic: 0x0000000000000000 Time: 0.028576
[09/28/2026-23:30:25] [TRT] [V] Tactic: 0x0000000000000000 A valid tactic is found. Rest of the tactics are skipped.
[09/28/2026-23:30:25] [TRT] [V] >>>>>>>>>>>>>>> Chose Runner Type: MyelinElementWise Tactic: 0x0000000000000000
[09/28/2026-23:30:25] [TRT] [V] =============== Computing costs for /model.4/cv1/conv/Conv
[09/28/2026-23:30:25] [TRT] [V] *************** Autotuning format combination: Float(409600,6400,80,1) -> Float(409600,6400,80,1) ***************
[09/28/2026-23:30:25] [TRT] [V] --------------- Timing Runner: /model.4/cv1/conv/Conv (CaskConvolution[0x80000009])
[09/28/2026-23:30:25] [TRT] [V] Tactic Name: volta_scudnn_128x128_relu_small_nn_v1 Tactic: 0x365602d0613d4c36 Time: 0.033504
[09/28/2026-23:30:25] [TRT] [V] Tactic: 0x365602d0613d4c36 A valid tactic is found. Rest of the tactics are skipped.
[09/28/2026-23:30:25] [TRT] [V] >>>>>>>>>>>>>>> Chose Runner Type: CaskConvolution Tactic: 0x365602d0613d4c36
[09/28/2026-23:30:25] [TRT] [V] =============== Computing costs for PWN(/model.4/cv1/act/Sigmoid)
[09/28/2026-23:30:25] [TRT] [V] *************** Autotuning format combination: Float(409600,6400,80,1) -> Float(409600,6400,80,1) ***************
[09/28/2026-23:30:25] [TRT] [V] --------------- Timing Runner: PWN(/model.4/cv1/act/Sigmoid) (PointWiseV2[0x80000028])
[09/28/2026-23:30:25] [TRT] [V] Tactic: 0x0000000000000000 Time: 0.012768
[09/28/2026-23:30:25] [TRT] [V] Tactic: 0x0000000000000000 A valid tactic is found. Rest of the tactics are skipped.
[09/28/2026-23:30:25] [TRT] [V] >>>>>>>>>>>>>>> Chose Runner Type: PointWiseV2 Tactic: 0x0000000000000000
[09/28/2026-23:30:25] [TRT] [V] =============== Computing costs for /model.4/cv1/act/Mul
[09/28/2026-23:30:25] [TRT] [V] *************** Autotuning format combination: Float(409600,6400,80,1), Float(409600,6400,80,1) -> Float(409600,6400,80,1) ***************
[09/28/2026-23:30:25] [TRT] [V] --------------- Timing Runner: /model.4/cv1/act/Mul (MyelinElementWise[0x80000046])
[09/28/2026-23:30:25] [TRT] [V] Disabling gemm+pointwise/reduce fusions at optimization level 0
[09/28/2026-23:30:25] [TRT] [V] Set number of tactics to 1 at optimization level 0
[09/28/2026-23:30:25] [TRT] [V]  (foreignNode) Set user's cuda kernel library
[09/28/2026-23:30:25] [TRT] [V] Subgraph compilation completed in 0.006 seconds.
[09/28/2026-23:30:25] [TRT] [V] Tactic: 0x0000000000000000 Time: 0.028576
[09/28/2026-23:30:25] [TRT] [V] Tactic: 0x0000000000000000 A valid tactic is found. Rest of the tactics are skipped.
[09/28/2026-23:30:25] [TRT] [V] >>>>>>>>>>>>>>> Chose Runner Type: MyelinElementWise Tactic: 0x0000000000000000
[09/28/2026-23:30:25] [TRT] [V] =============== Computing costs for /model.4/Split
[09/28/2026-23:30:25] [TRT] [V] *************** Autotuning format combination: Float(409600,6400,80,1) -> Float(204800,6400,80,1) ***************
[09/28/2026-23:30:25] [TRT] [V] Skipping Padding: No valid tactics for /model.4/Split
[09/28/2026-23:30:25] [TRT] [V] --------------- Timing Runner: /model.4/Split (Slice[0x8000001b])
[09/28/2026-23:30:25] [TRT] [V] Tactic: 0x0000000000000000 Time: 0.015968
[09/28/2026-23:30:25] [TRT] [V] Tactic: 0x0000000000000000 A valid tactic is found. Rest of the tactics are skipped.
[09/28/2026-23:30:25] [TRT] [V] >>>>>>>>>>>>>>> Chose Runner Type: Slice Tactic: 0x0000000000000000
[09/28/2026-23:30:25] [TRT] [V] =============== Computing costs for /model.4/Split_4
[09/28/2026-23:30:25] [TRT] [V] *************** Autotuning format combination: Float(409600,6400,80,1) -> Float(204800,6400,80,1) ***************
[09/28/2026-23:30:25] [TRT] [V] Skipping Padding: No valid tactics for /model.4/Split_4
[09/28/2026-23:30:25] [TRT] [V] --------------- Timing Runner: /model.4/Split_4 (Slice[0x8000001b])
[09/28/2026-23:30:25] [TRT] [V] Tactic: 0x0000000000000000 Time: 0.009888
[09/28/2026-23:30:25] [TRT] [V] Tactic: 0x0000000000000000 A valid tactic is found. Rest of the tactics are skipped.
[09/28/2026-23:30:25] [TRT] [V] >>>>>>>>>>>>>>> Chose Runner Type: Slice Tactic: 0x0000000000000000
[09/28/2026-23:30:25] [TRT] [V] =============== Computing costs for /model.4/m.0/cv1/conv/Conv
[09/28/2026-23:30:25] [TRT] [V] *************** Autotuning format combination: Float(204800,6400,80,1) -> Float(204800,6400,80,1) ***************
[09/28/2026-23:30:25] [TRT] [V] --------------- Timing Runner: /model.4/m.0/cv1/conv/Conv (CaskConvolution[0x80000009])
[09/28/2026-23:30:25] [TRT] [V] Tactic Name: volta_scudnn_winograd_128x128_ldg1_ldg4_relu_tile148t_nt_v1 Tactic: 0x268494f0a1c83de3 Time: 0.027264
[09/28/2026-23:30:25] [TRT] [V] Tactic: 0x268494f0a1c83de3 A valid tactic is found. Rest of the tactics are skipped.
[09/28/2026-23:30:25] [TRT] [V] >>>>>>>>>>>>>>> Chose Runner Type: CaskConvolution Tactic: 0x268494f0a1c83de3
[09/28/2026-23:30:25] [TRT] [V] =============== Computing costs for PWN(/model.4/m.0/cv1/act/Sigmoid)
[09/28/2026-23:30:25] [TRT] [V] *************** Autotuning format combination: Float(204800,6400,80,1) -> Float(204800,6400,80,1) ***************
[09/28/2026-23:30:25] [TRT] [V] --------------- Timing Runner: PWN(/model.4/m.0/cv1/act/Sigmoid) (PointWiseV2[0x80000028])
[09/28/2026-23:30:25] [TRT] [V] Tactic: 0x0000000000000000 Time: 0.01264
[09/28/2026-23:30:25] [TRT] [V] Tactic: 0x0000000000000000 A valid tactic is found. Rest of the tactics are skipped.
[09/28/2026-23:30:25] [TRT] [V] >>>>>>>>>>>>>>> Chose Runner Type: PointWiseV2 Tactic: 0x0000000000000000
[09/28/2026-23:30:25] [TRT] [V] =============== Computing costs for /model.4/m.0/cv1/act/Mul
[09/28/2026-23:30:25] [TRT] [V] *************** Autotuning format combination: Float(204800,6400,80,1), Float(204800,6400,80,1) -> Float(204800,6400,80,1) ***************
[09/28/2026-23:30:25] [TRT] [V] --------------- Timing Runner: /model.4/m.0/cv1/act/Mul (MyelinElementWise[0x80000046])
[09/28/2026-23:30:25] [TRT] [V] Disabling gemm+pointwise/reduce fusions at optimization level 0
[09/28/2026-23:30:25] [TRT] [V] Set number of tactics to 1 at optimization level 0
[09/28/2026-23:30:25] [TRT] [V]  (foreignNode) Set user's cuda kernel library
[09/28/2026-23:30:25] [TRT] [V] Subgraph compilation completed in 0.042 seconds.
[09/28/2026-23:30:25] [TRT] [V] Tactic: 0x0000000000000000 Time: 0.02992
[09/28/2026-23:30:25] [TRT] [V] Tactic: 0x0000000000000000 A valid tactic is found. Rest of the tactics are skipped.
[09/28/2026-23:30:25] [TRT] [V] >>>>>>>>>>>>>>> Chose Runner Type: MyelinElementWise Tactic: 0x0000000000000000
[09/28/2026-23:30:25] [TRT] [V] =============== Computing costs for /model.4/m.0/cv2/conv/Conv
[09/28/2026-23:30:25] [TRT] [V] *************** Autotuning format combination: Float(204800,6400,80,1) -> Float(204800,6400,80,1) ***************
[09/28/2026-23:30:25] [TRT] [V] --------------- Timing Runner: /model.4/m.0/cv2/conv/Conv (CaskConvolution[0x80000009])
[09/28/2026-23:30:25] [TRT] [V] Tactic Name: volta_scudnn_winograd_128x128_ldg1_ldg4_relu_tile148t_nt_v1 Tactic: 0x268494f0a1c83de3 Time: 0.028192
[09/28/2026-23:30:25] [TRT] [V] Tactic: 0x268494f0a1c83de3 A valid tactic is found. Rest of the tactics are skipped.
[09/28/2026-23:30:25] [TRT] [V] >>>>>>>>>>>>>>> Chose Runner Type: CaskConvolution Tactic: 0x268494f0a1c83de3
[09/28/2026-23:30:25] [TRT] [V] =============== Computing costs for PWN(/model.4/m.0/cv2/act/Sigmoid)
[09/28/2026-23:30:25] [TRT] [V] *************** Autotuning format combination: Float(204800,6400,80,1) -> Float(204800,6400,80,1) ***************
[09/28/2026-23:30:25] [TRT] [V] --------------- Timing Runner: PWN(/model.4/m.0/cv2/act/Sigmoid) (PointWiseV2[0x80000028])
[09/28/2026-23:30:25] [TRT] [V] Tactic: 0x0000000000000000 Time: 0.012288
[09/28/2026-23:30:25] [TRT] [V] Tactic: 0x0000000000000000 A valid tactic is found. Rest of the tactics are skipped.
[09/28/2026-23:30:25] [TRT] [V] >>>>>>>>>>>>>>> Chose Runner Type: PointWiseV2 Tactic: 0x0000000000000000
[09/28/2026-23:30:25] [TRT] [V] =============== Computing costs for /model.4/m.0/cv2/act/Mul
[09/28/2026-23:30:25] [TRT] [V] *************** Autotuning format combination: Float(204800,6400,80,1), Float(204800,6400,80,1) -> Float(204800,6400,80,1) ***************
[09/28/2026-23:30:25] [TRT] [V] --------------- Timing Runner: /model.4/m.0/cv2/act/Mul (MyelinElementWise[0x80000046])
[09/28/2026-23:30:25] [TRT] [V] Disabling gemm+pointwise/reduce fusions at optimization level 0
[09/28/2026-23:30:25] [TRT] [V] Set number of tactics to 1 at optimization level 0
[09/28/2026-23:30:25] [TRT] [V]  (foreignNode) Set user's cuda kernel library
[09/28/2026-23:30:25] [TRT] [V] Subgraph compilation completed in 0.006 seconds.
[09/28/2026-23:30:25] [TRT] [V] Tactic: 0x0000000000000000 Time: 0.027712
[09/28/2026-23:30:25] [TRT] [V] Tactic: 0x0000000000000000 A valid tactic is found. Rest of the tactics are skipped.
[09/28/2026-23:30:25] [TRT] [V] >>>>>>>>>>>>>>> Chose Runner Type: MyelinElementWise Tactic: 0x0000000000000000
[09/28/2026-23:30:25] [TRT] [V] =============== Computing costs for /model.4/m.0/Add
[09/28/2026-23:30:25] [TRT] [V] *************** Autotuning format combination: Float(204800,6400,80,1), Float(204800,6400,80,1) -> Float(204800,6400,80,1) ***************
[09/28/2026-23:30:25] [TRT] [V] --------------- Timing Runner: /model.4/m.0/Add (MyelinElementWise[0x80000046])
[09/28/2026-23:30:25] [TRT] [V] Disabling gemm+pointwise/reduce fusions at optimization level 0
[09/28/2026-23:30:25] [TRT] [V] Set number of tactics to 1 at optimization level 0
[09/28/2026-23:30:25] [TRT] [V]  (foreignNode) Set user's cuda kernel library
[09/28/2026-23:30:25] [TRT] [V] Subgraph compilation completed in 0.043 seconds.
[09/28/2026-23:30:25] [TRT] [V] Tactic: 0x0000000000000000 Time: 0.03072
[09/28/2026-23:30:25] [TRT] [V] Tactic: 0x0000000000000000 A valid tactic is found. Rest of the tactics are skipped.
[09/28/2026-23:30:25] [TRT] [V] >>>>>>>>>>>>>>> Chose Runner Type: MyelinElementWise Tactic: 0x0000000000000000
[09/28/2026-23:30:25] [TRT] [V] =============== Computing costs for /model.4/m.1/cv1/conv/Conv
[09/28/2026-23:30:25] [TRT] [V] *************** Autotuning format combination: Float(204800,6400,80,1) -> Float(204800,6400,80,1) ***************
[09/28/2026-23:30:25] [TRT] [V] --------------- Timing Runner: /model.4/m.1/cv1/conv/Conv (CaskConvolution[0x80000009])
[09/28/2026-23:30:25] [TRT] [V] Tactic Name: volta_scudnn_winograd_128x128_ldg1_ldg4_relu_tile148t_nt_v1 Tactic: 0x268494f0a1c83de3 Time: 0.027392
[09/28/2026-23:30:25] [TRT] [V] Tactic: 0x268494f0a1c83de3 A valid tactic is found. Rest of the tactics are skipped.
[09/28/2026-23:30:25] [TRT] [V] >>>>>>>>>>>>>>> Chose Runner Type: CaskConvolution Tactic: 0x268494f0a1c83de3
[09/28/2026-23:30:25] [TRT] [V] =============== Computing costs for PWN(/model.4/m.1/cv1/act/Sigmoid)
[09/28/2026-23:30:25] [TRT] [V] *************** Autotuning format combination: Float(204800,6400,80,1) -> Float(204800,6400,80,1) ***************
[09/28/2026-23:30:25] [TRT] [V] --------------- Timing Runner: PWN(/model.4/m.1/cv1/act/Sigmoid) (PointWiseV2[0x80000028])
[09/28/2026-23:30:25] [TRT] [V] Tactic: 0x0000000000000000 Time: 0.014336
[09/28/2026-23:30:25] [TRT] [V] Tactic: 0x0000000000000000 A valid tactic is found. Rest of the tactics are skipped.
[09/28/2026-23:30:25] [TRT] [V] >>>>>>>>>>>>>>> Chose Runner Type: PointWiseV2 Tactic: 0x0000000000000000
[09/28/2026-23:30:25] [TRT] [V] =============== Computing costs for /model.4/m.1/cv1/act/Mul
[09/28/2026-23:30:25] [TRT] [V] *************** Autotuning format combination: Float(204800,6400,80,1), Float(204800,6400,80,1) -> Float(204800,6400,80,1) ***************
[09/28/2026-23:30:25] [TRT] [V] --------------- Timing Runner: /model.4/m.1/cv1/act/Mul (MyelinElementWise[0x80000046])
[09/28/2026-23:30:25] [TRT] [V] Disabling gemm+pointwise/reduce fusions at optimization level 0
[09/28/2026-23:30:25] [TRT] [V] Set number of tactics to 1 at optimization level 0
[09/28/2026-23:30:25] [TRT] [V]  (foreignNode) Set user's cuda kernel library
[09/28/2026-23:30:25] [TRT] [V] Subgraph compilation completed in 0.007 seconds.
[09/28/2026-23:30:25] [TRT] [V] Tactic: 0x0000000000000000 Time: 0.028352
[09/28/2026-23:30:25] [TRT] [V] Tactic: 0x0000000000000000 A valid tactic is found. Rest of the tactics are skipped.
[09/28/2026-23:30:25] [TRT] [V] >>>>>>>>>>>>>>> Chose Runner Type: MyelinElementWise Tactic: 0x0000000000000000
[09/28/2026-23:30:25] [TRT] [V] =============== Computing costs for /model.4/m.1/cv2/conv/Conv
[09/28/2026-23:30:25] [TRT] [V] *************** Autotuning format combination: Float(204800,6400,80,1) -> Float(204800,6400,80,1) ***************
[09/28/2026-23:30:25] [TRT] [V] --------------- Timing Runner: /model.4/m.1/cv2/conv/Conv (CaskConvolution[0x80000009])
[09/28/2026-23:30:25] [TRT] [V] Tactic Name: volta_scudnn_winograd_128x128_ldg1_ldg4_relu_tile148t_nt_v1 Tactic: 0x268494f0a1c83de3 Time: 0.028672
[09/28/2026-23:30:25] [TRT] [V] Tactic: 0x268494f0a1c83de3 A valid tactic is found. Rest of the tactics are skipped.
[09/28/2026-23:30:25] [TRT] [V] >>>>>>>>>>>>>>> Chose Runner Type: CaskConvolution Tactic: 0x268494f0a1c83de3
[09/28/2026-23:30:25] [TRT] [V] =============== Computing costs for PWN(/model.4/m.1/cv2/act/Sigmoid)
[09/28/2026-23:30:25] [TRT] [V] *************** Autotuning format combination: Float(204800,6400,80,1) -> Float(204800,6400,80,1) ***************
[09/28/2026-23:30:25] [TRT] [V] --------------- Timing Runner: PWN(/model.4/m.1/cv2/act/Sigmoid) (PointWiseV2[0x80000028])
[09/28/2026-23:30:25] [TRT] [V] Tactic: 0x0000000000000000 Time: 0.01264
[09/28/2026-23:30:25] [TRT] [V] Tactic: 0x0000000000000000 A valid tactic is found. Rest of the tactics are skipped.
[09/28/2026-23:30:25] [TRT] [V] >>>>>>>>>>>>>>> Chose Runner Type: PointWiseV2 Tactic: 0x0000000000000000
[09/28/2026-23:30:25] [TRT] [V] =============== Computing costs for /model.4/m.1/cv2/act/Mul
[09/28/2026-23:30:25] [TRT] [V] *************** Autotuning format combination: Float(204800,6400,80,1), Float(204800,6400,80,1) -> Float(204800,6400,80,1) ***************
[09/28/2026-23:30:25] [TRT] [V] --------------- Timing Runner: /model.4/m.1/cv2/act/Mul (MyelinElementWise[0x80000046])
[09/28/2026-23:30:25] [TRT] [V] Disabling gemm+pointwise/reduce fusions at optimization level 0
[09/28/2026-23:30:25] [TRT] [V] Set number of tactics to 1 at optimization level 0
[09/28/2026-23:30:25] [TRT] [V]  (foreignNode) Set user's cuda kernel library
[09/28/2026-23:30:25] [TRT] [V] Subgraph compilation completed in 0.006 seconds.
[09/28/2026-23:30:25] [TRT] [V] Tactic: 0x0000000000000000 Time: 0.022528
[09/28/2026-23:30:25] [TRT] [V] Tactic: 0x0000000000000000 A valid tactic is found. Rest of the tactics are skipped.
[09/28/2026-23:30:25] [TRT] [V] >>>>>>>>>>>>>>> Chose Runner Type: MyelinElementWise Tactic: 0x0000000000000000
[09/28/2026-23:30:25] [TRT] [V] =============== Computing costs for /model.4/m.1/Add
[09/28/2026-23:30:25] [TRT] [V] *************** Autotuning format combination: Float(204800,6400,80,1), Float(204800,6400,80,1) -> Float(204800,6400,80,1) ***************
[09/28/2026-23:30:25] [TRT] [V] --------------- Timing Runner: /model.4/m.1/Add (MyelinElementWise[0x80000046])
[09/28/2026-23:30:25] [TRT] [V] Disabling gemm+pointwise/reduce fusions at optimization level 0
[09/28/2026-23:30:25] [TRT] [V] Set number of tactics to 1 at optimization level 0
[09/28/2026-23:30:25] [TRT] [V]  (foreignNode) Set user's cuda kernel library
[09/28/2026-23:30:25] [TRT] [V] Subgraph compilation completed in 0.006 seconds.
[09/28/2026-23:30:25] [TRT] [V] Tactic: 0x0000000000000000 Time: 0.023968
[09/28/2026-23:30:25] [TRT] [V] Tactic: 0x0000000000000000 A valid tactic is found. Rest of the tactics are skipped.
[09/28/2026-23:30:25] [TRT] [V] >>>>>>>>>>>>>>> Chose Runner Type: MyelinElementWise Tactic: 0x0000000000000000
[09/28/2026-23:30:25] [TRT] [V] =============== Computing costs for /model.4/cv2/conv/Conv
[09/28/2026-23:30:25] [TRT] [V] *************** Autotuning format combination: Float(819200,6400,80,1) -> Float(409600,6400,80,1) ***************
[09/28/2026-23:30:25] [TRT] [V] --------------- Timing Runner: /model.4/cv2/conv/Conv (CaskConvolution[0x80000009])
[09/28/2026-23:30:25] [TRT] [V] Tactic Name: volta_scudnn_128x128_relu_small_nn_v1 Tactic: 0x365602d0613d4c36 Time: 0.043424
[09/28/2026-23:30:25] [TRT] [V] Tactic: 0x365602d0613d4c36 A valid tactic is found. Rest of the tactics are skipped.
[09/28/2026-23:30:25] [TRT] [V] >>>>>>>>>>>>>>> Chose Runner Type: CaskConvolution Tactic: 0x365602d0613d4c36
[09/28/2026-23:30:25] [TRT] [V] =============== Computing costs for PWN(/model.4/cv2/act/Sigmoid)
[09/28/2026-23:30:25] [TRT] [V] *************** Autotuning format combination: Float(409600,6400,80,1) -> Float(409600,6400,80,1) ***************
[09/28/2026-23:30:25] [TRT] [V] --------------- Timing Runner: PWN(/model.4/cv2/act/Sigmoid) (PointWiseV2[0x80000028])
[09/28/2026-23:30:25] [TRT] [V] Tactic: 0x0000000000000000 Time: 0.021376
[09/28/2026-23:30:25] [TRT] [V] Tactic: 0x0000000000000000 A valid tactic is found. Rest of the tactics are skipped.
[09/28/2026-23:30:25] [TRT] [V] >>>>>>>>>>>>>>> Chose Runner Type: PointWiseV2 Tactic: 0x0000000000000000
[09/28/2026-23:30:25] [TRT] [V] =============== Computing costs for /model.4/cv2/act/Mul
[09/28/2026-23:30:25] [TRT] [V] *************** Autotuning format combination: Float(409600,6400,80,1), Float(409600,6400,80,1) -> Float(409600,6400,80,1) ***************
[09/28/2026-23:30:25] [TRT] [V] --------------- Timing Runner: /model.4/cv2/act/Mul (MyelinElementWise[0x80000046])
[09/28/2026-23:30:25] [TRT] [V] Disabling gemm+pointwise/reduce fusions at optimization level 0
[09/28/2026-23:30:25] [TRT] [V] Set number of tactics to 1 at optimization level 0
[09/28/2026-23:30:25] [TRT] [V]  (foreignNode) Set user's cuda kernel library
[09/28/2026-23:30:25] [TRT] [V] Subgraph compilation completed in 0.006 seconds.
[09/28/2026-23:30:25] [TRT] [V] Tactic: 0x0000000000000000 Time: 0.02448
[09/28/2026-23:30:25] [TRT] [V] Tactic: 0x0000000000000000 A valid tactic is found. Rest of the tactics are skipped.
[09/28/2026-23:30:25] [TRT] [V] >>>>>>>>>>>>>>> Chose Runner Type: MyelinElementWise Tactic: 0x0000000000000000
[09/28/2026-23:30:25] [TRT] [V] =============== Computing costs for /model.5/conv/Conv
[09/28/2026-23:30:25] [TRT] [V] *************** Autotuning format combination: Float(409600,6400,80,1) -> Float(204800,1600,40,1) ***************
[09/28/2026-23:30:25] [TRT] [V] --------------- Timing Runner: /model.5/conv/Conv (CaskConvolution[0x80000009])
[09/28/2026-23:30:25] [TRT] [V] Tactic Name: volta_scudnn_128x128_relu_small_nn_v1 Tactic: 0x365602d0613d4c36 Time: 0.126976
[09/28/2026-23:30:25] [TRT] [V] Tactic: 0x365602d0613d4c36 A valid tactic is found. Rest of the tactics are skipped.
[09/28/2026-23:30:25] [TRT] [V] >>>>>>>>>>>>>>> Chose Runner Type: CaskConvolution Tactic: 0x365602d0613d4c36
[09/28/2026-23:30:25] [TRT] [V] =============== Computing costs for PWN(/model.5/act/Sigmoid)
[09/28/2026-23:30:25] [TRT] [V] *************** Autotuning format combination: Float(204800,1600,40,1) -> Float(204800,1600,40,1) ***************
[09/28/2026-23:30:25] [TRT] [V] --------------- Timing Runner: PWN(/model.5/act/Sigmoid) (PointWiseV2[0x80000028])
[09/28/2026-23:30:25] [TRT] [V] Tactic: 0x0000000000000000 Time: 0.012288
[09/28/2026-23:30:25] [TRT] [V] Tactic: 0x0000000000000000 A valid tactic is found. Rest of the tactics are skipped.
[09/28/2026-23:30:25] [TRT] [V] >>>>>>>>>>>>>>> Chose Runner Type: PointWiseV2 Tactic: 0x0000000000000000
[09/28/2026-23:30:25] [TRT] [V] =============== Computing costs for /model.5/act/Mul
[09/28/2026-23:30:25] [TRT] [V] *************** Autotuning format combination: Float(204800,1600,40,1), Float(204800,1600,40,1) -> Float(204800,1600,40,1) ***************
[09/28/2026-23:30:25] [TRT] [V] --------------- Timing Runner: /model.5/act/Mul (MyelinElementWise[0x80000046])
[09/28/2026-23:30:25] [TRT] [V] Disabling gemm+pointwise/reduce fusions at optimization level 0
[09/28/2026-23:30:25] [TRT] [V] Set number of tactics to 1 at optimization level 0
[09/28/2026-23:30:25] [TRT] [V]  (foreignNode) Set user's cuda kernel library
[09/28/2026-23:30:25] [TRT] [V] Subgraph compilation completed in 0.043 seconds.
[09/28/2026-23:30:25] [TRT] [V] Tactic: 0x0000000000000000 Time: 0.034016
[09/28/2026-23:30:25] [TRT] [V] Tactic: 0x0000000000000000 A valid tactic is found. Rest of the tactics are skipped.
[09/28/2026-23:30:25] [TRT] [V] >>>>>>>>>>>>>>> Chose Runner Type: MyelinElementWise Tactic: 0x0000000000000000
[09/28/2026-23:30:25] [TRT] [V] =============== Computing costs for /model.6/cv1/conv/Conv
[09/28/2026-23:30:25] [TRT] [V] *************** Autotuning format combination: Float(204800,1600,40,1) -> Float(204800,1600,40,1) ***************
[09/28/2026-23:30:25] [TRT] [V] --------------- Timing Runner: /model.6/cv1/conv/Conv (CaskConvolution[0x80000009])
[09/28/2026-23:30:25] [TRT] [V] Tactic Name: volta_scudnn_128x128_relu_small_nn_v1 Tactic: 0x365602d0613d4c36 Time: 0.043008
[09/28/2026-23:30:25] [TRT] [V] Tactic: 0x365602d0613d4c36 A valid tactic is found. Rest of the tactics are skipped.
[09/28/2026-23:30:25] [TRT] [V] >>>>>>>>>>>>>>> Chose Runner Type: CaskConvolution Tactic: 0x365602d0613d4c36
[09/28/2026-23:30:25] [TRT] [V] =============== Computing costs for PWN(/model.6/cv1/act/Sigmoid)
[09/28/2026-23:30:25] [TRT] [V] *************** Autotuning format combination: Float(204800,1600,40,1) -> Float(204800,1600,40,1) ***************
[09/28/2026-23:30:25] [TRT] [V] --------------- Timing Runner: PWN(/model.6/cv1/act/Sigmoid) (PointWiseV2[0x80000028])
[09/28/2026-23:30:25] [TRT] [V] Tactic: 0x0000000000000000 Time: 0.013568
[09/28/2026-23:30:25] [TRT] [V] Tactic: 0x0000000000000000 A valid tactic is found. Rest of the tactics are skipped.
[09/28/2026-23:30:25] [TRT] [V] >>>>>>>>>>>>>>> Chose Runner Type: PointWiseV2 Tactic: 0x0000000000000000
[09/28/2026-23:30:25] [TRT] [V] =============== Computing costs for /model.6/cv1/act/Mul
[09/28/2026-23:30:25] [TRT] [V] *************** Autotuning format combination: Float(204800,1600,40,1), Float(204800,1600,40,1) -> Float(204800,1600,40,1) ***************
[09/28/2026-23:30:25] [TRT] [V] --------------- Timing Runner: /model.6/cv1/act/Mul (MyelinElementWise[0x80000046])
[09/28/2026-23:30:25] [TRT] [V] Disabling gemm+pointwise/reduce fusions at optimization level 0
[09/28/2026-23:30:25] [TRT] [V] Set number of tactics to 1 at optimization level 0
[09/28/2026-23:30:25] [TRT] [V]  (foreignNode) Set user's cuda kernel library
[09/28/2026-23:30:25] [TRT] [V] Subgraph compilation completed in 0.006 seconds.
[09/28/2026-23:30:25] [TRT] [V] Tactic: 0x0000000000000000 Time: 0.027008
[09/28/2026-23:30:25] [TRT] [V] Tactic: 0x0000000000000000 A valid tactic is found. Rest of the tactics are skipped.
[09/28/2026-23:30:25] [TRT] [V] >>>>>>>>>>>>>>> Chose Runner Type: MyelinElementWise Tactic: 0x0000000000000000
[09/28/2026-23:30:25] [TRT] [V] =============== Computing costs for /model.6/Split
[09/28/2026-23:30:25] [TRT] [V] *************** Autotuning format combination: Float(204800,1600,40,1) -> Float(102400,1600,40,1) ***************
[09/28/2026-23:30:25] [TRT] [V] Skipping Padding: No valid tactics for /model.6/Split
[09/28/2026-23:30:25] [TRT] [V] --------------- Timing Runner: /model.6/Split (Slice[0x8000001b])
[09/28/2026-23:30:25] [TRT] [V] Tactic: 0x0000000000000000 Time: 0.012288
[09/28/2026-23:30:25] [TRT] [V] Tactic: 0x0000000000000000 A valid tactic is found. Rest of the tactics are skipped.
[09/28/2026-23:30:25] [TRT] [V] >>>>>>>>>>>>>>> Chose Runner Type: Slice Tactic: 0x0000000000000000
[09/28/2026-23:30:25] [TRT] [V] =============== Computing costs for /model.6/Split_7
[09/28/2026-23:30:25] [TRT] [V] *************** Autotuning format combination: Float(204800,1600,40,1) -> Float(102400,1600,40,1) ***************
[09/28/2026-23:30:25] [TRT] [V] Skipping Padding: No valid tactics for /model.6/Split_7
[09/28/2026-23:30:25] [TRT] [V] --------------- Timing Runner: /model.6/Split_7 (Slice[0x8000001b])
[09/28/2026-23:30:25] [TRT] [V] Tactic: 0x0000000000000000 Time: 0.008896
[09/28/2026-23:30:25] [TRT] [V] Tactic: 0x0000000000000000 A valid tactic is found. Rest of the tactics are skipped.
[09/28/2026-23:30:25] [TRT] [V] >>>>>>>>>>>>>>> Chose Runner Type: Slice Tactic: 0x0000000000000000
[09/28/2026-23:30:25] [TRT] [V] =============== Computing costs for /model.6/m.0/cv1/conv/Conv
[09/28/2026-23:30:25] [TRT] [V] *************** Autotuning format combination: Float(102400,1600,40,1) -> Float(102400,1600,40,1) ***************
[09/28/2026-23:30:25] [TRT] [V] --------------- Timing Runner: /model.6/m.0/cv1/conv/Conv (CaskConvolution[0x80000009])
[09/28/2026-23:30:25] [TRT] [V] Tactic Name: volta_scudnn_winograd_128x128_ldg1_ldg4_relu_tile148t_nt_v1 Tactic: 0x268494f0a1c83de3 Time: 0.032864
[09/28/2026-23:30:25] [TRT] [V] Tactic: 0x268494f0a1c83de3 A valid tactic is found. Rest of the tactics are skipped.
[09/28/2026-23:30:25] [TRT] [V] >>>>>>>>>>>>>>> Chose Runner Type: CaskConvolution Tactic: 0x268494f0a1c83de3
[09/28/2026-23:30:25] [TRT] [V] =============== Computing costs for PWN(/model.6/m.0/cv1/act/Sigmoid)
[09/28/2026-23:30:25] [TRT] [V] *************** Autotuning format combination: Float(102400,1600,40,1) -> Float(102400,1600,40,1) ***************
[09/28/2026-23:30:25] [TRT] [V] --------------- Timing Runner: PWN(/model.6/m.0/cv1/act/Sigmoid) (PointWiseV2[0x80000028])
[09/28/2026-23:30:25] [TRT] [V] Tactic: 0x0000000000000000 Time: 0.012128
[09/28/2026-23:30:25] [TRT] [V] Tactic: 0x0000000000000000 A valid tactic is found. Rest of the tactics are skipped.
[09/28/2026-23:30:25] [TRT] [V] >>>>>>>>>>>>>>> Chose Runner Type: PointWiseV2 Tactic: 0x0000000000000000
[09/28/2026-23:30:25] [TRT] [V] =============== Computing costs for /model.6/m.0/cv1/act/Mul
[09/28/2026-23:30:25] [TRT] [V] *************** Autotuning format combination: Float(102400,1600,40,1), Float(102400,1600,40,1) -> Float(102400,1600,40,1) ***************
[09/28/2026-23:30:25] [TRT] [V] --------------- Timing Runner: /model.6/m.0/cv1/act/Mul (MyelinElementWise[0x80000046])
[09/28/2026-23:30:25] [TRT] [V] Disabling gemm+pointwise/reduce fusions at optimization level 0
[09/28/2026-23:30:25] [TRT] [V] Set number of tactics to 1 at optimization level 0
[09/28/2026-23:30:25] [TRT] [V]  (foreignNode) Set user's cuda kernel library
[09/28/2026-23:30:25] [TRT] [V] Subgraph compilation completed in 0.04 seconds.
[09/28/2026-23:30:25] [TRT] [V] Tactic: 0x0000000000000000 Time: 0.02944
[09/28/2026-23:30:25] [TRT] [V] Tactic: 0x0000000000000000 A valid tactic is found. Rest of the tactics are skipped.
[09/28/2026-23:30:25] [TRT] [V] >>>>>>>>>>>>>>> Chose Runner Type: MyelinElementWise Tactic: 0x0000000000000000
[09/28/2026-23:30:25] [TRT] [V] =============== Computing costs for /model.6/m.0/cv2/conv/Conv
[09/28/2026-23:30:25] [TRT] [V] *************** Autotuning format combination: Float(102400,1600,40,1) -> Float(102400,1600,40,1) ***************
[09/28/2026-23:30:25] [TRT] [V] --------------- Timing Runner: /model.6/m.0/cv2/conv/Conv (CaskConvolution[0x80000009])
[09/28/2026-23:30:25] [TRT] [V] Tactic Name: volta_scudnn_winograd_128x128_ldg1_ldg4_relu_tile148t_nt_v1 Tactic: 0x268494f0a1c83de3 Time: 0.032704
[09/28/2026-23:30:25] [TRT] [V] Tactic: 0x268494f0a1c83de3 A valid tactic is found. Rest of the tactics are skipped.
[09/28/2026-23:30:25] [TRT] [V] >>>>>>>>>>>>>>> Chose Runner Type: CaskConvolution Tactic: 0x268494f0a1c83de3
[09/28/2026-23:30:25] [TRT] [V] =============== Computing costs for PWN(/model.6/m.0/cv2/act/Sigmoid)
[09/28/2026-23:30:25] [TRT] [V] *************** Autotuning format combination: Float(102400,1600,40,1) -> Float(102400,1600,40,1) ***************
[09/28/2026-23:30:25] [TRT] [V] --------------- Timing Runner: PWN(/model.6/m.0/cv2/act/Sigmoid) (PointWiseV2[0x80000028])
[09/28/2026-23:30:25] [TRT] [V] Tactic: 0x0000000000000000 Time: 0.010752
[09/28/2026-23:30:25] [TRT] [V] Tactic: 0x0000000000000000 A valid tactic is found. Rest of the tactics are skipped.
[09/28/2026-23:30:25] [TRT] [V] >>>>>>>>>>>>>>> Chose Runner Type: PointWiseV2 Tactic: 0x0000000000000000
[09/28/2026-23:30:25] [TRT] [V] =============== Computing costs for /model.6/m.0/cv2/act/Mul
[09/28/2026-23:30:25] [TRT] [V] *************** Autotuning format combination: Float(102400,1600,40,1), Float(102400,1600,40,1) -> Float(102400,1600,40,1) ***************
[09/28/2026-23:30:25] [TRT] [V] --------------- Timing Runner: /model.6/m.0/cv2/act/Mul (MyelinElementWise[0x80000046])
[09/28/2026-23:30:25] [TRT] [V] Disabling gemm+pointwise/reduce fusions at optimization level 0
[09/28/2026-23:30:25] [TRT] [V] Set number of tactics to 1 at optimization level 0
[09/28/2026-23:30:25] [TRT] [V]  (foreignNode) Set user's cuda kernel library
[09/28/2026-23:30:25] [TRT] [V] Subgraph compilation completed in 0.006 seconds.
[09/28/2026-23:30:25] [TRT] [V] Tactic: 0x0000000000000000 Time: 0.026816
[09/28/2026-23:30:25] [TRT] [V] Tactic: 0x0000000000000000 A valid tactic is found. Rest of the tactics are skipped.
[09/28/2026-23:30:25] [TRT] [V] >>>>>>>>>>>>>>> Chose Runner Type: MyelinElementWise Tactic: 0x0000000000000000
[09/28/2026-23:30:25] [TRT] [V] =============== Computing costs for /model.6/m.0/Add
[09/28/2026-23:30:25] [TRT] [V] *************** Autotuning format combination: Float(102400,1600,40,1), Float(102400,1600,40,1) -> Float(102400,1600,40,1) ***************
[09/28/2026-23:30:25] [TRT] [V] --------------- Timing Runner: /model.6/m.0/Add (MyelinElementWise[0x80000046])
[09/28/2026-23:30:25] [TRT] [V] Disabling gemm+pointwise/reduce fusions at optimization level 0
[09/28/2026-23:30:25] [TRT] [V] Set number of tactics to 1 at optimization level 0
[09/28/2026-23:30:25] [TRT] [V]  (foreignNode) Set user's cuda kernel library
[09/28/2026-23:30:25] [TRT] [V] Subgraph compilation completed in 0.053 seconds.
[09/28/2026-23:30:25] [TRT] [V] Tactic: 0x0000000000000000 Time: 0.034112
[09/28/2026-23:30:25] [TRT] [V] Tactic: 0x0000000000000000 A valid tactic is found. Rest of the tactics are skipped.
[09/28/2026-23:30:25] [TRT] [V] >>>>>>>>>>>>>>> Chose Runner Type: MyelinElementWise Tactic: 0x0000000000000000
[09/28/2026-23:30:25] [TRT] [V] =============== Computing costs for /model.6/m.1/cv1/conv/Conv
[09/28/2026-23:30:25] [TRT] [V] *************** Autotuning format combination: Float(102400,1600,40,1) -> Float(102400,1600,40,1) ***************
[09/28/2026-23:30:26] [TRT] [V] --------------- Timing Runner: /model.6/m.1/cv1/conv/Conv (CaskConvolution[0x80000009])
[09/28/2026-23:30:26] [TRT] [V] Tactic Name: volta_scudnn_winograd_128x128_ldg1_ldg4_relu_tile148t_nt_v1 Tactic: 0x268494f0a1c83de3 Time: 0.045088
[09/28/2026-23:30:26] [TRT] [V] Tactic: 0x268494f0a1c83de3 A valid tactic is found. Rest of the tactics are skipped.
[09/28/2026-23:30:26] [TRT] [V] >>>>>>>>>>>>>>> Chose Runner Type: CaskConvolution Tactic: 0x268494f0a1c83de3
[09/28/2026-23:30:26] [TRT] [V] =============== Computing costs for PWN(/model.6/m.1/cv1/act/Sigmoid)
[09/28/2026-23:30:26] [TRT] [V] *************** Autotuning format combination: Float(102400,1600,40,1) -> Float(102400,1600,40,1) ***************
[09/28/2026-23:30:26] [TRT] [V] --------------- Timing Runner: PWN(/model.6/m.1/cv1/act/Sigmoid) (PointWiseV2[0x80000028])
[09/28/2026-23:30:26] [TRT] [V] Tactic: 0x0000000000000000 Time: 0.024672
[09/28/2026-23:30:26] [TRT] [V] Tactic: 0x0000000000000000 A valid tactic is found. Rest of the tactics are skipped.
[09/28/2026-23:30:26] [TRT] [V] >>>>>>>>>>>>>>> Chose Runner Type: PointWiseV2 Tactic: 0x0000000000000000
[09/28/2026-23:30:26] [TRT] [V] =============== Computing costs for /model.6/m.1/cv1/act/Mul
[09/28/2026-23:30:26] [TRT] [V] *************** Autotuning format combination: Float(102400,1600,40,1), Float(102400,1600,40,1) -> Float(102400,1600,40,1) ***************
[09/28/2026-23:30:26] [TRT] [V] --------------- Timing Runner: /model.6/m.1/cv1/act/Mul (MyelinElementWise[0x80000046])
[09/28/2026-23:30:26] [TRT] [V] Disabling gemm+pointwise/reduce fusions at optimization level 0
[09/28/2026-23:30:26] [TRT] [V] Set number of tactics to 1 at optimization level 0
[09/28/2026-23:30:26] [TRT] [V]  (foreignNode) Set user's cuda kernel library
[09/28/2026-23:30:26] [TRT] [V] Subgraph compilation completed in 0.012 seconds.
[09/28/2026-23:30:26] [TRT] [V] Tactic: 0x0000000000000000 Time: 0.036864
[09/28/2026-23:30:26] [TRT] [V] Tactic: 0x0000000000000000 A valid tactic is found. Rest of the tactics are skipped.
[09/28/2026-23:30:26] [TRT] [V] >>>>>>>>>>>>>>> Chose Runner Type: MyelinElementWise Tactic: 0x0000000000000000
[09/28/2026-23:30:26] [TRT] [V] =============== Computing costs for /model.6/m.1/cv2/conv/Conv
[09/28/2026-23:30:26] [TRT] [V] *************** Autotuning format combination: Float(102400,1600,40,1) -> Float(102400,1600,40,1) ***************
[09/28/2026-23:30:26] [TRT] [V] --------------- Timing Runner: /model.6/m.1/cv2/conv/Conv (CaskConvolution[0x80000009])
[09/28/2026-23:30:26] [TRT] [V] Tactic Name: volta_scudnn_winograd_128x128_ldg1_ldg4_relu_tile148t_nt_v1 Tactic: 0x268494f0a1c83de3 Time: 0.03632
[09/28/2026-23:30:26] [TRT] [V] Tactic: 0x268494f0a1c83de3 A valid tactic is found. Rest of the tactics are skipped.
[09/28/2026-23:30:26] [TRT] [V] >>>>>>>>>>>>>>> Chose Runner Type: CaskConvolution Tactic: 0x268494f0a1c83de3
[09/28/2026-23:30:26] [TRT] [V] =============== Computing costs for PWN(/model.6/m.1/cv2/act/Sigmoid)
[09/28/2026-23:30:26] [TRT] [V] *************** Autotuning format combination: Float(102400,1600,40,1) -> Float(102400,1600,40,1) ***************
[09/28/2026-23:30:26] [TRT] [V] --------------- Timing Runner: PWN(/model.6/m.1/cv2/act/Sigmoid) (PointWiseV2[0x80000028])
[09/28/2026-23:30:26] [TRT] [V] Tactic: 0x0000000000000000 Time: 0.012416
[09/28/2026-23:30:26] [TRT] [V] Tactic: 0x0000000000000000 A valid tactic is found. Rest of the tactics are skipped.
[09/28/2026-23:30:26] [TRT] [V] >>>>>>>>>>>>>>> Chose Runner Type: PointWiseV2 Tactic: 0x0000000000000000
[09/28/2026-23:30:26] [TRT] [V] =============== Computing costs for /model.6/m.1/cv2/act/Mul
[09/28/2026-23:30:26] [TRT] [V] *************** Autotuning format combination: Float(102400,1600,40,1), Float(102400,1600,40,1) -> Float(102400,1600,40,1) ***************
[09/28/2026-23:30:26] [TRT] [V] --------------- Timing Runner: /model.6/m.1/cv2/act/Mul (MyelinElementWise[0x80000046])
[09/28/2026-23:30:26] [TRT] [V] Disabling gemm+pointwise/reduce fusions at optimization level 0
[09/28/2026-23:30:26] [TRT] [V] Set number of tactics to 1 at optimization level 0
[09/28/2026-23:30:26] [TRT] [V]  (foreignNode) Set user's cuda kernel library
[09/28/2026-23:30:26] [TRT] [V] Subgraph compilation completed in 0.008 seconds.
[09/28/2026-23:30:26] [TRT] [V] Tactic: 0x0000000000000000 Time: 0.028928
[09/28/2026-23:30:26] [TRT] [V] Tactic: 0x0000000000000000 A valid tactic is found. Rest of the tactics are skipped.
[09/28/2026-23:30:26] [TRT] [V] >>>>>>>>>>>>>>> Chose Runner Type: MyelinElementWise Tactic: 0x0000000000000000
[09/28/2026-23:30:26] [TRT] [V] =============== Computing costs for /model.6/m.1/Add
[09/28/2026-23:30:26] [TRT] [V] *************** Autotuning format combination: Float(102400,1600,40,1), Float(102400,1600,40,1) -> Float(102400,1600,40,1) ***************
[09/28/2026-23:30:26] [TRT] [V] --------------- Timing Runner: /model.6/m.1/Add (MyelinElementWise[0x80000046])
[09/28/2026-23:30:26] [TRT] [V] Disabling gemm+pointwise/reduce fusions at optimization level 0
[09/28/2026-23:30:26] [TRT] [V] Set number of tactics to 1 at optimization level 0
[09/28/2026-23:30:26] [TRT] [V]  (foreignNode) Set user's cuda kernel library
[09/28/2026-23:30:26] [TRT] [V] Subgraph compilation completed in 0.006 seconds.
[09/28/2026-23:30:26] [TRT] [V] Tactic: 0x0000000000000000 Time: 0.026624
[09/28/2026-23:30:26] [TRT] [V] Tactic: 0x0000000000000000 A valid tactic is found. Rest of the tactics are skipped.
[09/28/2026-23:30:26] [TRT] [V] >>>>>>>>>>>>>>> Chose Runner Type: MyelinElementWise Tactic: 0x0000000000000000
[09/28/2026-23:30:26] [TRT] [V] =============== Computing costs for /model.6/cv2/conv/Conv
[09/28/2026-23:30:26] [TRT] [V] *************** Autotuning format combination: Float(409600,1600,40,1) -> Float(204800,1600,40,1) ***************
[09/28/2026-23:30:26] [TRT] [V] --------------- Timing Runner: /model.6/cv2/conv/Conv (CaskConvolution[0x80000009])
[09/28/2026-23:30:26] [TRT] [V] Tactic Name: volta_scudnn_128x128_relu_small_nn_v1 Tactic: 0x365602d0613d4c36 Time: 0.067712
[09/28/2026-23:30:26] [TRT] [V] Tactic: 0x365602d0613d4c36 A valid tactic is found. Rest of the tactics are skipped.
[09/28/2026-23:30:26] [TRT] [V] >>>>>>>>>>>>>>> Chose Runner Type: CaskConvolution Tactic: 0x365602d0613d4c36
[09/28/2026-23:30:26] [TRT] [V] =============== Computing costs for PWN(/model.6/cv2/act/Sigmoid)
[09/28/2026-23:30:26] [TRT] [V] *************** Autotuning format combination: Float(204800,1600,40,1) -> Float(204800,1600,40,1) ***************
[09/28/2026-23:30:26] [TRT] [V] --------------- Timing Runner: PWN(/model.6/cv2/act/Sigmoid) (PointWiseV2[0x80000028])
[09/28/2026-23:30:26] [TRT] [V] Tactic: 0x0000000000000000 Time: 0.012224
[09/28/2026-23:30:26] [TRT] [V] Tactic: 0x0000000000000000 A valid tactic is found. Rest of the tactics are skipped.
[09/28/2026-23:30:26] [TRT] [V] >>>>>>>>>>>>>>> Chose Runner Type: PointWiseV2 Tactic: 0x0000000000000000
[09/28/2026-23:30:26] [TRT] [V] =============== Computing costs for /model.6/cv2/act/Mul
[09/28/2026-23:30:26] [TRT] [V] *************** Autotuning format combination: Float(204800,1600,40,1), Float(204800,1600,40,1) -> Float(204800,1600,40,1) ***************
[09/28/2026-23:30:26] [TRT] [V] --------------- Timing Runner: /model.6/cv2/act/Mul (MyelinElementWise[0x80000046])
[09/28/2026-23:30:26] [TRT] [V] Disabling gemm+pointwise/reduce fusions at optimization level 0
[09/28/2026-23:30:26] [TRT] [V] Set number of tactics to 1 at optimization level 0
[09/28/2026-23:30:26] [TRT] [V]  (foreignNode) Set user's cuda kernel library
[09/28/2026-23:30:26] [TRT] [V] Subgraph compilation completed in 0.006 seconds.
[09/28/2026-23:30:26] [TRT] [V] Tactic: 0x0000000000000000 Time: 0.027584
[09/28/2026-23:30:26] [TRT] [V] Tactic: 0x0000000000000000 A valid tactic is found. Rest of the tactics are skipped.
[09/28/2026-23:30:26] [TRT] [V] >>>>>>>>>>>>>>> Chose Runner Type: MyelinElementWise Tactic: 0x0000000000000000
[09/28/2026-23:30:26] [TRT] [V] =============== Computing costs for /model.7/conv/Conv
[09/28/2026-23:30:26] [TRT] [V] *************** Autotuning format combination: Float(204800,1600,40,1) -> Float(102400,400,20,1) ***************
[09/28/2026-23:30:26] [TRT] [V] --------------- Timing Runner: /model.7/conv/Conv (CaskConvolution[0x80000009])
[09/28/2026-23:30:26] [TRT] [V] Tactic Name: volta_scudnn_128x128_relu_small_nn_v1 Tactic: 0x365602d0613d4c36 Time: 0.231872
[09/28/2026-23:30:26] [TRT] [V] Tactic: 0x365602d0613d4c36 A valid tactic is found. Rest of the tactics are skipped.
[09/28/2026-23:30:26] [TRT] [V] >>>>>>>>>>>>>>> Chose Runner Type: CaskConvolution Tactic: 0x365602d0613d4c36
[09/28/2026-23:30:26] [TRT] [V] =============== Computing costs for PWN(/model.7/act/Sigmoid)
[09/28/2026-23:30:26] [TRT] [V] *************** Autotuning format combination: Float(102400,400,20,1) -> Float(102400,400,20,1) ***************
[09/28/2026-23:30:26] [TRT] [V] --------------- Timing Runner: PWN(/model.7/act/Sigmoid) (PointWiseV2[0x80000028])
[09/28/2026-23:30:26] [TRT] [V] Tactic: 0x0000000000000000 Time: 0.011776
[09/28/2026-23:30:26] [TRT] [V] Tactic: 0x0000000000000000 A valid tactic is found. Rest of the tactics are skipped.
[09/28/2026-23:30:26] [TRT] [V] >>>>>>>>>>>>>>> Chose Runner Type: PointWiseV2 Tactic: 0x0000000000000000
[09/28/2026-23:30:26] [TRT] [V] =============== Computing costs for /model.7/act/Mul
[09/28/2026-23:30:26] [TRT] [V] *************** Autotuning format combination: Float(102400,400,20,1), Float(102400,400,20,1) -> Float(102400,400,20,1) ***************
[09/28/2026-23:30:26] [TRT] [V] --------------- Timing Runner: /model.7/act/Mul (MyelinElementWise[0x80000046])
[09/28/2026-23:30:26] [TRT] [V] Disabling gemm+pointwise/reduce fusions at optimization level 0
[09/28/2026-23:30:26] [TRT] [V] Set number of tactics to 1 at optimization level 0
[09/28/2026-23:30:26] [TRT] [V]  (foreignNode) Set user's cuda kernel library
[09/28/2026-23:30:26] [TRT] [V] Subgraph compilation completed in 0.04 seconds.
[09/28/2026-23:30:26] [TRT] [V] Tactic: 0x0000000000000000 Time: 0.028672
[09/28/2026-23:30:26] [TRT] [V] Tactic: 0x0000000000000000 A valid tactic is found. Rest of the tactics are skipped.
[09/28/2026-23:30:26] [TRT] [V] >>>>>>>>>>>>>>> Chose Runner Type: MyelinElementWise Tactic: 0x0000000000000000
[09/28/2026-23:30:26] [TRT] [V] =============== Computing costs for /model.8/cv1/conv/Conv
[09/28/2026-23:30:26] [TRT] [V] *************** Autotuning format combination: Float(102400,400,20,1) -> Float(102400,400,20,1) ***************
[09/28/2026-23:30:26] [TRT] [V] --------------- Timing Runner: /model.8/cv1/conv/Conv (CaskConvolution[0x80000009])
[09/28/2026-23:30:26] [TRT] [V] Tactic Name: volta_scudnn_128x128_relu_small_nn_v1 Tactic: 0x365602d0613d4c36 Time: 0.067776
[09/28/2026-23:30:26] [TRT] [V] Tactic: 0x365602d0613d4c36 A valid tactic is found. Rest of the tactics are skipped.
[09/28/2026-23:30:26] [TRT] [V] >>>>>>>>>>>>>>> Chose Runner Type: CaskConvolution Tactic: 0x365602d0613d4c36
[09/28/2026-23:30:26] [TRT] [V] =============== Computing costs for PWN(/model.8/cv1/act/Sigmoid)
[09/28/2026-23:30:26] [TRT] [V] *************** Autotuning format combination: Float(102400,400,20,1) -> Float(102400,400,20,1) ***************
[09/28/2026-23:30:26] [TRT] [V] --------------- Timing Runner: PWN(/model.8/cv1/act/Sigmoid) (PointWiseV2[0x80000028])
[09/28/2026-23:30:26] [TRT] [V] Tactic: 0x0000000000000000 Time: 0.0104
[09/28/2026-23:30:26] [TRT] [V] Tactic: 0x0000000000000000 A valid tactic is found. Rest of the tactics are skipped.
[09/28/2026-23:30:26] [TRT] [V] >>>>>>>>>>>>>>> Chose Runner Type: PointWiseV2 Tactic: 0x0000000000000000
[09/28/2026-23:30:26] [TRT] [V] =============== Computing costs for /model.8/cv1/act/Mul
[09/28/2026-23:30:26] [TRT] [V] *************** Autotuning format combination: Float(102400,400,20,1), Float(102400,400,20,1) -> Float(102400,400,20,1) ***************
[09/28/2026-23:30:26] [TRT] [V] --------------- Timing Runner: /model.8/cv1/act/Mul (MyelinElementWise[0x80000046])
[09/28/2026-23:30:26] [TRT] [V] Disabling gemm+pointwise/reduce fusions at optimization level 0
[09/28/2026-23:30:26] [TRT] [V] Set number of tactics to 1 at optimization level 0
[09/28/2026-23:30:26] [TRT] [V]  (foreignNode) Set user's cuda kernel library
[09/28/2026-23:30:26] [TRT] [V] Subgraph compilation completed in 0.007 seconds.
[09/28/2026-23:30:26] [TRT] [V] Tactic: 0x0000000000000000 Time: 0.028864
[09/28/2026-23:30:26] [TRT] [V] Tactic: 0x0000000000000000 A valid tactic is found. Rest of the tactics are skipped.
[09/28/2026-23:30:26] [TRT] [V] >>>>>>>>>>>>>>> Chose Runner Type: MyelinElementWise Tactic: 0x0000000000000000
[09/28/2026-23:30:26] [TRT] [V] =============== Computing costs for /model.8/Split
[09/28/2026-23:30:26] [TRT] [V] *************** Autotuning format combination: Float(102400,400,20,1) -> Float(51200,400,20,1) ***************
[09/28/2026-23:30:26] [TRT] [V] Skipping Padding: No valid tactics for /model.8/Split
[09/28/2026-23:30:26] [TRT] [V] --------------- Timing Runner: /model.8/Split (Slice[0x8000001b])
[09/28/2026-23:30:26] [TRT] [V] Tactic: 0x0000000000000000 Time: 0.015552
[09/28/2026-23:30:26] [TRT] [V] Tactic: 0x0000000000000000 A valid tactic is found. Rest of the tactics are skipped.
[09/28/2026-23:30:26] [TRT] [V] >>>>>>>>>>>>>>> Chose Runner Type: Slice Tactic: 0x0000000000000000
[09/28/2026-23:30:26] [TRT] [V] =============== Computing costs for /model.8/Split_10
[09/28/2026-23:30:26] [TRT] [V] *************** Autotuning format combination: Float(102400,400,20,1) -> Float(51200,400,20,1) ***************
[09/28/2026-23:30:26] [TRT] [V] Skipping Padding: No valid tactics for /model.8/Split_10
[09/28/2026-23:30:26] [TRT] [V] --------------- Timing Runner: /model.8/Split_10 (Slice[0x8000001b])
[09/28/2026-23:30:26] [TRT] [V] Tactic: 0x0000000000000000 Time: 0.008096
[09/28/2026-23:30:26] [TRT] [V] Tactic: 0x0000000000000000 A valid tactic is found. Rest of the tactics are skipped.
[09/28/2026-23:30:26] [TRT] [V] >>>>>>>>>>>>>>> Chose Runner Type: Slice Tactic: 0x0000000000000000
[09/28/2026-23:30:26] [TRT] [V] =============== Computing costs for /model.8/m.0/cv1/conv/Conv
[09/28/2026-23:30:26] [TRT] [V] *************** Autotuning format combination: Float(51200,400,20,1) -> Float(51200,400,20,1) ***************
[09/28/2026-23:30:26] [TRT] [V] --------------- Timing Runner: /model.8/m.0/cv1/conv/Conv (CaskConvolution[0x80000009])
[09/28/2026-23:30:26] [TRT] [V] Tactic Name: volta_scudnn_winograd_128x128_ldg1_ldg4_relu_tile148t_nt_v1 Tactic: 0x268494f0a1c83de3 Time: 0.047104
[09/28/2026-23:30:26] [TRT] [V] Tactic: 0x268494f0a1c83de3 A valid tactic is found. Rest of the tactics are skipped.
[09/28/2026-23:30:26] [TRT] [V] >>>>>>>>>>>>>>> Chose Runner Type: CaskConvolution Tactic: 0x268494f0a1c83de3
[09/28/2026-23:30:26] [TRT] [V] =============== Computing costs for PWN(/model.8/m.0/cv1/act/Sigmoid)
[09/28/2026-23:30:26] [TRT] [V] *************** Autotuning format combination: Float(51200,400,20,1) -> Float(51200,400,20,1) ***************
[09/28/2026-23:30:26] [TRT] [V] --------------- Timing Runner: PWN(/model.8/m.0/cv1/act/Sigmoid) (PointWiseV2[0x80000028])
[09/28/2026-23:30:26] [TRT] [V] Tactic: 0x0000000000000000 Time: 0.011808
[09/28/2026-23:30:26] [TRT] [V] Tactic: 0x0000000000000000 A valid tactic is found. Rest of the tactics are skipped.
[09/28/2026-23:30:26] [TRT] [V] >>>>>>>>>>>>>>> Chose Runner Type: PointWiseV2 Tactic: 0x0000000000000000
[09/28/2026-23:30:26] [TRT] [V] =============== Computing costs for /model.8/m.0/cv1/act/Mul
[09/28/2026-23:30:26] [TRT] [V] *************** Autotuning format combination: Float(51200,400,20,1), Float(51200,400,20,1) -> Float(51200,400,20,1) ***************
[09/28/2026-23:30:26] [TRT] [V] --------------- Timing Runner: /model.8/m.0/cv1/act/Mul (MyelinElementWise[0x80000046])
[09/28/2026-23:30:26] [TRT] [V] Disabling gemm+pointwise/reduce fusions at optimization level 0
[09/28/2026-23:30:26] [TRT] [V] Set number of tactics to 1 at optimization level 0
[09/28/2026-23:30:26] [TRT] [V]  (foreignNode) Set user's cuda kernel library
[09/28/2026-23:30:26] [TRT] [V] Subgraph compilation completed in 0.041 seconds.
[09/28/2026-23:30:26] [TRT] [V] Tactic: 0x0000000000000000 Time: 0.02656
[09/28/2026-23:30:26] [TRT] [V] Tactic: 0x0000000000000000 A valid tactic is found. Rest of the tactics are skipped.
[09/28/2026-23:30:26] [TRT] [V] >>>>>>>>>>>>>>> Chose Runner Type: MyelinElementWise Tactic: 0x0000000000000000
[09/28/2026-23:30:26] [TRT] [V] =============== Computing costs for /model.8/m.0/cv2/conv/Conv
[09/28/2026-23:30:26] [TRT] [V] *************** Autotuning format combination: Float(51200,400,20,1) -> Float(51200,400,20,1) ***************
[09/28/2026-23:30:26] [TRT] [V] --------------- Timing Runner: /model.8/m.0/cv2/conv/Conv (CaskConvolution[0x80000009])
[09/28/2026-23:30:26] [TRT] [V] Tactic Name: volta_scudnn_winograd_128x128_ldg1_ldg4_relu_tile148t_nt_v1 Tactic: 0x268494f0a1c83de3 Time: 0.04912
[09/28/2026-23:30:26] [TRT] [V] Tactic: 0x268494f0a1c83de3 A valid tactic is found. Rest of the tactics are skipped.
[09/28/2026-23:30:26] [TRT] [V] >>>>>>>>>>>>>>> Chose Runner Type: CaskConvolution Tactic: 0x268494f0a1c83de3
[09/28/2026-23:30:26] [TRT] [V] =============== Computing costs for PWN(/model.8/m.0/cv2/act/Sigmoid)
[09/28/2026-23:30:26] [TRT] [V] *************** Autotuning format combination: Float(51200,400,20,1) -> Float(51200,400,20,1) ***************
[09/28/2026-23:30:26] [TRT] [V] --------------- Timing Runner: PWN(/model.8/m.0/cv2/act/Sigmoid) (PointWiseV2[0x80000028])
[09/28/2026-23:30:26] [TRT] [V] Tactic: 0x0000000000000000 Time: 0.011296
[09/28/2026-23:30:26] [TRT] [V] Tactic: 0x0000000000000000 A valid tactic is found. Rest of the tactics are skipped.
[09/28/2026-23:30:26] [TRT] [V] >>>>>>>>>>>>>>> Chose Runner Type: PointWiseV2 Tactic: 0x0000000000000000
[09/28/2026-23:30:26] [TRT] [V] =============== Computing costs for /model.8/m.0/cv2/act/Mul
[09/28/2026-23:30:26] [TRT] [V] *************** Autotuning format combination: Float(51200,400,20,1), Float(51200,400,20,1) -> Float(51200,400,20,1) ***************
[09/28/2026-23:30:26] [TRT] [V] --------------- Timing Runner: /model.8/m.0/cv2/act/Mul (MyelinElementWise[0x80000046])
[09/28/2026-23:30:26] [TRT] [V] Disabling gemm+pointwise/reduce fusions at optimization level 0
[09/28/2026-23:30:26] [TRT] [V] Set number of tactics to 1 at optimization level 0
[09/28/2026-23:30:26] [TRT] [V]  (foreignNode) Set user's cuda kernel library
[09/28/2026-23:30:26] [TRT] [V] Subgraph compilation completed in 0.006 seconds.
[09/28/2026-23:30:26] [TRT] [V] Tactic: 0x0000000000000000 Time: 0.026624
[09/28/2026-23:30:26] [TRT] [V] Tactic: 0x0000000000000000 A valid tactic is found. Rest of the tactics are skipped.
[09/28/2026-23:30:26] [TRT] [V] >>>>>>>>>>>>>>> Chose Runner Type: MyelinElementWise Tactic: 0x0000000000000000
[09/28/2026-23:30:26] [TRT] [V] =============== Computing costs for /model.8/m.0/Add
[09/28/2026-23:30:26] [TRT] [V] *************** Autotuning format combination: Float(51200,400,20,1), Float(51200,400,20,1) -> Float(51200,400,20,1) ***************
[09/28/2026-23:30:26] [TRT] [V] --------------- Timing Runner: /model.8/m.0/Add (MyelinElementWise[0x80000046])
[09/28/2026-23:30:26] [TRT] [V] Disabling gemm+pointwise/reduce fusions at optimization level 0
[09/28/2026-23:30:26] [TRT] [V] Set number of tactics to 1 at optimization level 0
[09/28/2026-23:30:26] [TRT] [V]  (foreignNode) Set user's cuda kernel library
[09/28/2026-23:30:26] [TRT] [V] Subgraph compilation completed in 0.04 seconds.
[09/28/2026-23:30:26] [TRT] [V] Tactic: 0x0000000000000000 Time: 0.028928
[09/28/2026-23:30:26] [TRT] [V] Tactic: 0x0000000000000000 A valid tactic is found. Rest of the tactics are skipped.
[09/28/2026-23:30:26] [TRT] [V] >>>>>>>>>>>>>>> Chose Runner Type: MyelinElementWise Tactic: 0x0000000000000000
[09/28/2026-23:30:26] [TRT] [V] =============== Computing costs for /model.8/cv2/conv/Conv
[09/28/2026-23:30:26] [TRT] [V] *************** Autotuning format combination: Float(153600,400,20,1) -> Float(102400,400,20,1) ***************
[09/28/2026-23:30:26] [TRT] [V] --------------- Timing Runner: /model.8/cv2/conv/Conv (CaskConvolution[0x80000009])
[09/28/2026-23:30:26] [TRT] [V] Tactic Name: volta_scudnn_128x128_relu_small_nn_v1 Tactic: 0x365602d0613d4c36 Time: 0.092224
[09/28/2026-23:30:26] [TRT] [V] Tactic: 0x365602d0613d4c36 A valid tactic is found. Rest of the tactics are skipped.
[09/28/2026-23:30:26] [TRT] [V] >>>>>>>>>>>>>>> Chose Runner Type: CaskConvolution Tactic: 0x365602d0613d4c36
[09/28/2026-23:30:26] [TRT] [V] =============== Computing costs for PWN(/model.8/cv2/act/Sigmoid)
[09/28/2026-23:30:26] [TRT] [V] *************** Autotuning format combination: Float(102400,400,20,1) -> Float(102400,400,20,1) ***************
[09/28/2026-23:30:26] [TRT] [V] --------------- Timing Runner: PWN(/model.8/cv2/act/Sigmoid) (PointWiseV2[0x80000028])
[09/28/2026-23:30:26] [TRT] [V] Tactic: 0x0000000000000000 Time: 0.012672
[09/28/2026-23:30:26] [TRT] [V] Tactic: 0x0000000000000000 A valid tactic is found. Rest of the tactics are skipped.
[09/28/2026-23:30:26] [TRT] [V] >>>>>>>>>>>>>>> Chose Runner Type: PointWiseV2 Tactic: 0x0000000000000000
[09/28/2026-23:30:26] [TRT] [V] =============== Computing costs for /model.8/cv2/act/Mul
[09/28/2026-23:30:26] [TRT] [V] *************** Autotuning format combination: Float(102400,400,20,1), Float(102400,400,20,1) -> Float(102400,400,20,1) ***************
[09/28/2026-23:30:26] [TRT] [V] --------------- Timing Runner: /model.8/cv2/act/Mul (MyelinElementWise[0x80000046])
[09/28/2026-23:30:26] [TRT] [V] Disabling gemm+pointwise/reduce fusions at optimization level 0
[09/28/2026-23:30:26] [TRT] [V] Set number of tactics to 1 at optimization level 0
[09/28/2026-23:30:26] [TRT] [V]  (foreignNode) Set user's cuda kernel library
[09/28/2026-23:30:26] [TRT] [V] Subgraph compilation completed in 0.006 seconds.
[09/28/2026-23:30:26] [TRT] [V] Tactic: 0x0000000000000000 Time: 0.028704
[09/28/2026-23:30:26] [TRT] [V] Tactic: 0x0000000000000000 A valid tactic is found. Rest of the tactics are skipped.
[09/28/2026-23:30:26] [TRT] [V] >>>>>>>>>>>>>>> Chose Runner Type: MyelinElementWise Tactic: 0x0000000000000000
[09/28/2026-23:30:26] [TRT] [V] =============== Computing costs for /model.9/cv1/conv/Conv
[09/28/2026-23:30:26] [TRT] [V] *************** Autotuning format combination: Float(102400,400,20,1) -> Float(51200,400,20,1) ***************
[09/28/2026-23:30:26] [TRT] [V] --------------- Timing Runner: /model.9/cv1/conv/Conv (CaskConvolution[0x80000009])
[09/28/2026-23:30:26] [TRT] [V] Tactic Name: volta_scudnn_128x128_relu_small_nn_v1 Tactic: 0x365602d0613d4c36 Time: 0.065408
[09/28/2026-23:30:26] [TRT] [V] Tactic: 0x365602d0613d4c36 A valid tactic is found. Rest of the tactics are skipped.
[09/28/2026-23:30:26] [TRT] [V] >>>>>>>>>>>>>>> Chose Runner Type: CaskConvolution Tactic: 0x365602d0613d4c36
[09/28/2026-23:30:26] [TRT] [V] =============== Computing costs for /model.9/m/MaxPool
[09/28/2026-23:30:26] [TRT] [V] *************** Autotuning format combination: Float(51200,400,20,1) -> Float(51200,400,20,1) ***************
[09/28/2026-23:30:26] [TRT] [V] --------------- Timing Runner: /model.9/m/MaxPool (CaskPooling[0x8000002f])
[09/28/2026-23:30:26] [TRT] [V] Tactic Name: sm50_xmma_pooling_nd_NCDHW_kMAX_kGENERIC_3D_POOLING_MODE_kFLOAT_0 Tactic: 0x5faf4a0a8a5670ed Time: 0.018528
[09/28/2026-23:30:26] [TRT] [V] Tactic: 0x5faf4a0a8a5670ed A valid tactic is found. Rest of the tactics are skipped.
[09/28/2026-23:30:26] [TRT] [V] >>>>>>>>>>>>>>> Chose Runner Type: CaskPooling Tactic: 0x5faf4a0a8a5670ed
[09/28/2026-23:30:26] [TRT] [V] =============== Computing costs for /model.9/m_1/MaxPool
[09/28/2026-23:30:26] [TRT] [V] *************** Autotuning format combination: Float(51200,400,20,1) -> Float(51200,400,20,1) ***************
[09/28/2026-23:30:26] [TRT] [V] --------------- Timing Runner: /model.9/m_1/MaxPool (CaskPooling[0x8000002f])
[09/28/2026-23:30:26] [TRT] [V] Tactic Name: sm50_xmma_pooling_nd_NCDHW_kMAX_kGENERIC_3D_POOLING_MODE_kFLOAT_0 Tactic: 0x5faf4a0a8a5670ed Time: 0.013408
[09/28/2026-23:30:26] [TRT] [V] Tactic: 0x5faf4a0a8a5670ed A valid tactic is found. Rest of the tactics are skipped.
[09/28/2026-23:30:26] [TRT] [V] >>>>>>>>>>>>>>> Chose Runner Type: CaskPooling Tactic: 0x5faf4a0a8a5670ed
[09/28/2026-23:30:26] [TRT] [V] =============== Computing costs for /model.9/m_2/MaxPool
[09/28/2026-23:30:26] [TRT] [V] *************** Autotuning format combination: Float(51200,400,20,1) -> Float(51200,400,20,1) ***************
[09/28/2026-23:30:26] [TRT] [V] --------------- Timing Runner: /model.9/m_2/MaxPool (CaskPooling[0x8000002f])
[09/28/2026-23:30:26] [TRT] [V] Tactic Name: sm50_xmma_pooling_nd_NCDHW_kMAX_kGENERIC_3D_POOLING_MODE_kFLOAT_0 Tactic: 0x5faf4a0a8a5670ed Time: 0.010048
[09/28/2026-23:30:26] [TRT] [V] Tactic: 0x5faf4a0a8a5670ed A valid tactic is found. Rest of the tactics are skipped.
[09/28/2026-23:30:26] [TRT] [V] >>>>>>>>>>>>>>> Chose Runner Type: CaskPooling Tactic: 0x5faf4a0a8a5670ed
[09/28/2026-23:30:26] [TRT] [V] =============== Computing costs for /model.9/cv2/conv/Conv
[09/28/2026-23:30:26] [TRT] [V] *************** Autotuning format combination: Float(204800,400,20,1) -> Float(102400,400,20,1) ***************
[09/28/2026-23:30:26] [TRT] [V] --------------- Timing Runner: /model.9/cv2/conv/Conv (CaskConvolution[0x80000009])
[09/28/2026-23:30:26] [TRT] [V] Tactic Name: volta_scudnn_128x128_relu_small_nn_v1 Tactic: 0x365602d0613d4c36 Time: 0.118848
[09/28/2026-23:30:26] [TRT] [V] Tactic: 0x365602d0613d4c36 A valid tactic is found. Rest of the tactics are skipped.
[09/28/2026-23:30:26] [TRT] [V] >>>>>>>>>>>>>>> Chose Runner Type: CaskConvolution Tactic: 0x365602d0613d4c36
[09/28/2026-23:30:26] [TRT] [V] =============== Computing costs for PWN(/model.9/cv2/act/Sigmoid)
[09/28/2026-23:30:26] [TRT] [V] *************** Autotuning format combination: Float(102400,400,20,1) -> Float(102400,400,20,1) ***************
[09/28/2026-23:30:26] [TRT] [V] --------------- Timing Runner: PWN(/model.9/cv2/act/Sigmoid) (PointWiseV2[0x80000028])
[09/28/2026-23:30:26] [TRT] [V] Tactic: 0x0000000000000000 Time: 0.012288
[09/28/2026-23:30:26] [TRT] [V] Tactic: 0x0000000000000000 A valid tactic is found. Rest of the tactics are skipped.
[09/28/2026-23:30:26] [TRT] [V] >>>>>>>>>>>>>>> Chose Runner Type: PointWiseV2 Tactic: 0x0000000000000000
[09/28/2026-23:30:26] [TRT] [V] =============== Computing costs for /model.9/cv2/act/Mul
[09/28/2026-23:30:26] [TRT] [V] *************** Autotuning format combination: Float(102400,400,20,1), Float(102400,400,20,1) -> Float(102400,400,20,1) ***************
[09/28/2026-23:30:26] [TRT] [V] --------------- Timing Runner: /model.9/cv2/act/Mul (MyelinElementWise[0x80000046])
[09/28/2026-23:30:26] [TRT] [V] Disabling gemm+pointwise/reduce fusions at optimization level 0
[09/28/2026-23:30:26] [TRT] [V] Set number of tactics to 1 at optimization level 0
[09/28/2026-23:30:26] [TRT] [V]  (foreignNode) Set user's cuda kernel library
[09/28/2026-23:30:26] [TRT] [V] Subgraph compilation completed in 0.007 seconds.
[09/28/2026-23:30:26] [TRT] [V] Tactic: 0x0000000000000000 Time: 0.028096
[09/28/2026-23:30:26] [TRT] [V] Tactic: 0x0000000000000000 A valid tactic is found. Rest of the tactics are skipped.
[09/28/2026-23:30:26] [TRT] [V] >>>>>>>>>>>>>>> Chose Runner Type: MyelinElementWise Tactic: 0x0000000000000000
[09/28/2026-23:30:26] [TRT] [V] =============== Computing costs for /model.10/Resize
[09/28/2026-23:30:26] [TRT] [V] *************** Autotuning format combination: Float(102400,400,20,1) -> Float(409600,1600,40,1) ***************
[09/28/2026-23:30:26] [TRT] [V] --------------- Timing Runner: /model.10/Resize (Resize[0x8000001f])
[09/28/2026-23:30:26] [TRT] [V] Tactic: 0x0000000000000000 Time: 0.03072
[09/28/2026-23:30:26] [TRT] [V] Tactic: 0x0000000000000000 A valid tactic is found. Rest of the tactics are skipped.
[09/28/2026-23:30:26] [TRT] [V] >>>>>>>>>>>>>>> Chose Runner Type: Resize Tactic: 0x0000000000000000
[09/28/2026-23:30:26] [TRT] [V] =============== Computing costs for /model.12/cv1/conv/Conv
[09/28/2026-23:30:26] [TRT] [V] *************** Autotuning format combination: Float(614400,1600,40,1) -> Float(204800,1600,40,1) ***************
[09/28/2026-23:30:26] [TRT] [V] --------------- Timing Runner: /model.12/cv1/conv/Conv (CaskConvolution[0x80000009])
[09/28/2026-23:30:26] [TRT] [V] Tactic Name: volta_scudnn_128x128_relu_small_nn_v1 Tactic: 0x365602d0613d4c36 Time: 0.091872
[09/28/2026-23:30:26] [TRT] [V] Tactic: 0x365602d0613d4c36 A valid tactic is found. Rest of the tactics are skipped.
[09/28/2026-23:30:26] [TRT] [V] >>>>>>>>>>>>>>> Chose Runner Type: CaskConvolution Tactic: 0x365602d0613d4c36
[09/28/2026-23:30:26] [TRT] [V] =============== Computing costs for PWN(/model.12/cv1/act/Sigmoid)
[09/28/2026-23:30:26] [TRT] [V] *************** Autotuning format combination: Float(204800,1600,40,1) -> Float(204800,1600,40,1) ***************
[09/28/2026-23:30:26] [TRT] [V] --------------- Timing Runner: PWN(/model.12/cv1/act/Sigmoid) (PointWiseV2[0x80000028])
[09/28/2026-23:30:26] [TRT] [V] Tactic: 0x0000000000000000 Time: 0.013984
[09/28/2026-23:30:26] [TRT] [V] Tactic: 0x0000000000000000 A valid tactic is found. Rest of the tactics are skipped.
[09/28/2026-23:30:26] [TRT] [V] >>>>>>>>>>>>>>> Chose Runner Type: PointWiseV2 Tactic: 0x0000000000000000
[09/28/2026-23:30:26] [TRT] [V] =============== Computing costs for /model.12/cv1/act/Mul
[09/28/2026-23:30:26] [TRT] [V] *************** Autotuning format combination: Float(204800,1600,40,1), Float(204800,1600,40,1) -> Float(204800,1600,40,1) ***************
[09/28/2026-23:30:26] [TRT] [V] --------------- Timing Runner: /model.12/cv1/act/Mul (MyelinElementWise[0x80000046])
[09/28/2026-23:30:26] [TRT] [V] Disabling gemm+pointwise/reduce fusions at optimization level 0
[09/28/2026-23:30:26] [TRT] [V] Set number of tactics to 1 at optimization level 0
[09/28/2026-23:30:26] [TRT] [V]  (foreignNode) Set user's cuda kernel library
[09/28/2026-23:30:26] [TRT] [V] Subgraph compilation completed in 0.006 seconds.
[09/28/2026-23:30:26] [TRT] [V] Tactic: 0x0000000000000000 Time: 0.024576
[09/28/2026-23:30:26] [TRT] [V] Tactic: 0x0000000000000000 A valid tactic is found. Rest of the tactics are skipped.
[09/28/2026-23:30:26] [TRT] [V] >>>>>>>>>>>>>>> Chose Runner Type: MyelinElementWise Tactic: 0x0000000000000000
[09/28/2026-23:30:26] [TRT] [V] =============== Computing costs for /model.12/Split
[09/28/2026-23:30:26] [TRT] [V] *************** Autotuning format combination: Float(204800,1600,40,1) -> Float(102400,1600,40,1) ***************
[09/28/2026-23:30:26] [TRT] [V] Skipping Padding: No valid tactics for /model.12/Split
[09/28/2026-23:30:26] [TRT] [V] --------------- Timing Runner: /model.12/Split (Slice[0x8000001b])
[09/28/2026-23:30:26] [TRT] [V] Tactic: 0x0000000000000000 Time: 0.012288
[09/28/2026-23:30:26] [TRT] [V] Tactic: 0x0000000000000000 A valid tactic is found. Rest of the tactics are skipped.
[09/28/2026-23:30:26] [TRT] [V] >>>>>>>>>>>>>>> Chose Runner Type: Slice Tactic: 0x0000000000000000
[09/28/2026-23:30:26] [TRT] [V] =============== Computing costs for /model.12/Split_13
[09/28/2026-23:30:26] [TRT] [V] *************** Autotuning format combination: Float(204800,1600,40,1) -> Float(102400,1600,40,1) ***************
[09/28/2026-23:30:26] [TRT] [V] Skipping Padding: No valid tactics for /model.12/Split_13
[09/28/2026-23:30:26] [TRT] [V] --------------- Timing Runner: /model.12/Split_13 (Slice[0x8000001b])
[09/28/2026-23:30:26] [TRT] [V] Tactic: 0x0000000000000000 Time: 0.0064
[09/28/2026-23:30:26] [TRT] [V] Tactic: 0x0000000000000000 A valid tactic is found. Rest of the tactics are skipped.
[09/28/2026-23:30:26] [TRT] [V] >>>>>>>>>>>>>>> Chose Runner Type: Slice Tactic: 0x0000000000000000
[09/28/2026-23:30:26] [TRT] [V] =============== Computing costs for /model.12/m.0/cv1/conv/Conv
[09/28/2026-23:30:26] [TRT] [V] *************** Autotuning format combination: Float(102400,1600,40,1) -> Float(102400,1600,40,1) ***************
[09/28/2026-23:30:26] [TRT] [V] --------------- Timing Runner: /model.12/m.0/cv1/conv/Conv (CaskConvolution[0x80000009])
[09/28/2026-23:30:26] [TRT] [V] Tactic Name: volta_scudnn_winograd_128x128_ldg1_ldg4_relu_tile148t_nt_v1 Tactic: 0x268494f0a1c83de3 Time: 0.033696
[09/28/2026-23:30:26] [TRT] [V] Tactic: 0x268494f0a1c83de3 A valid tactic is found. Rest of the tactics are skipped.
[09/28/2026-23:30:26] [TRT] [V] >>>>>>>>>>>>>>> Chose Runner Type: CaskConvolution Tactic: 0x268494f0a1c83de3
[09/28/2026-23:30:26] [TRT] [V] =============== Computing costs for PWN(/model.12/m.0/cv1/act/Sigmoid)
[09/28/2026-23:30:26] [TRT] [V] *************** Autotuning format combination: Float(102400,1600,40,1) -> Float(102400,1600,40,1) ***************
[09/28/2026-23:30:26] [TRT] [V] --------------- Timing Runner: PWN(/model.12/m.0/cv1/act/Sigmoid) (PointWiseV2[0x80000028])
[09/28/2026-23:30:26] [TRT] [V] Tactic: 0x0000000000000000 Time: 0.010336
[09/28/2026-23:30:26] [TRT] [V] Tactic: 0x0000000000000000 A valid tactic is found. Rest of the tactics are skipped.
[09/28/2026-23:30:26] [TRT] [V] >>>>>>>>>>>>>>> Chose Runner Type: PointWiseV2 Tactic: 0x0000000000000000
[09/28/2026-23:30:26] [TRT] [V] =============== Computing costs for /model.12/m.0/cv1/act/Mul
[09/28/2026-23:30:26] [TRT] [V] *************** Autotuning format combination: Float(102400,1600,40,1), Float(102400,1600,40,1) -> Float(102400,1600,40,1) ***************
[09/28/2026-23:30:26] [TRT] [V] --------------- Timing Runner: /model.12/m.0/cv1/act/Mul (MyelinElementWise[0x80000046])
[09/28/2026-23:30:26] [TRT] [V] Disabling gemm+pointwise/reduce fusions at optimization level 0
[09/28/2026-23:30:26] [TRT] [V] Set number of tactics to 1 at optimization level 0
[09/28/2026-23:30:26] [TRT] [V]  (foreignNode) Set user's cuda kernel library
[09/28/2026-23:30:26] [TRT] [V] Subgraph compilation completed in 0.006 seconds.
[09/28/2026-23:30:26] [TRT] [V] Tactic: 0x0000000000000000 Time: 0.02576
[09/28/2026-23:30:26] [TRT] [V] Tactic: 0x0000000000000000 A valid tactic is found. Rest of the tactics are skipped.
[09/28/2026-23:30:26] [TRT] [V] >>>>>>>>>>>>>>> Chose Runner Type: MyelinElementWise Tactic: 0x0000000000000000
[09/28/2026-23:30:26] [TRT] [V] =============== Computing costs for /model.12/m.0/cv2/conv/Conv
[09/28/2026-23:30:26] [TRT] [V] *************** Autotuning format combination: Float(102400,1600,40,1) -> Float(102400,1600,40,1) ***************
[09/28/2026-23:30:26] [TRT] [V] --------------- Timing Runner: /model.12/m.0/cv2/conv/Conv (CaskConvolution[0x80000009])
[09/28/2026-23:30:26] [TRT] [V] Tactic Name: volta_scudnn_winograd_128x128_ldg1_ldg4_relu_tile148t_nt_v1 Tactic: 0x268494f0a1c83de3 Time: 0.034816
[09/28/2026-23:30:26] [TRT] [V] Tactic: 0x268494f0a1c83de3 A valid tactic is found. Rest of the tactics are skipped.
[09/28/2026-23:30:26] [TRT] [V] >>>>>>>>>>>>>>> Chose Runner Type: CaskConvolution Tactic: 0x268494f0a1c83de3
[09/28/2026-23:30:26] [TRT] [V] =============== Computing costs for PWN(/model.12/m.0/cv2/act/Sigmoid)
[09/28/2026-23:30:26] [TRT] [V] *************** Autotuning format combination: Float(102400,1600,40,1) -> Float(102400,1600,40,1) ***************
[09/28/2026-23:30:26] [TRT] [V] --------------- Timing Runner: PWN(/model.12/m.0/cv2/act/Sigmoid) (PointWiseV2[0x80000028])
[09/28/2026-23:30:26] [TRT] [V] Tactic: 0x0000000000000000 Time: 0.01072
[09/28/2026-23:30:26] [TRT] [V] Tactic: 0x0000000000000000 A valid tactic is found. Rest of the tactics are skipped.
[09/28/2026-23:30:26] [TRT] [V] >>>>>>>>>>>>>>> Chose Runner Type: PointWiseV2 Tactic: 0x0000000000000000
[09/28/2026-23:30:26] [TRT] [V] =============== Computing costs for /model.12/m.0/cv2/act/Mul
[09/28/2026-23:30:26] [TRT] [V] *************** Autotuning format combination: Float(102400,1600,40,1), Float(102400,1600,40,1) -> Float(102400,1600,40,1) ***************
[09/28/2026-23:30:26] [TRT] [V] --------------- Timing Runner: /model.12/m.0/cv2/act/Mul (MyelinElementWise[0x80000046])
[09/28/2026-23:30:26] [TRT] [V] Disabling gemm+pointwise/reduce fusions at optimization level 0
[09/28/2026-23:30:26] [TRT] [V] Set number of tactics to 1 at optimization level 0
[09/28/2026-23:30:26] [TRT] [V]  (foreignNode) Set user's cuda kernel library
[09/28/2026-23:30:26] [TRT] [V] Subgraph compilation completed in 0.006 seconds.
[09/28/2026-23:30:26] [TRT] [V] Tactic: 0x0000000000000000 Time: 0.028736
[09/28/2026-23:30:26] [TRT] [V] Tactic: 0x0000000000000000 A valid tactic is found. Rest of the tactics are skipped.
[09/28/2026-23:30:26] [TRT] [V] >>>>>>>>>>>>>>> Chose Runner Type: MyelinElementWise Tactic: 0x0000000000000000
[09/28/2026-23:30:26] [TRT] [V] =============== Computing costs for /model.12/cv2/conv/Conv
[09/28/2026-23:30:26] [TRT] [V] *************** Autotuning format combination: Float(307200,1600,40,1) -> Float(204800,1600,40,1) ***************
[09/28/2026-23:30:26] [TRT] [V] --------------- Timing Runner: /model.12/cv2/conv/Conv (CaskConvolution[0x80000009])
[09/28/2026-23:30:26] [TRT] [V] Tactic Name: volta_scudnn_128x128_relu_small_nn_v1 Tactic: 0x365602d0613d4c36 Time: 0.055296
[09/28/2026-23:30:26] [TRT] [V] Tactic: 0x365602d0613d4c36 A valid tactic is found. Rest of the tactics are skipped.
[09/28/2026-23:30:26] [TRT] [V] >>>>>>>>>>>>>>> Chose Runner Type: CaskConvolution Tactic: 0x365602d0613d4c36
[09/28/2026-23:30:26] [TRT] [V] =============== Computing costs for PWN(/model.12/cv2/act/Sigmoid)
[09/28/2026-23:30:26] [TRT] [V] *************** Autotuning format combination: Float(204800,1600,40,1) -> Float(204800,1600,40,1) ***************
[09/28/2026-23:30:26] [TRT] [V] --------------- Timing Runner: PWN(/model.12/cv2/act/Sigmoid) (PointWiseV2[0x80000028])
[09/28/2026-23:30:26] [TRT] [V] Tactic: 0x0000000000000000 Time: 0.012
[09/28/2026-23:30:26] [TRT] [V] Tactic: 0x0000000000000000 A valid tactic is found. Rest of the tactics are skipped.
[09/28/2026-23:30:26] [TRT] [V] >>>>>>>>>>>>>>> Chose Runner Type: PointWiseV2 Tactic: 0x0000000000000000
[09/28/2026-23:30:26] [TRT] [V] =============== Computing costs for /model.12/cv2/act/Mul
[09/28/2026-23:30:26] [TRT] [V] *************** Autotuning format combination: Float(204800,1600,40,1), Float(204800,1600,40,1) -> Float(204800,1600,40,1) ***************
[09/28/2026-23:30:26] [TRT] [V] --------------- Timing Runner: /model.12/cv2/act/Mul (MyelinElementWise[0x80000046])
[09/28/2026-23:30:26] [TRT] [V] Disabling gemm+pointwise/reduce fusions at optimization level 0
[09/28/2026-23:30:26] [TRT] [V] Set number of tactics to 1 at optimization level 0
[09/28/2026-23:30:26] [TRT] [V]  (foreignNode) Set user's cuda kernel library
[09/28/2026-23:30:26] [TRT] [V] Subgraph compilation completed in 0.006 seconds.
[09/28/2026-23:30:26] [TRT] [V] Tactic: 0x0000000000000000 Time: 0.025248
[09/28/2026-23:30:26] [TRT] [V] Tactic: 0x0000000000000000 A valid tactic is found. Rest of the tactics are skipped.
[09/28/2026-23:30:26] [TRT] [V] >>>>>>>>>>>>>>> Chose Runner Type: MyelinElementWise Tactic: 0x0000000000000000
[09/28/2026-23:30:26] [TRT] [V] =============== Computing costs for /model.13/Resize
[09/28/2026-23:30:26] [TRT] [V] *************** Autotuning format combination: Float(204800,1600,40,1) -> Float(819200,6400,80,1) ***************
[09/28/2026-23:30:26] [TRT] [V] --------------- Timing Runner: /model.13/Resize (Resize[0x8000001f])
[09/28/2026-23:30:26] [TRT] [V] Tactic: 0x0000000000000000 Time: 0.016384
[09/28/2026-23:30:26] [TRT] [V] Tactic: 0x0000000000000000 A valid tactic is found. Rest of the tactics are skipped.
[09/28/2026-23:30:26] [TRT] [V] >>>>>>>>>>>>>>> Chose Runner Type: Resize Tactic: 0x0000000000000000
[09/28/2026-23:30:26] [TRT] [V] =============== Computing costs for /model.15/cv1/conv/Conv
[09/28/2026-23:30:26] [TRT] [V] *************** Autotuning format combination: Float(1228800,6400,80,1) -> Float(409600,6400,80,1) ***************
[09/28/2026-23:30:26] [TRT] [V] --------------- Timing Runner: /model.15/cv1/conv/Conv (CaskConvolution[0x80000009])
[09/28/2026-23:30:26] [TRT] [V] Tactic Name: volta_scudnn_128x128_relu_small_nn_v1 Tactic: 0x365602d0613d4c36 Time: 0.05568
[09/28/2026-23:30:26] [TRT] [V] Tactic: 0x365602d0613d4c36 A valid tactic is found. Rest of the tactics are skipped.
[09/28/2026-23:30:26] [TRT] [V] >>>>>>>>>>>>>>> Chose Runner Type: CaskConvolution Tactic: 0x365602d0613d4c36
[09/28/2026-23:30:26] [TRT] [V] =============== Computing costs for PWN(/model.15/cv1/act/Sigmoid)
[09/28/2026-23:30:26] [TRT] [V] *************** Autotuning format combination: Float(409600,6400,80,1) -> Float(409600,6400,80,1) ***************
[09/28/2026-23:30:26] [TRT] [V] --------------- Timing Runner: PWN(/model.15/cv1/act/Sigmoid) (PointWiseV2[0x80000028])
[09/28/2026-23:30:26] [TRT] [V] Tactic: 0x0000000000000000 Time: 0.013824
[09/28/2026-23:30:26] [TRT] [V] Tactic: 0x0000000000000000 A valid tactic is found. Rest of the tactics are skipped.
[09/28/2026-23:30:26] [TRT] [V] >>>>>>>>>>>>>>> Chose Runner Type: PointWiseV2 Tactic: 0x0000000000000000
[09/28/2026-23:30:26] [TRT] [V] =============== Computing costs for /model.15/cv1/act/Mul
[09/28/2026-23:30:26] [TRT] [V] *************** Autotuning format combination: Float(409600,6400,80,1), Float(409600,6400,80,1) -> Float(409600,6400,80,1) ***************
[09/28/2026-23:30:26] [TRT] [V] --------------- Timing Runner: /model.15/cv1/act/Mul (MyelinElementWise[0x80000046])
[09/28/2026-23:30:26] [TRT] [V] Disabling gemm+pointwise/reduce fusions at optimization level 0
[09/28/2026-23:30:26] [TRT] [V] Set number of tactics to 1 at optimization level 0
[09/28/2026-23:30:26] [TRT] [V]  (foreignNode) Set user's cuda kernel library
[09/28/2026-23:30:26] [TRT] [V] Subgraph compilation completed in 0.006 seconds.
[09/28/2026-23:30:26] [TRT] [V] Tactic: 0x0000000000000000 Time: 0.024576
[09/28/2026-23:30:26] [TRT] [V] Tactic: 0x0000000000000000 A valid tactic is found. Rest of the tactics are skipped.
[09/28/2026-23:30:26] [TRT] [V] >>>>>>>>>>>>>>> Chose Runner Type: MyelinElementWise Tactic: 0x0000000000000000
[09/28/2026-23:30:26] [TRT] [V] =============== Computing costs for /model.15/Split
[09/28/2026-23:30:26] [TRT] [V] *************** Autotuning format combination: Float(409600,6400,80,1) -> Float(204800,6400,80,1) ***************
[09/28/2026-23:30:26] [TRT] [V] Skipping Padding: No valid tactics for /model.15/Split
[09/28/2026-23:30:26] [TRT] [V] --------------- Timing Runner: /model.15/Split (Slice[0x8000001b])
[09/28/2026-23:30:26] [TRT] [V] Tactic: 0x0000000000000000 Time: 0.014368
[09/28/2026-23:30:26] [TRT] [V] Tactic: 0x0000000000000000 A valid tactic is found. Rest of the tactics are skipped.
[09/28/2026-23:30:26] [TRT] [V] >>>>>>>>>>>>>>> Chose Runner Type: Slice Tactic: 0x0000000000000000
[09/28/2026-23:30:26] [TRT] [V] =============== Computing costs for /model.15/Split_16
[09/28/2026-23:30:26] [TRT] [V] *************** Autotuning format combination: Float(409600,6400,80,1) -> Float(204800,6400,80,1) ***************
[09/28/2026-23:30:26] [TRT] [V] Skipping Padding: No valid tactics for /model.15/Split_16
[09/28/2026-23:30:26] [TRT] [V] --------------- Timing Runner: /model.15/Split_16 (Slice[0x8000001b])
[09/28/2026-23:30:26] [TRT] [V] Tactic: 0x0000000000000000 Time: 0.008192
[09/28/2026-23:30:26] [TRT] [V] Tactic: 0x0000000000000000 A valid tactic is found. Rest of the tactics are skipped.
[09/28/2026-23:30:26] [TRT] [V] >>>>>>>>>>>>>>> Chose Runner Type: Slice Tactic: 0x0000000000000000
[09/28/2026-23:30:26] [TRT] [V] =============== Computing costs for /model.15/m.0/cv1/conv/Conv
[09/28/2026-23:30:26] [TRT] [V] *************** Autotuning format combination: Float(204800,6400,80,1) -> Float(204800,6400,80,1) ***************
[09/28/2026-23:30:26] [TRT] [V] --------------- Timing Runner: /model.15/m.0/cv1/conv/Conv (CaskConvolution[0x80000009])
[09/28/2026-23:30:26] [TRT] [V] Tactic Name: volta_scudnn_winograd_128x128_ldg1_ldg4_relu_tile148t_nt_v1 Tactic: 0x268494f0a1c83de3 Time: 0.026624
[09/28/2026-23:30:26] [TRT] [V] Tactic: 0x268494f0a1c83de3 A valid tactic is found. Rest of the tactics are skipped.
[09/28/2026-23:30:26] [TRT] [V] >>>>>>>>>>>>>>> Chose Runner Type: CaskConvolution Tactic: 0x268494f0a1c83de3
[09/28/2026-23:30:26] [TRT] [V] =============== Computing costs for PWN(/model.15/m.0/cv1/act/Sigmoid)
[09/28/2026-23:30:26] [TRT] [V] *************** Autotuning format combination: Float(204800,6400,80,1) -> Float(204800,6400,80,1) ***************
[09/28/2026-23:30:26] [TRT] [V] --------------- Timing Runner: PWN(/model.15/m.0/cv1/act/Sigmoid) (PointWiseV2[0x80000028])
[09/28/2026-23:30:26] [TRT] [V] Tactic: 0x0000000000000000 Time: 0.013056
[09/28/2026-23:30:26] [TRT] [V] Tactic: 0x0000000000000000 A valid tactic is found. Rest of the tactics are skipped.
[09/28/2026-23:30:26] [TRT] [V] >>>>>>>>>>>>>>> Chose Runner Type: PointWiseV2 Tactic: 0x0000000000000000
[09/28/2026-23:30:26] [TRT] [V] =============== Computing costs for /model.15/m.0/cv1/act/Mul
[09/28/2026-23:30:26] [TRT] [V] *************** Autotuning format combination: Float(204800,6400,80,1), Float(204800,6400,80,1) -> Float(204800,6400,80,1) ***************
[09/28/2026-23:30:26] [TRT] [V] --------------- Timing Runner: /model.15/m.0/cv1/act/Mul (MyelinElementWise[0x80000046])
[09/28/2026-23:30:26] [TRT] [V] Disabling gemm+pointwise/reduce fusions at optimization level 0
[09/28/2026-23:30:26] [TRT] [V] Set number of tactics to 1 at optimization level 0
[09/28/2026-23:30:26] [TRT] [V]  (foreignNode) Set user's cuda kernel library
[09/28/2026-23:30:26] [TRT] [V] Subgraph compilation completed in 0.006 seconds.
[09/28/2026-23:30:26] [TRT] [V] Tactic: 0x0000000000000000 Time: 0.026112
[09/28/2026-23:30:26] [TRT] [V] Tactic: 0x0000000000000000 A valid tactic is found. Rest of the tactics are skipped.
[09/28/2026-23:30:26] [TRT] [V] >>>>>>>>>>>>>>> Chose Runner Type: MyelinElementWise Tactic: 0x0000000000000000
[09/28/2026-23:30:26] [TRT] [V] =============== Computing costs for /model.15/m.0/cv2/conv/Conv
[09/28/2026-23:30:26] [TRT] [V] *************** Autotuning format combination: Float(204800,6400,80,1) -> Float(204800,6400,80,1) ***************
[09/28/2026-23:30:26] [TRT] [V] --------------- Timing Runner: /model.15/m.0/cv2/conv/Conv (CaskConvolution[0x80000009])
[09/28/2026-23:30:26] [TRT] [V] Tactic Name: volta_scudnn_winograd_128x128_ldg1_ldg4_relu_tile148t_nt_v1 Tactic: 0x268494f0a1c83de3 Time: 0.027584
[09/28/2026-23:30:26] [TRT] [V] Tactic: 0x268494f0a1c83de3 A valid tactic is found. Rest of the tactics are skipped.
[09/28/2026-23:30:26] [TRT] [V] >>>>>>>>>>>>>>> Chose Runner Type: CaskConvolution Tactic: 0x268494f0a1c83de3
[09/28/2026-23:30:26] [TRT] [V] =============== Computing costs for PWN(/model.15/m.0/cv2/act/Sigmoid)
[09/28/2026-23:30:26] [TRT] [V] *************** Autotuning format combination: Float(204800,6400,80,1) -> Float(204800,6400,80,1) ***************
[09/28/2026-23:30:26] [TRT] [V] --------------- Timing Runner: PWN(/model.15/m.0/cv2/act/Sigmoid) (PointWiseV2[0x80000028])
[09/28/2026-23:30:26] [TRT] [V] Tactic: 0x0000000000000000 Time: 0.01216
[09/28/2026-23:30:26] [TRT] [V] Tactic: 0x0000000000000000 A valid tactic is found. Rest of the tactics are skipped.
[09/28/2026-23:30:26] [TRT] [V] >>>>>>>>>>>>>>> Chose Runner Type: PointWiseV2 Tactic: 0x0000000000000000
[09/28/2026-23:30:26] [TRT] [V] =============== Computing costs for /model.15/m.0/cv2/act/Mul
[09/28/2026-23:30:26] [TRT] [V] *************** Autotuning format combination: Float(204800,6400,80,1), Float(204800,6400,80,1) -> Float(204800,6400,80,1) ***************
[09/28/2026-23:30:26] [TRT] [V] --------------- Timing Runner: /model.15/m.0/cv2/act/Mul (MyelinElementWise[0x80000046])
[09/28/2026-23:30:26] [TRT] [V] Disabling gemm+pointwise/reduce fusions at optimization level 0
[09/28/2026-23:30:26] [TRT] [V] Set number of tactics to 1 at optimization level 0
[09/28/2026-23:30:26] [TRT] [V]  (foreignNode) Set user's cuda kernel library
[09/28/2026-23:30:26] [TRT] [V] Subgraph compilation completed in 0.006 seconds.
[09/28/2026-23:30:26] [TRT] [V] Tactic: 0x0000000000000000 Time: 0.02352
[09/28/2026-23:30:26] [TRT] [V] Tactic: 0x0000000000000000 A valid tactic is found. Rest of the tactics are skipped.
[09/28/2026-23:30:26] [TRT] [V] >>>>>>>>>>>>>>> Chose Runner Type: MyelinElementWise Tactic: 0x0000000000000000
[09/28/2026-23:30:26] [TRT] [V] =============== Computing costs for /model.15/cv2/conv/Conv
[09/28/2026-23:30:26] [TRT] [V] *************** Autotuning format combination: Float(614400,6400,80,1) -> Float(409600,6400,80,1) ***************
[09/28/2026-23:30:26] [TRT] [V] --------------- Timing Runner: /model.15/cv2/conv/Conv (CaskConvolution[0x80000009])
[09/28/2026-23:30:26] [TRT] [V] Tactic Name: volta_scudnn_128x128_relu_small_nn_v1 Tactic: 0x365602d0613d4c36 Time: 0.037024
[09/28/2026-23:30:26] [TRT] [V] Tactic: 0x365602d0613d4c36 A valid tactic is found. Rest of the tactics are skipped.
[09/28/2026-23:30:26] [TRT] [V] >>>>>>>>>>>>>>> Chose Runner Type: CaskConvolution Tactic: 0x365602d0613d4c36
[09/28/2026-23:30:26] [TRT] [V] =============== Computing costs for PWN(/model.15/cv2/act/Sigmoid)
[09/28/2026-23:30:26] [TRT] [V] *************** Autotuning format combination: Float(409600,6400,80,1) -> Float(409600,6400,80,1) ***************
[09/28/2026-23:30:26] [TRT] [V] --------------- Timing Runner: PWN(/model.15/cv2/act/Sigmoid) (PointWiseV2[0x80000028])
[09/28/2026-23:30:26] [TRT] [V] Tactic: 0x0000000000000000 Time: 0.014336
[09/28/2026-23:30:26] [TRT] [V] Tactic: 0x0000000000000000 A valid tactic is found. Rest of the tactics are skipped.
[09/28/2026-23:30:26] [TRT] [V] >>>>>>>>>>>>>>> Chose Runner Type: PointWiseV2 Tactic: 0x0000000000000000
[09/28/2026-23:30:26] [TRT] [V] =============== Computing costs for /model.15/cv2/act/Mul
[09/28/2026-23:30:26] [TRT] [V] *************** Autotuning format combination: Float(409600,6400,80,1), Float(409600,6400,80,1) -> Float(409600,6400,80,1) ***************
[09/28/2026-23:30:26] [TRT] [V] --------------- Timing Runner: /model.15/cv2/act/Mul (MyelinElementWise[0x80000046])
[09/28/2026-23:30:26] [TRT] [V] Disabling gemm+pointwise/reduce fusions at optimization level 0
[09/28/2026-23:30:26] [TRT] [V] Set number of tactics to 1 at optimization level 0
[09/28/2026-23:30:26] [TRT] [V]  (foreignNode) Set user's cuda kernel library
[09/28/2026-23:30:26] [TRT] [V] Subgraph compilation completed in 0.006 seconds.
[09/28/2026-23:30:26] [TRT] [V] Tactic: 0x0000000000000000 Time: 0.028032
[09/28/2026-23:30:26] [TRT] [V] Tactic: 0x0000000000000000 A valid tactic is found. Rest of the tactics are skipped.
[09/28/2026-23:30:26] [TRT] [V] >>>>>>>>>>>>>>> Chose Runner Type: MyelinElementWise Tactic: 0x0000000000000000
[09/28/2026-23:30:26] [TRT] [V] =============== Computing costs for /model.16/conv/Conv
[09/28/2026-23:30:26] [TRT] [V] *************** Autotuning format combination: Float(409600,6400,80,1) -> Float(102400,1600,40,1) ***************
[09/28/2026-23:30:26] [TRT] [V] --------------- Timing Runner: /model.16/conv/Conv (CaskConvolution[0x80000009])
[09/28/2026-23:30:26] [TRT] [V] Tactic Name: volta_scudnn_128x128_relu_small_nn_v1 Tactic: 0x365602d0613d4c36 Time: 0.126592
[09/28/2026-23:30:26] [TRT] [V] Tactic: 0x365602d0613d4c36 A valid tactic is found. Rest of the tactics are skipped.
[09/28/2026-23:30:26] [TRT] [V] >>>>>>>>>>>>>>> Chose Runner Type: CaskConvolution Tactic: 0x365602d0613d4c36
[09/28/2026-23:30:26] [TRT] [V] =============== Computing costs for /model.22/cv2.0/cv2.0.0/conv/Conv
[09/28/2026-23:30:26] [TRT] [V] *************** Autotuning format combination: Float(409600,6400,80,1) -> Float(409600,6400,80,1) ***************
[09/28/2026-23:30:26] [TRT] [V] --------------- Timing Runner: /model.22/cv2.0/cv2.0.0/conv/Conv (CaskConvolution[0x80000009])
[09/28/2026-23:30:26] [TRT] [V] Tactic Name: volta_scudnn_winograd_128x128_ldg1_ldg4_relu_tile148t_nt_v1 Tactic: 0x268494f0a1c83de3 Time: 0.057312
[09/28/2026-23:30:26] [TRT] [V] Tactic: 0x268494f0a1c83de3 A valid tactic is found. Rest of the tactics are skipped.
[09/28/2026-23:30:26] [TRT] [V] >>>>>>>>>>>>>>> Chose Runner Type: CaskConvolution Tactic: 0x268494f0a1c83de3
[09/28/2026-23:30:26] [TRT] [V] =============== Computing costs for /model.22/cv3.0/cv3.0.0/conv/Conv
[09/28/2026-23:30:26] [TRT] [V] *************** Autotuning format combination: Float(409600,6400,80,1) -> Float(409600,6400,80,1) ***************
[09/28/2026-23:30:26] [TRT] [V] --------------- Timing Runner: /model.22/cv3.0/cv3.0.0/conv/Conv (CaskConvolution[0x80000009])
[09/28/2026-23:30:26] [TRT] [V] Tactic Name: volta_scudnn_winograd_128x128_ldg1_ldg4_relu_tile148t_nt_v1 Tactic: 0x268494f0a1c83de3 Time: 0.063392
[09/28/2026-23:30:26] [TRT] [V] Tactic: 0x268494f0a1c83de3 A valid tactic is found. Rest of the tactics are skipped.
[09/28/2026-23:30:26] [TRT] [V] >>>>>>>>>>>>>>> Chose Runner Type: CaskConvolution Tactic: 0x268494f0a1c83de3
[09/28/2026-23:30:26] [TRT] [V] =============== Computing costs for PWN(/model.16/act/Sigmoid)
[09/28/2026-23:30:26] [TRT] [V] *************** Autotuning format combination: Float(102400,1600,40,1) -> Float(102400,1600,40,1) ***************
[09/28/2026-23:30:26] [TRT] [V] --------------- Timing Runner: PWN(/model.16/act/Sigmoid) (PointWiseV2[0x80000028])
[09/28/2026-23:30:26] [TRT] [V] Tactic: 0x0000000000000000 Time: 0.01216
[09/28/2026-23:30:26] [TRT] [V] Tactic: 0x0000000000000000 A valid tactic is found. Rest of the tactics are skipped.
[09/28/2026-23:30:26] [TRT] [V] >>>>>>>>>>>>>>> Chose Runner Type: PointWiseV2 Tactic: 0x0000000000000000
[09/28/2026-23:30:26] [TRT] [V] =============== Computing costs for PWN(/model.22/cv2.0/cv2.0.0/act/Sigmoid)
[09/28/2026-23:30:26] [TRT] [V] *************** Autotuning format combination: Float(409600,6400,80,1) -> Float(409600,6400,80,1) ***************
[09/28/2026-23:30:26] [TRT] [V] --------------- Timing Runner: PWN(/model.22/cv2.0/cv2.0.0/act/Sigmoid) (PointWiseV2[0x80000028])
[09/28/2026-23:30:26] [TRT] [V] Tactic: 0x0000000000000000 Time: 0.011488
[09/28/2026-23:30:26] [TRT] [V] Tactic: 0x0000000000000000 A valid tactic is found. Rest of the tactics are skipped.
[09/28/2026-23:30:26] [TRT] [V] >>>>>>>>>>>>>>> Chose Runner Type: PointWiseV2 Tactic: 0x0000000000000000
[09/28/2026-23:30:26] [TRT] [V] =============== Computing costs for PWN(/model.22/cv3.0/cv3.0.0/act/Sigmoid)
[09/28/2026-23:30:26] [TRT] [V] *************** Autotuning format combination: Float(409600,6400,80,1) -> Float(409600,6400,80,1) ***************
[09/28/2026-23:30:26] [TRT] [V] --------------- Timing Runner: PWN(/model.22/cv3.0/cv3.0.0/act/Sigmoid) (PointWiseV2[0x80000028])
[09/28/2026-23:30:26] [TRT] [V] Tactic: 0x0000000000000000 Time: 0.01024
[09/28/2026-23:30:26] [TRT] [V] Tactic: 0x0000000000000000 A valid tactic is found. Rest of the tactics are skipped.
[09/28/2026-23:30:26] [TRT] [V] >>>>>>>>>>>>>>> Chose Runner Type: PointWiseV2 Tactic: 0x0000000000000000
[09/28/2026-23:30:26] [TRT] [V] =============== Computing costs for /model.16/act/Mul
[09/28/2026-23:30:26] [TRT] [V] *************** Autotuning format combination: Float(102400,1600,40,1), Float(102400,1600,40,1) -> Float(102400,1600,40,1) ***************
[09/28/2026-23:30:26] [TRT] [V] --------------- Timing Runner: /model.16/act/Mul (MyelinElementWise[0x80000046])
[09/28/2026-23:30:26] [TRT] [V] Disabling gemm+pointwise/reduce fusions at optimization level 0
[09/28/2026-23:30:26] [TRT] [V] Set number of tactics to 1 at optimization level 0
[09/28/2026-23:30:26] [TRT] [V]  (foreignNode) Set user's cuda kernel library
[09/28/2026-23:30:26] [TRT] [V] Subgraph compilation completed in 0.006 seconds.
[09/28/2026-23:30:26] [TRT] [V] Tactic: 0x0000000000000000 Time: 0.025344
[09/28/2026-23:30:26] [TRT] [V] Tactic: 0x0000000000000000 A valid tactic is found. Rest of the tactics are skipped.
[09/28/2026-23:30:26] [TRT] [V] >>>>>>>>>>>>>>> Chose Runner Type: MyelinElementWise Tactic: 0x0000000000000000
[09/28/2026-23:30:26] [TRT] [V] =============== Computing costs for /model.22/cv2.0/cv2.0.0/act/Mul
[09/28/2026-23:30:26] [TRT] [V] *************** Autotuning format combination: Float(409600,6400,80,1), Float(409600,6400,80,1) -> Float(409600,6400,80,1) ***************
[09/28/2026-23:30:26] [TRT] [V] --------------- Timing Runner: /model.22/cv2.0/cv2.0.0/act/Mul (MyelinElementWise[0x80000046])
[09/28/2026-23:30:26] [TRT] [V] Disabling gemm+pointwise/reduce fusions at optimization level 0
[09/28/2026-23:30:26] [TRT] [V] Set number of tactics to 1 at optimization level 0
[09/28/2026-23:30:26] [TRT] [V]  (foreignNode) Set user's cuda kernel library
[09/28/2026-23:30:26] [TRT] [V] Subgraph compilation completed in 0.006 seconds.
[09/28/2026-23:30:26] [TRT] [V] Tactic: 0x0000000000000000 Time: 0.026944
[09/28/2026-23:30:26] [TRT] [V] Tactic: 0x0000000000000000 A valid tactic is found. Rest of the tactics are skipped.
[09/28/2026-23:30:26] [TRT] [V] >>>>>>>>>>>>>>> Chose Runner Type: MyelinElementWise Tactic: 0x0000000000000000
[09/28/2026-23:30:26] [TRT] [V] =============== Computing costs for /model.22/cv3.0/cv3.0.0/act/Mul
[09/28/2026-23:30:26] [TRT] [V] *************** Autotuning format combination: Float(409600,6400,80,1), Float(409600,6400,80,1) -> Float(409600,6400,80,1) ***************
[09/28/2026-23:30:26] [TRT] [V] --------------- Timing Runner: /model.22/cv3.0/cv3.0.0/act/Mul (MyelinElementWise[0x80000046])
[09/28/2026-23:30:26] [TRT] [V] Disabling gemm+pointwise/reduce fusions at optimization level 0
[09/28/2026-23:30:26] [TRT] [V] Set number of tactics to 1 at optimization level 0
[09/28/2026-23:30:26] [TRT] [V]  (foreignNode) Set user's cuda kernel library
[09/28/2026-23:30:26] [TRT] [V] Subgraph compilation completed in 0.006 seconds.
[09/28/2026-23:30:26] [TRT] [V] Tactic: 0x0000000000000000 Time: 0.027232
[09/28/2026-23:30:26] [TRT] [V] Tactic: 0x0000000000000000 A valid tactic is found. Rest of the tactics are skipped.
[09/28/2026-23:30:26] [TRT] [V] >>>>>>>>>>>>>>> Chose Runner Type: MyelinElementWise Tactic: 0x0000000000000000
[09/28/2026-23:30:26] [TRT] [V] =============== Computing costs for /model.22/cv2.0/cv2.0.1/conv/Conv
[09/28/2026-23:30:26] [TRT] [V] *************** Autotuning format combination: Float(409600,6400,80,1) -> Float(409600,6400,80,1) ***************
[09/28/2026-23:30:26] [TRT] [V] --------------- Timing Runner: /model.22/cv2.0/cv2.0.1/conv/Conv (CaskConvolution[0x80000009])
[09/28/2026-23:30:26] [TRT] [V] Tactic Name: volta_scudnn_winograd_128x128_ldg1_ldg4_relu_tile148t_nt_v1 Tactic: 0x268494f0a1c83de3 Time: 0.05888
[09/28/2026-23:30:26] [TRT] [V] Tactic: 0x268494f0a1c83de3 A valid tactic is found. Rest of the tactics are skipped.
[09/28/2026-23:30:26] [TRT] [V] >>>>>>>>>>>>>>> Chose Runner Type: CaskConvolution Tactic: 0x268494f0a1c83de3
[09/28/2026-23:30:26] [TRT] [V] =============== Computing costs for /model.22/cv3.0/cv3.0.1/conv/Conv
[09/28/2026-23:30:26] [TRT] [V] *************** Autotuning format combination: Float(409600,6400,80,1) -> Float(409600,6400,80,1) ***************
[09/28/2026-23:30:26] [TRT] [V] --------------- Timing Runner: /model.22/cv3.0/cv3.0.1/conv/Conv (CaskConvolution[0x80000009])
[09/28/2026-23:30:26] [TRT] [V] Tactic Name: volta_scudnn_winograd_128x128_ldg1_ldg4_relu_tile148t_nt_v1 Tactic: 0x268494f0a1c83de3 Time: 0.056
[09/28/2026-23:30:26] [TRT] [V] Tactic: 0x268494f0a1c83de3 A valid tactic is found. Rest of the tactics are skipped.
[09/28/2026-23:30:26] [TRT] [V] >>>>>>>>>>>>>>> Chose Runner Type: CaskConvolution Tactic: 0x268494f0a1c83de3
[09/28/2026-23:30:26] [TRT] [V] =============== Computing costs for /model.18/cv1/conv/Conv
[09/28/2026-23:30:26] [TRT] [V] *************** Autotuning format combination: Float(307200,1600,40,1) -> Float(204800,1600,40,1) ***************
[09/28/2026-23:30:26] [TRT] [V] --------------- Timing Runner: /model.18/cv1/conv/Conv (CaskConvolution[0x80000009])
[09/28/2026-23:30:26] [TRT] [V] Tactic Name: volta_scudnn_128x128_relu_small_nn_v1 Tactic: 0x365602d0613d4c36 Time: 0.056544
[09/28/2026-23:30:26] [TRT] [V] Tactic: 0x365602d0613d4c36 A valid tactic is found. Rest of the tactics are skipped.
[09/28/2026-23:30:26] [TRT] [V] >>>>>>>>>>>>>>> Chose Runner Type: CaskConvolution Tactic: 0x365602d0613d4c36
[09/28/2026-23:30:26] [TRT] [V] =============== Computing costs for PWN(/model.22/cv2.0/cv2.0.1/act/Sigmoid)
[09/28/2026-23:30:26] [TRT] [V] *************** Autotuning format combination: Float(409600,6400,80,1) -> Float(409600,6400,80,1) ***************
[09/28/2026-23:30:26] [TRT] [V] --------------- Timing Runner: PWN(/model.22/cv2.0/cv2.0.1/act/Sigmoid) (PointWiseV2[0x80000028])
[09/28/2026-23:30:26] [TRT] [V] Tactic: 0x0000000000000000 Time: 0.014176
[09/28/2026-23:30:26] [TRT] [V] Tactic: 0x0000000000000000 A valid tactic is found. Rest of the tactics are skipped.
[09/28/2026-23:30:26] [TRT] [V] >>>>>>>>>>>>>>> Chose Runner Type: PointWiseV2 Tactic: 0x0000000000000000
[09/28/2026-23:30:26] [TRT] [V] =============== Computing costs for PWN(/model.22/cv3.0/cv3.0.1/act/Sigmoid)
[09/28/2026-23:30:26] [TRT] [V] *************** Autotuning format combination: Float(409600,6400,80,1) -> Float(409600,6400,80,1) ***************
[09/28/2026-23:30:26] [TRT] [V] --------------- Timing Runner: PWN(/model.22/cv3.0/cv3.0.1/act/Sigmoid) (PointWiseV2[0x80000028])
[09/28/2026-23:30:26] [TRT] [V] Tactic: 0x0000000000000000 Time: 0.011264
[09/28/2026-23:30:26] [TRT] [V] Tactic: 0x0000000000000000 A valid tactic is found. Rest of the tactics are skipped.
[09/28/2026-23:30:26] [TRT] [V] >>>>>>>>>>>>>>> Chose Runner Type: PointWiseV2 Tactic: 0x0000000000000000
[09/28/2026-23:30:26] [TRT] [V] =============== Computing costs for PWN(/model.18/cv1/act/Sigmoid)
[09/28/2026-23:30:26] [TRT] [V] *************** Autotuning format combination: Float(204800,1600,40,1) -> Float(204800,1600,40,1) ***************
[09/28/2026-23:30:26] [TRT] [V] --------------- Timing Runner: PWN(/model.18/cv1/act/Sigmoid) (PointWiseV2[0x80000028])
[09/28/2026-23:30:26] [TRT] [V] Tactic: 0x0000000000000000 Time: 0.009472
[09/28/2026-23:30:26] [TRT] [V] Tactic: 0x0000000000000000 A valid tactic is found. Rest of the tactics are skipped.
[09/28/2026-23:30:26] [TRT] [V] >>>>>>>>>>>>>>> Chose Runner Type: PointWiseV2 Tactic: 0x0000000000000000
[09/28/2026-23:30:26] [TRT] [V] =============== Computing costs for /model.22/cv2.0/cv2.0.1/act/Mul
[09/28/2026-23:30:26] [TRT] [V] *************** Autotuning format combination: Float(409600,6400,80,1), Float(409600,6400,80,1) -> Float(409600,6400,80,1) ***************
[09/28/2026-23:30:26] [TRT] [V] --------------- Timing Runner: /model.22/cv2.0/cv2.0.1/act/Mul (MyelinElementWise[0x80000046])
[09/28/2026-23:30:26] [TRT] [V] Disabling gemm+pointwise/reduce fusions at optimization level 0
[09/28/2026-23:30:26] [TRT] [V] Set number of tactics to 1 at optimization level 0
[09/28/2026-23:30:26] [TRT] [V]  (foreignNode) Set user's cuda kernel library
[09/28/2026-23:30:26] [TRT] [V] Subgraph compilation completed in 0.007 seconds.
[09/28/2026-23:30:26] [TRT] [V] Tactic: 0x0000000000000000 Time: 0.026624
[09/28/2026-23:30:26] [TRT] [V] Tactic: 0x0000000000000000 A valid tactic is found. Rest of the tactics are skipped.
[09/28/2026-23:30:26] [TRT] [V] >>>>>>>>>>>>>>> Chose Runner Type: MyelinElementWise Tactic: 0x0000000000000000
[09/28/2026-23:30:26] [TRT] [V] =============== Computing costs for /model.22/cv3.0/cv3.0.1/act/Mul
[09/28/2026-23:30:26] [TRT] [V] *************** Autotuning format combination: Float(409600,6400,80,1), Float(409600,6400,80,1) -> Float(409600,6400,80,1) ***************
[09/28/2026-23:30:26] [TRT] [V] --------------- Timing Runner: /model.22/cv3.0/cv3.0.1/act/Mul (MyelinElementWise[0x80000046])
[09/28/2026-23:30:26] [TRT] [V] Disabling gemm+pointwise/reduce fusions at optimization level 0
[09/28/2026-23:30:26] [TRT] [V] Set number of tactics to 1 at optimization level 0
[09/28/2026-23:30:26] [TRT] [V]  (foreignNode) Set user's cuda kernel library
[09/28/2026-23:30:26] [TRT] [V] Subgraph compilation completed in 0.006 seconds.
[09/28/2026-23:30:26] [TRT] [V] Tactic: 0x0000000000000000 Time: 0.025728
[09/28/2026-23:30:26] [TRT] [V] Tactic: 0x0000000000000000 A valid tactic is found. Rest of the tactics are skipped.
[09/28/2026-23:30:26] [TRT] [V] >>>>>>>>>>>>>>> Chose Runner Type: MyelinElementWise Tactic: 0x0000000000000000
[09/28/2026-23:30:26] [TRT] [V] =============== Computing costs for /model.18/cv1/act/Mul
[09/28/2026-23:30:26] [TRT] [V] *************** Autotuning format combination: Float(204800,1600,40,1), Float(204800,1600,40,1) -> Float(204800,1600,40,1) ***************
[09/28/2026-23:30:26] [TRT] [V] --------------- Timing Runner: /model.18/cv1/act/Mul (MyelinElementWise[0x80000046])
[09/28/2026-23:30:26] [TRT] [V] Disabling gemm+pointwise/reduce fusions at optimization level 0
[09/28/2026-23:30:26] [TRT] [V] Set number of tactics to 1 at optimization level 0
[09/28/2026-23:30:26] [TRT] [V]  (foreignNode) Set user's cuda kernel library
[09/28/2026-23:30:26] [TRT] [V] Subgraph compilation completed in 0.006 seconds.
[09/28/2026-23:30:26] [TRT] [V] Tactic: 0x0000000000000000 Time: 0.02768
[09/28/2026-23:30:26] [TRT] [V] Tactic: 0x0000000000000000 A valid tactic is found. Rest of the tactics are skipped.
[09/28/2026-23:30:26] [TRT] [V] >>>>>>>>>>>>>>> Chose Runner Type: MyelinElementWise Tactic: 0x0000000000000000
[09/28/2026-23:30:26] [TRT] [V] =============== Computing costs for /model.22/cv2.0/cv2.0.2/Conv
[09/28/2026-23:30:26] [TRT] [V] *************** Autotuning format combination: Float(409600,6400,80,1) -> Float(409600,6400,80,1) ***************
[09/28/2026-23:30:26] [TRT] [V] --------------- Timing Runner: /model.22/cv2.0/cv2.0.2/Conv (CaskConvolution[0x80000009])
[09/28/2026-23:30:26] [TRT] [V] Tactic Name: volta_scudnn_128x128_relu_small_nn_v1 Tactic: 0x365602d0613d4c36 Time: 0.032704
[09/28/2026-23:30:26] [TRT] [V] Tactic: 0x365602d0613d4c36 A valid tactic is found. Rest of the tactics are skipped.
[09/28/2026-23:30:26] [TRT] [V] >>>>>>>>>>>>>>> Chose Runner Type: CaskConvolution Tactic: 0x365602d0613d4c36
[09/28/2026-23:30:26] [TRT] [V] =============== Computing costs for /model.22/cv3.0/cv3.0.2/Conv
[09/28/2026-23:30:26] [TRT] [V] *************** Autotuning format combination: Float(409600,6400,80,1) -> Float(19200,6400,80,1) ***************
[09/28/2026-23:30:26] [TRT] [V] --------------- Timing Runner: /model.22/cv3.0/cv3.0.2/Conv (CaskConvolution[0x80000009])
[09/28/2026-23:30:26] [TRT] [V] Tactic Name: volta_scudnn_128x128_relu_small_nn_v1 Tactic: 0x365602d0613d4c36 Time: 0.02992
[09/28/2026-23:30:26] [TRT] [V] Tactic: 0x365602d0613d4c36 A valid tactic is found. Rest of the tactics are skipped.
[09/28/2026-23:30:26] [TRT] [V] >>>>>>>>>>>>>>> Chose Runner Type: CaskConvolution Tactic: 0x365602d0613d4c36
[09/28/2026-23:30:26] [TRT] [V] =============== Computing costs for /model.18/Split
[09/28/2026-23:30:26] [TRT] [V] *************** Autotuning format combination: Float(204800,1600,40,1) -> Float(102400,1600,40,1) ***************
[09/28/2026-23:30:26] [TRT] [V] Skipping Padding: No valid tactics for /model.18/Split
[09/28/2026-23:30:26] [TRT] [V] --------------- Timing Runner: /model.18/Split (Slice[0x8000001b])
[09/28/2026-23:30:26] [TRT] [V] Tactic: 0x0000000000000000 Time: 0.010688
[09/28/2026-23:30:26] [TRT] [V] Tactic: 0x0000000000000000 A valid tactic is found. Rest of the tactics are skipped.
[09/28/2026-23:30:26] [TRT] [V] >>>>>>>>>>>>>>> Chose Runner Type: Slice Tactic: 0x0000000000000000
[09/28/2026-23:30:26] [TRT] [V] =============== Computing costs for /model.18/Split_19
[09/28/2026-23:30:26] [TRT] [V] *************** Autotuning format combination: Float(204800,1600,40,1) -> Float(102400,1600,40,1) ***************
[09/28/2026-23:30:26] [TRT] [V] Skipping Padding: No valid tactics for /model.18/Split_19
[09/28/2026-23:30:26] [TRT] [V] --------------- Timing Runner: /model.18/Split_19 (Slice[0x8000001b])
[09/28/2026-23:30:26] [TRT] [V] Tactic: 0x0000000000000000 Time: 0.008192
[09/28/2026-23:30:26] [TRT] [V] Tactic: 0x0000000000000000 A valid tactic is found. Rest of the tactics are skipped.
[09/28/2026-23:30:26] [TRT] [V] >>>>>>>>>>>>>>> Chose Runner Type: Slice Tactic: 0x0000000000000000
[09/28/2026-23:30:26] [TRT] [V] =============== Computing costs for /model.22/Reshape
[09/28/2026-23:30:26] [TRT] [V] *************** Autotuning format combination: Float(409600,6400,80,1) -> Float(409600,6400,1) ***************
[09/28/2026-23:30:26] [TRT] [V] --------------- Timing Runner: /model.22/Reshape (Shuffle[0x8000000d])
[09/28/2026-23:30:26] [TRT] [V] Tactic: 0x0000000000000000 Time: 0.016384
[09/28/2026-23:30:26] [TRT] [V] Tactic: 0x0000000000000000 A valid tactic is found. Rest of the tactics are skipped.
[09/28/2026-23:30:26] [TRT] [V] >>>>>>>>>>>>>>> Chose Runner Type: Shuffle Tactic: 0x0000000000000000
[09/28/2026-23:30:26] [TRT] [V] =============== Computing costs for /model.22/Reshape_3
[09/28/2026-23:30:26] [TRT] [V] *************** Autotuning format combination: Float(19200,6400,80,1) -> Float(19200,6400,1) ***************
[09/28/2026-23:30:26] [TRT] [V] --------------- Timing Runner: /model.22/Reshape_3 (Shuffle[0x8000000d])
[09/28/2026-23:30:26] [TRT] [V] Tactic: 0x0000000000000000 Time: 0.008384
[09/28/2026-23:30:26] [TRT] [V] Tactic: 0x0000000000000000 A valid tactic is found. Rest of the tactics are skipped.
[09/28/2026-23:30:26] [TRT] [V] >>>>>>>>>>>>>>> Chose Runner Type: Shuffle Tactic: 0x0000000000000000
[09/28/2026-23:30:26] [TRT] [V] =============== Computing costs for /model.18/m.0/cv1/conv/Conv
[09/28/2026-23:30:26] [TRT] [V] *************** Autotuning format combination: Float(102400,1600,40,1) -> Float(102400,1600,40,1) ***************
[09/28/2026-23:30:26] [TRT] [V] --------------- Timing Runner: /model.18/m.0/cv1/conv/Conv (CaskConvolution[0x80000009])
[09/28/2026-23:30:26] [TRT] [V] Tactic Name: volta_scudnn_winograd_128x128_ldg1_ldg4_relu_tile148t_nt_v1 Tactic: 0x268494f0a1c83de3 Time: 0.033632
[09/28/2026-23:30:26] [TRT] [V] Tactic: 0x268494f0a1c83de3 A valid tactic is found. Rest of the tactics are skipped.
[09/28/2026-23:30:26] [TRT] [V] >>>>>>>>>>>>>>> Chose Runner Type: CaskConvolution Tactic: 0x268494f0a1c83de3
[09/28/2026-23:30:26] [TRT] [V] =============== Computing costs for PWN(/model.18/m.0/cv1/act/Sigmoid)
[09/28/2026-23:30:26] [TRT] [V] *************** Autotuning format combination: Float(102400,1600,40,1) -> Float(102400,1600,40,1) ***************
[09/28/2026-23:30:26] [TRT] [V] --------------- Timing Runner: PWN(/model.18/m.0/cv1/act/Sigmoid) (PointWiseV2[0x80000028])
[09/28/2026-23:30:26] [TRT] [V] Tactic: 0x0000000000000000 Time: 0.013152
[09/28/2026-23:30:26] [TRT] [V] Tactic: 0x0000000000000000 A valid tactic is found. Rest of the tactics are skipped.
[09/28/2026-23:30:26] [TRT] [V] >>>>>>>>>>>>>>> Chose Runner Type: PointWiseV2 Tactic: 0x0000000000000000
[09/28/2026-23:30:26] [TRT] [V] =============== Computing costs for /model.18/m.0/cv1/act/Mul
[09/28/2026-23:30:26] [TRT] [V] *************** Autotuning format combination: Float(102400,1600,40,1), Float(102400,1600,40,1) -> Float(102400,1600,40,1) ***************
[09/28/2026-23:30:26] [TRT] [V] --------------- Timing Runner: /model.18/m.0/cv1/act/Mul (MyelinElementWise[0x80000046])
[09/28/2026-23:30:26] [TRT] [V] Disabling gemm+pointwise/reduce fusions at optimization level 0
[09/28/2026-23:30:26] [TRT] [V] Set number of tactics to 1 at optimization level 0
[09/28/2026-23:30:26] [TRT] [V]  (foreignNode) Set user's cuda kernel library
[09/28/2026-23:30:26] [TRT] [V] Subgraph compilation completed in 0.006 seconds.
[09/28/2026-23:30:26] [TRT] [V] Tactic: 0x0000000000000000 Time: 0.025344
[09/28/2026-23:30:26] [TRT] [V] Tactic: 0x0000000000000000 A valid tactic is found. Rest of the tactics are skipped.
[09/28/2026-23:30:26] [TRT] [V] >>>>>>>>>>>>>>> Chose Runner Type: MyelinElementWise Tactic: 0x0000000000000000
[09/28/2026-23:30:26] [TRT] [V] =============== Computing costs for /model.18/m.0/cv2/conv/Conv
[09/28/2026-23:30:26] [TRT] [V] *************** Autotuning format combination: Float(102400,1600,40,1) -> Float(102400,1600,40,1) ***************
[09/28/2026-23:30:26] [TRT] [V] --------------- Timing Runner: /model.18/m.0/cv2/conv/Conv (CaskConvolution[0x80000009])
[09/28/2026-23:30:26] [TRT] [V] Tactic Name: volta_scudnn_winograd_128x128_ldg1_ldg4_relu_tile148t_nt_v1 Tactic: 0x268494f0a1c83de3 Time: 0.034816
[09/28/2026-23:30:26] [TRT] [V] Tactic: 0x268494f0a1c83de3 A valid tactic is found. Rest of the tactics are skipped.
[09/28/2026-23:30:26] [TRT] [V] >>>>>>>>>>>>>>> Chose Runner Type: CaskConvolution Tactic: 0x268494f0a1c83de3
[09/28/2026-23:30:26] [TRT] [V] =============== Computing costs for PWN(/model.18/m.0/cv2/act/Sigmoid)
[09/28/2026-23:30:26] [TRT] [V] *************** Autotuning format combination: Float(102400,1600,40,1) -> Float(102400,1600,40,1) ***************
[09/28/2026-23:30:26] [TRT] [V] --------------- Timing Runner: PWN(/model.18/m.0/cv2/act/Sigmoid) (PointWiseV2[0x80000028])
[09/28/2026-23:30:26] [TRT] [V] Tactic: 0x0000000000000000 Time: 0.010304
[09/28/2026-23:30:26] [TRT] [V] Tactic: 0x0000000000000000 A valid tactic is found. Rest of the tactics are skipped.
[09/28/2026-23:30:26] [TRT] [V] >>>>>>>>>>>>>>> Chose Runner Type: PointWiseV2 Tactic: 0x0000000000000000
[09/28/2026-23:30:26] [TRT] [V] =============== Computing costs for /model.18/m.0/cv2/act/Mul
[09/28/2026-23:30:26] [TRT] [V] *************** Autotuning format combination: Float(102400,1600,40,1), Float(102400,1600,40,1) -> Float(102400,1600,40,1) ***************
[09/28/2026-23:30:26] [TRT] [V] --------------- Timing Runner: /model.18/m.0/cv2/act/Mul (MyelinElementWise[0x80000046])
[09/28/2026-23:30:26] [TRT] [V] Disabling gemm+pointwise/reduce fusions at optimization level 0
[09/28/2026-23:30:26] [TRT] [V] Set number of tactics to 1 at optimization level 0
[09/28/2026-23:30:26] [TRT] [V]  (foreignNode) Set user's cuda kernel library
[09/28/2026-23:30:26] [TRT] [V] Subgraph compilation completed in 0.006 seconds.
[09/28/2026-23:30:26] [TRT] [V] Tactic: 0x0000000000000000 Time: 0.022208
[09/28/2026-23:30:26] [TRT] [V] Tactic: 0x0000000000000000 A valid tactic is found. Rest of the tactics are skipped.
[09/28/2026-23:30:26] [TRT] [V] >>>>>>>>>>>>>>> Chose Runner Type: MyelinElementWise Tactic: 0x0000000000000000
[09/28/2026-23:30:26] [TRT] [V] =============== Computing costs for /model.18/cv2/conv/Conv
[09/28/2026-23:30:26] [TRT] [V] *************** Autotuning format combination: Float(307200,1600,40,1) -> Float(204800,1600,40,1) ***************
[09/28/2026-23:30:26] [TRT] [V] --------------- Timing Runner: /model.18/cv2/conv/Conv (CaskConvolution[0x80000009])
[09/28/2026-23:30:26] [TRT] [V] Tactic Name: volta_scudnn_128x128_relu_small_nn_v1 Tactic: 0x365602d0613d4c36 Time: 0.056576
[09/28/2026-23:30:26] [TRT] [V] Tactic: 0x365602d0613d4c36 A valid tactic is found. Rest of the tactics are skipped.
[09/28/2026-23:30:26] [TRT] [V] >>>>>>>>>>>>>>> Chose Runner Type: CaskConvolution Tactic: 0x365602d0613d4c36
[09/28/2026-23:30:26] [TRT] [V] =============== Computing costs for PWN(/model.18/cv2/act/Sigmoid)
[09/28/2026-23:30:26] [TRT] [V] *************** Autotuning format combination: Float(204800,1600,40,1) -> Float(204800,1600,40,1) ***************
[09/28/2026-23:30:26] [TRT] [V] --------------- Timing Runner: PWN(/model.18/cv2/act/Sigmoid) (PointWiseV2[0x80000028])
[09/28/2026-23:30:26] [TRT] [V] Tactic: 0x0000000000000000 Time: 0.012288
[09/28/2026-23:30:26] [TRT] [V] Tactic: 0x0000000000000000 A valid tactic is found. Rest of the tactics are skipped.
[09/28/2026-23:30:26] [TRT] [V] >>>>>>>>>>>>>>> Chose Runner Type: PointWiseV2 Tactic: 0x0000000000000000
[09/28/2026-23:30:26] [TRT] [V] =============== Computing costs for /model.18/cv2/act/Mul
[09/28/2026-23:30:26] [TRT] [V] *************** Autotuning format combination: Float(204800,1600,40,1), Float(204800,1600,40,1) -> Float(204800,1600,40,1) ***************
[09/28/2026-23:30:26] [TRT] [V] --------------- Timing Runner: /model.18/cv2/act/Mul (MyelinElementWise[0x80000046])
[09/28/2026-23:30:26] [TRT] [V] Disabling gemm+pointwise/reduce fusions at optimization level 0
[09/28/2026-23:30:26] [TRT] [V] Set number of tactics to 1 at optimization level 0
[09/28/2026-23:30:26] [TRT] [V]  (foreignNode) Set user's cuda kernel library
[09/28/2026-23:30:26] [TRT] [V] Subgraph compilation completed in 0.006 seconds.
[09/28/2026-23:30:26] [TRT] [V] Tactic: 0x0000000000000000 Time: 0.025472
[09/28/2026-23:30:26] [TRT] [V] Tactic: 0x0000000000000000 A valid tactic is found. Rest of the tactics are skipped.
[09/28/2026-23:30:26] [TRT] [V] >>>>>>>>>>>>>>> Chose Runner Type: MyelinElementWise Tactic: 0x0000000000000000
[09/28/2026-23:30:26] [TRT] [V] =============== Computing costs for /model.19/conv/Conv
[09/28/2026-23:30:26] [TRT] [V] *************** Autotuning format combination: Float(204800,1600,40,1) -> Float(51200,400,20,1) ***************
[09/28/2026-23:30:26] [TRT] [V] --------------- Timing Runner: /model.19/conv/Conv (CaskConvolution[0x80000009])
[09/28/2026-23:30:26] [TRT] [V] Tactic Name: volta_scudnn_128x128_relu_small_nn_v1 Tactic: 0x365602d0613d4c36 Time: 0.230176
[09/28/2026-23:30:26] [TRT] [V] Tactic: 0x365602d0613d4c36 A valid tactic is found. Rest of the tactics are skipped.
[09/28/2026-23:30:26] [TRT] [V] >>>>>>>>>>>>>>> Chose Runner Type: CaskConvolution Tactic: 0x365602d0613d4c36
[09/28/2026-23:30:26] [TRT] [V] =============== Computing costs for /model.22/cv2.1/cv2.1.0/conv/Conv
[09/28/2026-23:30:26] [TRT] [V] *************** Autotuning format combination: Float(204800,1600,40,1) -> Float(102400,1600,40,1) ***************
[09/28/2026-23:30:26] [TRT] [V] --------------- Timing Runner: /model.22/cv2.1/cv2.1.0/conv/Conv (CaskConvolution[0x80000009])
[09/28/2026-23:30:26] [TRT] [V] Tactic Name: volta_scudnn_winograd_128x128_ldg1_ldg4_relu_tile148t_nt_v1 Tactic: 0x268494f0a1c83de3 Time: 0.0488
[09/28/2026-23:30:26] [TRT] [V] Tactic: 0x268494f0a1c83de3 A valid tactic is found. Rest of the tactics are skipped.
[09/28/2026-23:30:26] [TRT] [V] >>>>>>>>>>>>>>> Chose Runner Type: CaskConvolution Tactic: 0x268494f0a1c83de3
[09/28/2026-23:30:26] [TRT] [V] =============== Computing costs for /model.22/cv3.1/cv3.1.0/conv/Conv
[09/28/2026-23:30:26] [TRT] [V] *************** Autotuning format combination: Float(204800,1600,40,1) -> Float(102400,1600,40,1) ***************
[09/28/2026-23:30:26] [TRT] [V] --------------- Timing Runner: /model.22/cv3.1/cv3.1.0/conv/Conv (CaskConvolution[0x80000009])
[09/28/2026-23:30:26] [TRT] [V] Tactic Name: volta_scudnn_winograd_128x128_ldg1_ldg4_relu_tile148t_nt_v1 Tactic: 0x268494f0a1c83de3 Time: 0.046048
[09/28/2026-23:30:26] [TRT] [V] Tactic: 0x268494f0a1c83de3 A valid tactic is found. Rest of the tactics are skipped.
[09/28/2026-23:30:26] [TRT] [V] >>>>>>>>>>>>>>> Chose Runner Type: CaskConvolution Tactic: 0x268494f0a1c83de3
[09/28/2026-23:30:26] [TRT] [V] =============== Computing costs for PWN(/model.19/act/Sigmoid)
[09/28/2026-23:30:26] [TRT] [V] *************** Autotuning format combination: Float(51200,400,20,1) -> Float(51200,400,20,1) ***************
[09/28/2026-23:30:26] [TRT] [V] --------------- Timing Runner: PWN(/model.19/act/Sigmoid) (PointWiseV2[0x80000028])
[09/28/2026-23:30:26] [TRT] [V] Tactic: 0x0000000000000000 Time: 0.010432
[09/28/2026-23:30:26] [TRT] [V] Tactic: 0x0000000000000000 A valid tactic is found. Rest of the tactics are skipped.
[09/28/2026-23:30:26] [TRT] [V] >>>>>>>>>>>>>>> Chose Runner Type: PointWiseV2 Tactic: 0x0000000000000000
[09/28/2026-23:30:26] [TRT] [V] =============== Computing costs for PWN(/model.22/cv2.1/cv2.1.0/act/Sigmoid)
[09/28/2026-23:30:26] [TRT] [V] *************** Autotuning format combination: Float(102400,1600,40,1) -> Float(102400,1600,40,1) ***************
[09/28/2026-23:30:26] [TRT] [V] --------------- Timing Runner: PWN(/model.22/cv2.1/cv2.1.0/act/Sigmoid) (PointWiseV2[0x80000028])
[09/28/2026-23:30:26] [TRT] [V] Tactic: 0x0000000000000000 Time: 0.008384
[09/28/2026-23:30:26] [TRT] [V] Tactic: 0x0000000000000000 A valid tactic is found. Rest of the tactics are skipped.
[09/28/2026-23:30:26] [TRT] [V] >>>>>>>>>>>>>>> Chose Runner Type: PointWiseV2 Tactic: 0x0000000000000000
[09/28/2026-23:30:26] [TRT] [V] =============== Computing costs for PWN(/model.22/cv3.1/cv3.1.0/act/Sigmoid)
[09/28/2026-23:30:26] [TRT] [V] *************** Autotuning format combination: Float(102400,1600,40,1) -> Float(102400,1600,40,1) ***************
[09/28/2026-23:30:26] [TRT] [V] --------------- Timing Runner: PWN(/model.22/cv3.1/cv3.1.0/act/Sigmoid) (PointWiseV2[0x80000028])
[09/28/2026-23:30:26] [TRT] [V] Tactic: 0x0000000000000000 Time: 0.00736
[09/28/2026-23:30:26] [TRT] [V] Tactic: 0x0000000000000000 A valid tactic is found. Rest of the tactics are skipped.
[09/28/2026-23:30:26] [TRT] [V] >>>>>>>>>>>>>>> Chose Runner Type: PointWiseV2 Tactic: 0x0000000000000000
[09/28/2026-23:30:26] [TRT] [V] =============== Computing costs for /model.19/act/Mul
[09/28/2026-23:30:26] [TRT] [V] *************** Autotuning format combination: Float(51200,400,20,1), Float(51200,400,20,1) -> Float(51200,400,20,1) ***************
[09/28/2026-23:30:26] [TRT] [V] --------------- Timing Runner: /model.19/act/Mul (MyelinElementWise[0x80000046])
[09/28/2026-23:30:26] [TRT] [V] Disabling gemm+pointwise/reduce fusions at optimization level 0
[09/28/2026-23:30:26] [TRT] [V] Set number of tactics to 1 at optimization level 0
[09/28/2026-23:30:26] [TRT] [V]  (foreignNode) Set user's cuda kernel library
[09/28/2026-23:30:26] [TRT] [V] Subgraph compilation completed in 0.006 seconds.
[09/28/2026-23:30:26] [TRT] [V] Tactic: 0x0000000000000000 Time: 0.026432
[09/28/2026-23:30:26] [TRT] [V] Tactic: 0x0000000000000000 A valid tactic is found. Rest of the tactics are skipped.
[09/28/2026-23:30:26] [TRT] [V] >>>>>>>>>>>>>>> Chose Runner Type: MyelinElementWise Tactic: 0x0000000000000000
[09/28/2026-23:30:26] [TRT] [V] =============== Computing costs for /model.22/cv2.1/cv2.1.0/act/Mul
[09/28/2026-23:30:26] [TRT] [V] *************** Autotuning format combination: Float(102400,1600,40,1), Float(102400,1600,40,1) -> Float(102400,1600,40,1) ***************
[09/28/2026-23:30:26] [TRT] [V] --------------- Timing Runner: /model.22/cv2.1/cv2.1.0/act/Mul (MyelinElementWise[0x80000046])
[09/28/2026-23:30:26] [TRT] [V] Disabling gemm+pointwise/reduce fusions at optimization level 0
[09/28/2026-23:30:26] [TRT] [V] Set number of tactics to 1 at optimization level 0
[09/28/2026-23:30:26] [TRT] [V]  (foreignNode) Set user's cuda kernel library
[09/28/2026-23:30:26] [TRT] [V] Subgraph compilation completed in 0.006 seconds.
[09/28/2026-23:30:26] [TRT] [V] Tactic: 0x0000000000000000 Time: 0.024576
[09/28/2026-23:30:26] [TRT] [V] Tactic: 0x0000000000000000 A valid tactic is found. Rest of the tactics are skipped.
[09/28/2026-23:30:26] [TRT] [V] >>>>>>>>>>>>>>> Chose Runner Type: MyelinElementWise Tactic: 0x0000000000000000
[09/28/2026-23:30:26] [TRT] [V] =============== Computing costs for /model.22/cv3.1/cv3.1.0/act/Mul
[09/28/2026-23:30:26] [TRT] [V] *************** Autotuning format combination: Float(102400,1600,40,1), Float(102400,1600,40,1) -> Float(102400,1600,40,1) ***************
[09/28/2026-23:30:26] [TRT] [V] --------------- Timing Runner: /model.22/cv3.1/cv3.1.0/act/Mul (MyelinElementWise[0x80000046])
[09/28/2026-23:30:26] [TRT] [V] Disabling gemm+pointwise/reduce fusions at optimization level 0
[09/28/2026-23:30:26] [TRT] [V] Set number of tactics to 1 at optimization level 0
[09/28/2026-23:30:26] [TRT] [V]  (foreignNode) Set user's cuda kernel library
[09/28/2026-23:30:26] [TRT] [V] Subgraph compilation completed in 0.006 seconds.
[09/28/2026-23:30:26] [TRT] [V] Tactic: 0x0000000000000000 Time: 0.024896
[09/28/2026-23:30:26] [TRT] [V] Tactic: 0x0000000000000000 A valid tactic is found. Rest of the tactics are skipped.
[09/28/2026-23:30:26] [TRT] [V] >>>>>>>>>>>>>>> Chose Runner Type: MyelinElementWise Tactic: 0x0000000000000000
[09/28/2026-23:30:26] [TRT] [V] =============== Computing costs for /model.22/cv2.1/cv2.1.1/conv/Conv
[09/28/2026-23:30:26] [TRT] [V] *************** Autotuning format combination: Float(102400,1600,40,1) -> Float(102400,1600,40,1) ***************
[09/28/2026-23:30:26] [TRT] [V] --------------- Timing Runner: /model.22/cv2.1/cv2.1.1/conv/Conv (CaskConvolution[0x80000009])
[09/28/2026-23:30:26] [TRT] [V] Tactic Name: volta_scudnn_winograd_128x128_ldg1_ldg4_relu_tile148t_nt_v1 Tactic: 0x268494f0a1c83de3 Time: 0.034944
[09/28/2026-23:30:26] [TRT] [V] Tactic: 0x268494f0a1c83de3 A valid tactic is found. Rest of the tactics are skipped.
[09/28/2026-23:30:26] [TRT] [V] >>>>>>>>>>>>>>> Chose Runner Type: CaskConvolution Tactic: 0x268494f0a1c83de3
[09/28/2026-23:30:26] [TRT] [V] =============== Computing costs for /model.22/cv3.1/cv3.1.1/conv/Conv
[09/28/2026-23:30:26] [TRT] [V] *************** Autotuning format combination: Float(102400,1600,40,1) -> Float(102400,1600,40,1) ***************
[09/28/2026-23:30:26] [TRT] [V] --------------- Timing Runner: /model.22/cv3.1/cv3.1.1/conv/Conv (CaskConvolution[0x80000009])
[09/28/2026-23:30:26] [TRT] [V] Tactic Name: volta_scudnn_winograd_128x128_ldg1_ldg4_relu_tile148t_nt_v1 Tactic: 0x268494f0a1c83de3 Time: 0.032992
[09/28/2026-23:30:26] [TRT] [V] Tactic: 0x268494f0a1c83de3 A valid tactic is found. Rest of the tactics are skipped.
[09/28/2026-23:30:26] [TRT] [V] >>>>>>>>>>>>>>> Chose Runner Type: CaskConvolution Tactic: 0x268494f0a1c83de3
[09/28/2026-23:30:26] [TRT] [V] =============== Computing costs for /model.21/cv1/conv/Conv
[09/28/2026-23:30:26] [TRT] [V] *************** Autotuning format combination: Float(153600,400,20,1) -> Float(102400,400,20,1) ***************
[09/28/2026-23:30:26] [TRT] [V] --------------- Timing Runner: /model.21/cv1/conv/Conv (CaskConvolution[0x80000009])
[09/28/2026-23:30:26] [TRT] [V] Tactic Name: volta_scudnn_128x128_relu_small_nn_v1 Tactic: 0x365602d0613d4c36 Time: 0.09344
[09/28/2026-23:30:26] [TRT] [V] Tactic: 0x365602d0613d4c36 A valid tactic is found. Rest of the tactics are skipped.
[09/28/2026-23:30:26] [TRT] [V] >>>>>>>>>>>>>>> Chose Runner Type: CaskConvolution Tactic: 0x365602d0613d4c36
[09/28/2026-23:30:26] [TRT] [V] =============== Computing costs for PWN(/model.22/cv2.1/cv2.1.1/act/Sigmoid)
[09/28/2026-23:30:26] [TRT] [V] *************** Autotuning format combination: Float(102400,1600,40,1) -> Float(102400,1600,40,1) ***************
[09/28/2026-23:30:26] [TRT] [V] --------------- Timing Runner: PWN(/model.22/cv2.1/cv2.1.1/act/Sigmoid) (PointWiseV2[0x80000028])
[09/28/2026-23:30:26] [TRT] [V] Tactic: 0x0000000000000000 Time: 0.011904
[09/28/2026-23:30:26] [TRT] [V] Tactic: 0x0000000000000000 A valid tactic is found. Rest of the tactics are skipped.
[09/28/2026-23:30:26] [TRT] [V] >>>>>>>>>>>>>>> Chose Runner Type: PointWiseV2 Tactic: 0x0000000000000000
[09/28/2026-23:30:26] [TRT] [V] =============== Computing costs for PWN(/model.22/cv3.1/cv3.1.1/act/Sigmoid)
[09/28/2026-23:30:26] [TRT] [V] *************** Autotuning format combination: Float(102400,1600,40,1) -> Float(102400,1600,40,1) ***************
[09/28/2026-23:30:26] [TRT] [V] --------------- Timing Runner: PWN(/model.22/cv3.1/cv3.1.1/act/Sigmoid) (PointWiseV2[0x80000028])
[09/28/2026-23:30:26] [TRT] [V] Tactic: 0x0000000000000000 Time: 0.008192
[09/28/2026-23:30:26] [TRT] [V] Tactic: 0x0000000000000000 A valid tactic is found. Rest of the tactics are skipped.
[09/28/2026-23:30:26] [TRT] [V] >>>>>>>>>>>>>>> Chose Runner Type: PointWiseV2 Tactic: 0x0000000000000000
[09/28/2026-23:30:26] [TRT] [V] =============== Computing costs for PWN(/model.21/cv1/act/Sigmoid)
[09/28/2026-23:30:26] [TRT] [V] *************** Autotuning format combination: Float(102400,400,20,1) -> Float(102400,400,20,1) ***************
[09/28/2026-23:30:26] [TRT] [V] --------------- Timing Runner: PWN(/model.21/cv1/act/Sigmoid) (PointWiseV2[0x80000028])
[09/28/2026-23:30:26] [TRT] [V] Tactic: 0x0000000000000000 Time: 0.008096
[09/28/2026-23:30:26] [TRT] [V] Tactic: 0x0000000000000000 A valid tactic is found. Rest of the tactics are skipped.
[09/28/2026-23:30:26] [TRT] [V] >>>>>>>>>>>>>>> Chose Runner Type: PointWiseV2 Tactic: 0x0000000000000000
[09/28/2026-23:30:26] [TRT] [V] =============== Computing costs for /model.22/cv2.1/cv2.1.1/act/Mul
[09/28/2026-23:30:26] [TRT] [V] *************** Autotuning format combination: Float(102400,1600,40,1), Float(102400,1600,40,1) -> Float(102400,1600,40,1) ***************
[09/28/2026-23:30:26] [TRT] [V] --------------- Timing Runner: /model.22/cv2.1/cv2.1.1/act/Mul (MyelinElementWise[0x80000046])
[09/28/2026-23:30:26] [TRT] [V] Disabling gemm+pointwise/reduce fusions at optimization level 0
[09/28/2026-23:30:26] [TRT] [V] Set number of tactics to 1 at optimization level 0
[09/28/2026-23:30:26] [TRT] [V]  (foreignNode) Set user's cuda kernel library
[09/28/2026-23:30:26] [TRT] [V] Subgraph compilation completed in 0.007 seconds.
[09/28/2026-23:30:26] [TRT] [V] Tactic: 0x0000000000000000 Time: 0.082496
[09/28/2026-23:30:26] [TRT] [V] Tactic: 0x0000000000000000 A valid tactic is found. Rest of the tactics are skipped.
[09/28/2026-23:30:26] [TRT] [V] >>>>>>>>>>>>>>> Chose Runner Type: MyelinElementWise Tactic: 0x0000000000000000
[09/28/2026-23:30:26] [TRT] [V] =============== Computing costs for /model.22/cv3.1/cv3.1.1/act/Mul
[09/28/2026-23:30:26] [TRT] [V] *************** Autotuning format combination: Float(102400,1600,40,1), Float(102400,1600,40,1) -> Float(102400,1600,40,1) ***************
[09/28/2026-23:30:26] [TRT] [V] --------------- Timing Runner: /model.22/cv3.1/cv3.1.1/act/Mul (MyelinElementWise[0x80000046])
[09/28/2026-23:30:26] [TRT] [V] Disabling gemm+pointwise/reduce fusions at optimization level 0
[09/28/2026-23:30:26] [TRT] [V] Set number of tactics to 1 at optimization level 0
[09/28/2026-23:30:26] [TRT] [V]  (foreignNode) Set user's cuda kernel library
[09/28/2026-23:30:26] [TRT] [V] Subgraph compilation completed in 0.006 seconds.
[09/28/2026-23:30:26] [TRT] [V] Tactic: 0x0000000000000000 Time: 0.083328
[09/28/2026-23:30:26] [TRT] [V] Tactic: 0x0000000000000000 A valid tactic is found. Rest of the tactics are skipped.
[09/28/2026-23:30:26] [TRT] [V] >>>>>>>>>>>>>>> Chose Runner Type: MyelinElementWise Tactic: 0x0000000000000000
[09/28/2026-23:30:26] [TRT] [V] =============== Computing costs for /model.21/cv1/act/Mul
[09/28/2026-23:30:26] [TRT] [V] *************** Autotuning format combination: Float(102400,400,20,1), Float(102400,400,20,1) -> Float(102400,400,20,1) ***************
[09/28/2026-23:30:26] [TRT] [V] --------------- Timing Runner: /model.21/cv1/act/Mul (MyelinElementWise[0x80000046])
[09/28/2026-23:30:26] [TRT] [V] Disabling gemm+pointwise/reduce fusions at optimization level 0
[09/28/2026-23:30:26] [TRT] [V] Set number of tactics to 1 at optimization level 0
[09/28/2026-23:30:26] [TRT] [V]  (foreignNode) Set user's cuda kernel library
[09/28/2026-23:30:26] [TRT] [V] Subgraph compilation completed in 0.006 seconds.
[09/28/2026-23:30:26] [TRT] [V] Tactic: 0x0000000000000000 Time: 0.086272
[09/28/2026-23:30:26] [TRT] [V] Tactic: 0x0000000000000000 A valid tactic is found. Rest of the tactics are skipped.
[09/28/2026-23:30:26] [TRT] [V] >>>>>>>>>>>>>>> Chose Runner Type: MyelinElementWise Tactic: 0x0000000000000000
[09/28/2026-23:30:26] [TRT] [V] =============== Computing costs for /model.22/cv2.1/cv2.1.2/Conv
[09/28/2026-23:30:26] [TRT] [V] *************** Autotuning format combination: Float(102400,1600,40,1) -> Float(102400,1600,40,1) ***************
[09/28/2026-23:30:26] [TRT] [V] --------------- Timing Runner: /model.22/cv2.1/cv2.1.2/Conv (CaskConvolution[0x80000009])
[09/28/2026-23:30:26] [TRT] [V] Tactic Name: volta_scudnn_128x128_relu_small_nn_v1 Tactic: 0x365602d0613d4c36 Time: 0.05136
[09/28/2026-23:30:26] [TRT] [V] Tactic: 0x365602d0613d4c36 A valid tactic is found. Rest of the tactics are skipped.
[09/28/2026-23:30:26] [TRT] [V] >>>>>>>>>>>>>>> Chose Runner Type: CaskConvolution Tactic: 0x365602d0613d4c36
[09/28/2026-23:30:26] [TRT] [V] =============== Computing costs for /model.22/cv3.1/cv3.1.2/Conv
[09/28/2026-23:30:26] [TRT] [V] *************** Autotuning format combination: Float(102400,1600,40,1) -> Float(4800,1600,40,1) ***************
[09/28/2026-23:30:26] [TRT] [V] --------------- Timing Runner: /model.22/cv3.1/cv3.1.2/Conv (CaskConvolution[0x80000009])
[09/28/2026-23:30:26] [TRT] [V] Tactic Name: volta_scudnn_128x128_relu_small_nn_v1 Tactic: 0x365602d0613d4c36 Time: 0.04464
[09/28/2026-23:30:26] [TRT] [V] Tactic: 0x365602d0613d4c36 A valid tactic is found. Rest of the tactics are skipped.
[09/28/2026-23:30:26] [TRT] [V] >>>>>>>>>>>>>>> Chose Runner Type: CaskConvolution Tactic: 0x365602d0613d4c36
[09/28/2026-23:30:26] [TRT] [V] =============== Computing costs for /model.21/Split
[09/28/2026-23:30:26] [TRT] [V] *************** Autotuning format combination: Float(102400,400,20,1) -> Float(51200,400,20,1) ***************
[09/28/2026-23:30:26] [TRT] [V] Skipping Padding: No valid tactics for /model.21/Split
[09/28/2026-23:30:26] [TRT] [V] --------------- Timing Runner: /model.21/Split (Slice[0x8000001b])
[09/28/2026-23:30:26] [TRT] [V] Tactic: 0x0000000000000000 Time: 0.034048
[09/28/2026-23:30:26] [TRT] [V] Tactic: 0x0000000000000000 A valid tactic is found. Rest of the tactics are skipped.
[09/28/2026-23:30:26] [TRT] [V] >>>>>>>>>>>>>>> Chose Runner Type: Slice Tactic: 0x0000000000000000
[09/28/2026-23:30:26] [TRT] [V] =============== Computing costs for /model.21/Split_23
[09/28/2026-23:30:26] [TRT] [V] *************** Autotuning format combination: Float(102400,400,20,1) -> Float(51200,400,20,1) ***************
[09/28/2026-23:30:26] [TRT] [V] Skipping Padding: No valid tactics for /model.21/Split_23
[09/28/2026-23:30:26] [TRT] [V] --------------- Timing Runner: /model.21/Split_23 (Slice[0x8000001b])
[09/28/2026-23:30:26] [TRT] [V] Tactic: 0x0000000000000000 Time: 0.024032
[09/28/2026-23:30:26] [TRT] [V] Tactic: 0x0000000000000000 A valid tactic is found. Rest of the tactics are skipped.
[09/28/2026-23:30:26] [TRT] [V] >>>>>>>>>>>>>>> Chose Runner Type: Slice Tactic: 0x0000000000000000
[09/28/2026-23:30:26] [TRT] [V] =============== Computing costs for /model.22/Reshape_1
[09/28/2026-23:30:26] [TRT] [V] *************** Autotuning format combination: Float(102400,1600,40,1) -> Float(102400,1600,1) ***************
[09/28/2026-23:30:26] [TRT] [V] --------------- Timing Runner: /model.22/Reshape_1 (Shuffle[0x8000000d])
[09/28/2026-23:30:26] [TRT] [V] Tactic: 0x0000000000000000 Time: 0.03072
[09/28/2026-23:30:26] [TRT] [V] Tactic: 0x0000000000000000 A valid tactic is found. Rest of the tactics are skipped.
[09/28/2026-23:30:26] [TRT] [V] >>>>>>>>>>>>>>> Chose Runner Type: Shuffle Tactic: 0x0000000000000000
[09/28/2026-23:30:26] [TRT] [V] =============== Computing costs for /model.22/Reshape_4
[09/28/2026-23:30:26] [TRT] [V] *************** Autotuning format combination: Float(4800,1600,40,1) -> Float(4800,1600,1) ***************
[09/28/2026-23:30:26] [TRT] [V] --------------- Timing Runner: /model.22/Reshape_4 (Shuffle[0x8000000d])
[09/28/2026-23:30:26] [TRT] [V] Tactic: 0x0000000000000000 Time: 0.0248
[09/28/2026-23:30:26] [TRT] [V] Tactic: 0x0000000000000000 A valid tactic is found. Rest of the tactics are skipped.
[09/28/2026-23:30:26] [TRT] [V] >>>>>>>>>>>>>>> Chose Runner Type: Shuffle Tactic: 0x0000000000000000
[09/28/2026-23:30:26] [TRT] [V] =============== Computing costs for /model.21/m.0/cv1/conv/Conv
[09/28/2026-23:30:26] [TRT] [V] *************** Autotuning format combination: Float(51200,400,20,1) -> Float(51200,400,20,1) ***************
[09/28/2026-23:30:27] [TRT] [V] --------------- Timing Runner: /model.21/m.0/cv1/conv/Conv (CaskConvolution[0x80000009])
[09/28/2026-23:30:27] [TRT] [V] Tactic Name: volta_scudnn_winograd_128x128_ldg1_ldg4_relu_tile148t_nt_v1 Tactic: 0x268494f0a1c83de3 Time: 0.057216
[09/28/2026-23:30:27] [TRT] [V] Tactic: 0x268494f0a1c83de3 A valid tactic is found. Rest of the tactics are skipped.
[09/28/2026-23:30:27] [TRT] [V] >>>>>>>>>>>>>>> Chose Runner Type: CaskConvolution Tactic: 0x268494f0a1c83de3
[09/28/2026-23:30:27] [TRT] [V] =============== Computing costs for PWN(/model.21/m.0/cv1/act/Sigmoid)
[09/28/2026-23:30:27] [TRT] [V] *************** Autotuning format combination: Float(51200,400,20,1) -> Float(51200,400,20,1) ***************
[09/28/2026-23:30:27] [TRT] [V] --------------- Timing Runner: PWN(/model.21/m.0/cv1/act/Sigmoid) (PointWiseV2[0x80000028])
[09/28/2026-23:30:27] [TRT] [V] Tactic: 0x0000000000000000 Time: 0.036864
[09/28/2026-23:30:27] [TRT] [V] Tactic: 0x0000000000000000 A valid tactic is found. Rest of the tactics are skipped.
[09/28/2026-23:30:27] [TRT] [V] >>>>>>>>>>>>>>> Chose Runner Type: PointWiseV2 Tactic: 0x0000000000000000
[09/28/2026-23:30:27] [TRT] [V] =============== Computing costs for /model.21/m.0/cv1/act/Mul
[09/28/2026-23:30:27] [TRT] [V] *************** Autotuning format combination: Float(51200,400,20,1), Float(51200,400,20,1) -> Float(51200,400,20,1) ***************
[09/28/2026-23:30:27] [TRT] [V] --------------- Timing Runner: /model.21/m.0/cv1/act/Mul (MyelinElementWise[0x80000046])
[09/28/2026-23:30:27] [TRT] [V] Disabling gemm+pointwise/reduce fusions at optimization level 0
[09/28/2026-23:30:27] [TRT] [V] Set number of tactics to 1 at optimization level 0
[09/28/2026-23:30:27] [TRT] [V]  (foreignNode) Set user's cuda kernel library
[09/28/2026-23:30:27] [TRT] [V] Subgraph compilation completed in 0.006 seconds.
[09/28/2026-23:30:27] [TRT] [V] Tactic: 0x0000000000000000 Time: 0.082432
[09/28/2026-23:30:27] [TRT] [V] Tactic: 0x0000000000000000 A valid tactic is found. Rest of the tactics are skipped.
[09/28/2026-23:30:27] [TRT] [V] >>>>>>>>>>>>>>> Chose Runner Type: MyelinElementWise Tactic: 0x0000000000000000
[09/28/2026-23:30:27] [TRT] [V] =============== Computing costs for /model.21/m.0/cv2/conv/Conv
[09/28/2026-23:30:27] [TRT] [V] *************** Autotuning format combination: Float(51200,400,20,1) -> Float(51200,400,20,1) ***************
[09/28/2026-23:30:27] [TRT] [V] --------------- Timing Runner: /model.21/m.0/cv2/conv/Conv (CaskConvolution[0x80000009])
[09/28/2026-23:30:27] [TRT] [V] Tactic Name: volta_scudnn_winograd_128x128_ldg1_ldg4_relu_tile148t_nt_v1 Tactic: 0x268494f0a1c83de3 Time: 0.061408
[09/28/2026-23:30:27] [TRT] [V] Tactic: 0x268494f0a1c83de3 A valid tactic is found. Rest of the tactics are skipped.
[09/28/2026-23:30:27] [TRT] [V] >>>>>>>>>>>>>>> Chose Runner Type: CaskConvolution Tactic: 0x268494f0a1c83de3
[09/28/2026-23:30:27] [TRT] [V] =============== Computing costs for PWN(/model.21/m.0/cv2/act/Sigmoid)
[09/28/2026-23:30:27] [TRT] [V] *************** Autotuning format combination: Float(51200,400,20,1) -> Float(51200,400,20,1) ***************
[09/28/2026-23:30:27] [TRT] [V] --------------- Timing Runner: PWN(/model.21/m.0/cv2/act/Sigmoid) (PointWiseV2[0x80000028])
[09/28/2026-23:30:27] [TRT] [V] Tactic: 0x0000000000000000 Time: 0.016096
[09/28/2026-23:30:27] [TRT] [V] Tactic: 0x0000000000000000 A valid tactic is found. Rest of the tactics are skipped.
[09/28/2026-23:30:27] [TRT] [V] >>>>>>>>>>>>>>> Chose Runner Type: PointWiseV2 Tactic: 0x0000000000000000
[09/28/2026-23:30:27] [TRT] [V] =============== Computing costs for /model.21/m.0/cv2/act/Mul
[09/28/2026-23:30:27] [TRT] [V] *************** Autotuning format combination: Float(51200,400,20,1), Float(51200,400,20,1) -> Float(51200,400,20,1) ***************
[09/28/2026-23:30:27] [TRT] [V] --------------- Timing Runner: /model.21/m.0/cv2/act/Mul (MyelinElementWise[0x80000046])
[09/28/2026-23:30:27] [TRT] [V] Disabling gemm+pointwise/reduce fusions at optimization level 0
[09/28/2026-23:30:27] [TRT] [V] Set number of tactics to 1 at optimization level 0
[09/28/2026-23:30:27] [TRT] [V]  (foreignNode) Set user's cuda kernel library
[09/28/2026-23:30:27] [TRT] [V] Subgraph compilation completed in 0.008 seconds.
[09/28/2026-23:30:27] [TRT] [V] Tactic: 0x0000000000000000 Time: 0.092576
[09/28/2026-23:30:27] [TRT] [V] Tactic: 0x0000000000000000 A valid tactic is found. Rest of the tactics are skipped.
[09/28/2026-23:30:27] [TRT] [V] >>>>>>>>>>>>>>> Chose Runner Type: MyelinElementWise Tactic: 0x0000000000000000
[09/28/2026-23:30:27] [TRT] [V] =============== Computing costs for /model.21/cv2/conv/Conv
[09/28/2026-23:30:27] [TRT] [V] *************** Autotuning format combination: Float(153600,400,20,1) -> Float(102400,400,20,1) ***************
[09/28/2026-23:30:27] [TRT] [V] --------------- Timing Runner: /model.21/cv2/conv/Conv (CaskConvolution[0x80000009])
[09/28/2026-23:30:27] [TRT] [V] Tactic Name: volta_scudnn_128x128_relu_small_nn_v1 Tactic: 0x365602d0613d4c36 Time: 0.104064
[09/28/2026-23:30:27] [TRT] [V] Tactic: 0x365602d0613d4c36 A valid tactic is found. Rest of the tactics are skipped.
[09/28/2026-23:30:27] [TRT] [V] >>>>>>>>>>>>>>> Chose Runner Type: CaskConvolution Tactic: 0x365602d0613d4c36
[09/28/2026-23:30:27] [TRT] [V] =============== Computing costs for PWN(/model.21/cv2/act/Sigmoid)
[09/28/2026-23:30:27] [TRT] [V] *************** Autotuning format combination: Float(102400,400,20,1) -> Float(102400,400,20,1) ***************
[09/28/2026-23:30:27] [TRT] [V] --------------- Timing Runner: PWN(/model.21/cv2/act/Sigmoid) (PointWiseV2[0x80000028])
[09/28/2026-23:30:27] [TRT] [V] Tactic: 0x0000000000000000 Time: 0.037952
[09/28/2026-23:30:27] [TRT] [V] Tactic: 0x0000000000000000 A valid tactic is found. Rest of the tactics are skipped.
[09/28/2026-23:30:27] [TRT] [V] >>>>>>>>>>>>>>> Chose Runner Type: PointWiseV2 Tactic: 0x0000000000000000
[09/28/2026-23:30:27] [TRT] [V] =============== Computing costs for /model.21/cv2/act/Mul
[09/28/2026-23:30:27] [TRT] [V] *************** Autotuning format combination: Float(102400,400,20,1), Float(102400,400,20,1) -> Float(102400,400,20,1) ***************
[09/28/2026-23:30:27] [TRT] [V] --------------- Timing Runner: /model.21/cv2/act/Mul (MyelinElementWise[0x80000046])
[09/28/2026-23:30:27] [TRT] [V] Disabling gemm+pointwise/reduce fusions at optimization level 0
[09/28/2026-23:30:27] [TRT] [V] Set number of tactics to 1 at optimization level 0
[09/28/2026-23:30:27] [TRT] [V]  (foreignNode) Set user's cuda kernel library
[09/28/2026-23:30:27] [TRT] [V] Subgraph compilation completed in 0.006 seconds.
[09/28/2026-23:30:27] [TRT] [V] Tactic: 0x0000000000000000 Time: 0.086208
[09/28/2026-23:30:27] [TRT] [V] Tactic: 0x0000000000000000 A valid tactic is found. Rest of the tactics are skipped.
[09/28/2026-23:30:27] [TRT] [V] >>>>>>>>>>>>>>> Chose Runner Type: MyelinElementWise Tactic: 0x0000000000000000
[09/28/2026-23:30:27] [TRT] [V] =============== Computing costs for /model.22/cv2.2/cv2.2.0/conv/Conv
[09/28/2026-23:30:27] [TRT] [V] *************** Autotuning format combination: Float(102400,400,20,1) -> Float(25600,400,20,1) ***************
[09/28/2026-23:30:27] [TRT] [V] --------------- Timing Runner: /model.22/cv2.2/cv2.2.0/conv/Conv (CaskConvolution[0x80000009])
[09/28/2026-23:30:27] [TRT] [V] Tactic Name: volta_scudnn_winograd_128x128_ldg1_ldg4_relu_tile148t_nt_v1 Tactic: 0x268494f0a1c83de3 Time: 0.088384
[09/28/2026-23:30:27] [TRT] [V] Tactic: 0x268494f0a1c83de3 A valid tactic is found. Rest of the tactics are skipped.
[09/28/2026-23:30:27] [TRT] [V] >>>>>>>>>>>>>>> Chose Runner Type: CaskConvolution Tactic: 0x268494f0a1c83de3
[09/28/2026-23:30:27] [TRT] [V] =============== Computing costs for /model.22/cv3.2/cv3.2.0/conv/Conv
[09/28/2026-23:30:27] [TRT] [V] *************** Autotuning format combination: Float(102400,400,20,1) -> Float(25600,400,20,1) ***************
[09/28/2026-23:30:27] [TRT] [V] --------------- Timing Runner: /model.22/cv3.2/cv3.2.0/conv/Conv (CaskConvolution[0x80000009])
[09/28/2026-23:30:27] [TRT] [V] Tactic Name: volta_scudnn_winograd_128x128_ldg1_ldg4_relu_tile148t_nt_v1 Tactic: 0x268494f0a1c83de3 Time: 0.088096
[09/28/2026-23:30:27] [TRT] [V] Tactic: 0x268494f0a1c83de3 A valid tactic is found. Rest of the tactics are skipped.
[09/28/2026-23:30:27] [TRT] [V] >>>>>>>>>>>>>>> Chose Runner Type: CaskConvolution Tactic: 0x268494f0a1c83de3
[09/28/2026-23:30:27] [TRT] [V] =============== Computing costs for PWN(/model.22/cv2.2/cv2.2.0/act/Sigmoid)
[09/28/2026-23:30:27] [TRT] [V] *************** Autotuning format combination: Float(25600,400,20,1) -> Float(25600,400,20,1) ***************
[09/28/2026-23:30:27] [TRT] [V] --------------- Timing Runner: PWN(/model.22/cv2.2/cv2.2.0/act/Sigmoid) (PointWiseV2[0x80000028])
[09/28/2026-23:30:27] [TRT] [V] Tactic: 0x0000000000000000 Time: 0.045024
[09/28/2026-23:30:27] [TRT] [V] Tactic: 0x0000000000000000 A valid tactic is found. Rest of the tactics are skipped.
[09/28/2026-23:30:27] [TRT] [V] >>>>>>>>>>>>>>> Chose Runner Type: PointWiseV2 Tactic: 0x0000000000000000
[09/28/2026-23:30:27] [TRT] [V] =============== Computing costs for PWN(/model.22/cv3.2/cv3.2.0/act/Sigmoid)
[09/28/2026-23:30:27] [TRT] [V] *************** Autotuning format combination: Float(25600,400,20,1) -> Float(25600,400,20,1) ***************
[09/28/2026-23:30:27] [TRT] [V] --------------- Timing Runner: PWN(/model.22/cv3.2/cv3.2.0/act/Sigmoid) (PointWiseV2[0x80000028])
[09/28/2026-23:30:27] [TRT] [V] Tactic: 0x0000000000000000 Time: 0.031168
[09/28/2026-23:30:27] [TRT] [V] Tactic: 0x0000000000000000 A valid tactic is found. Rest of the tactics are skipped.
[09/28/2026-23:30:27] [TRT] [V] >>>>>>>>>>>>>>> Chose Runner Type: PointWiseV2 Tactic: 0x0000000000000000
[09/28/2026-23:30:27] [TRT] [V] =============== Computing costs for /model.22/cv2.2/cv2.2.0/act/Mul
[09/28/2026-23:30:27] [TRT] [V] *************** Autotuning format combination: Float(25600,400,20,1), Float(25600,400,20,1) -> Float(25600,400,20,1) ***************
[09/28/2026-23:30:27] [TRT] [V] --------------- Timing Runner: /model.22/cv2.2/cv2.2.0/act/Mul (MyelinElementWise[0x80000046])
[09/28/2026-23:30:27] [TRT] [V] Disabling gemm+pointwise/reduce fusions at optimization level 0
[09/28/2026-23:30:27] [TRT] [V] Set number of tactics to 1 at optimization level 0
[09/28/2026-23:30:27] [TRT] [V]  (foreignNode) Set user's cuda kernel library
[09/28/2026-23:30:27] [TRT] [V] Subgraph compilation completed in 0.044 seconds.
[09/28/2026-23:30:27] [TRT] [V] Tactic: 0x0000000000000000 Time: 0.041984
[09/28/2026-23:30:27] [TRT] [V] Tactic: 0x0000000000000000 A valid tactic is found. Rest of the tactics are skipped.
[09/28/2026-23:30:27] [TRT] [V] >>>>>>>>>>>>>>> Chose Runner Type: MyelinElementWise Tactic: 0x0000000000000000
[09/28/2026-23:30:27] [TRT] [V] =============== Computing costs for /model.22/cv3.2/cv3.2.0/act/Mul
[09/28/2026-23:30:27] [TRT] [V] *************** Autotuning format combination: Float(25600,400,20,1), Float(25600,400,20,1) -> Float(25600,400,20,1) ***************
[09/28/2026-23:30:27] [TRT] [V] --------------- Timing Runner: /model.22/cv3.2/cv3.2.0/act/Mul (MyelinElementWise[0x80000046])
[09/28/2026-23:30:27] [TRT] [V] Disabling gemm+pointwise/reduce fusions at optimization level 0
[09/28/2026-23:30:27] [TRT] [V] Set number of tactics to 1 at optimization level 0
[09/28/2026-23:30:27] [TRT] [V]  (foreignNode) Set user's cuda kernel library
[09/28/2026-23:30:27] [TRT] [V] Subgraph compilation completed in 0.01 seconds.
[09/28/2026-23:30:27] [TRT] [V] Tactic: 0x0000000000000000 Time: 0.036896
[09/28/2026-23:30:27] [TRT] [V] Tactic: 0x0000000000000000 A valid tactic is found. Rest of the tactics are skipped.
[09/28/2026-23:30:27] [TRT] [V] >>>>>>>>>>>>>>> Chose Runner Type: MyelinElementWise Tactic: 0x0000000000000000
[09/28/2026-23:30:27] [TRT] [V] =============== Computing costs for /model.22/cv2.2/cv2.2.1/conv/Conv
[09/28/2026-23:30:27] [TRT] [V] *************** Autotuning format combination: Float(25600,400,20,1) -> Float(25600,400,20,1) ***************
[09/28/2026-23:30:27] [TRT] [V] --------------- Timing Runner: /model.22/cv2.2/cv2.2.1/conv/Conv (CaskConvolution[0x80000009])
[09/28/2026-23:30:27] [TRT] [V] Tactic Name: volta_scudnn_winograd_128x128_ldg1_ldg4_relu_tile148t_nt_v1 Tactic: 0x268494f0a1c83de3 Time: 0.035104
[09/28/2026-23:30:27] [TRT] [V] Tactic: 0x268494f0a1c83de3 A valid tactic is found. Rest of the tactics are skipped.
[09/28/2026-23:30:27] [TRT] [V] >>>>>>>>>>>>>>> Chose Runner Type: CaskConvolution Tactic: 0x268494f0a1c83de3
[09/28/2026-23:30:27] [TRT] [V] =============== Computing costs for /model.22/cv3.2/cv3.2.1/conv/Conv
[09/28/2026-23:30:27] [TRT] [V] *************** Autotuning format combination: Float(25600,400,20,1) -> Float(25600,400,20,1) ***************
[09/28/2026-23:30:27] [TRT] [V] --------------- Timing Runner: /model.22/cv3.2/cv3.2.1/conv/Conv (CaskConvolution[0x80000009])
[09/28/2026-23:30:27] [TRT] [V] Tactic Name: volta_scudnn_winograd_128x128_ldg1_ldg4_relu_tile148t_nt_v1 Tactic: 0x268494f0a1c83de3 Time: 0.037472
[09/28/2026-23:30:27] [TRT] [V] Tactic: 0x268494f0a1c83de3 A valid tactic is found. Rest of the tactics are skipped.
[09/28/2026-23:30:27] [TRT] [V] >>>>>>>>>>>>>>> Chose Runner Type: CaskConvolution Tactic: 0x268494f0a1c83de3
[09/28/2026-23:30:27] [TRT] [V] =============== Computing costs for PWN(/model.22/cv2.2/cv2.2.1/act/Sigmoid)
[09/28/2026-23:30:27] [TRT] [V] *************** Autotuning format combination: Float(25600,400,20,1) -> Float(25600,400,20,1) ***************
[09/28/2026-23:30:27] [TRT] [V] --------------- Timing Runner: PWN(/model.22/cv2.2/cv2.2.1/act/Sigmoid) (PointWiseV2[0x80000028])
[09/28/2026-23:30:27] [TRT] [V] Tactic: 0x0000000000000000 Time: 0.012352
[09/28/2026-23:30:27] [TRT] [V] Tactic: 0x0000000000000000 A valid tactic is found. Rest of the tactics are skipped.
[09/28/2026-23:30:27] [TRT] [V] >>>>>>>>>>>>>>> Chose Runner Type: PointWiseV2 Tactic: 0x0000000000000000
[09/28/2026-23:30:27] [TRT] [V] =============== Computing costs for PWN(/model.22/cv3.2/cv3.2.1/act/Sigmoid)
[09/28/2026-23:30:27] [TRT] [V] *************** Autotuning format combination: Float(25600,400,20,1) -> Float(25600,400,20,1) ***************
[09/28/2026-23:30:27] [TRT] [V] --------------- Timing Runner: PWN(/model.22/cv3.2/cv3.2.1/act/Sigmoid) (PointWiseV2[0x80000028])
[09/28/2026-23:30:27] [TRT] [V] Tactic: 0x0000000000000000 Time: 0.010752
[09/28/2026-23:30:27] [TRT] [V] Tactic: 0x0000000000000000 A valid tactic is found. Rest of the tactics are skipped.
[09/28/2026-23:30:27] [TRT] [V] >>>>>>>>>>>>>>> Chose Runner Type: PointWiseV2 Tactic: 0x0000000000000000
[09/28/2026-23:30:27] [TRT] [V] =============== Computing costs for /model.22/cv2.2/cv2.2.1/act/Mul
[09/28/2026-23:30:27] [TRT] [V] *************** Autotuning format combination: Float(25600,400,20,1), Float(25600,400,20,1) -> Float(25600,400,20,1) ***************
[09/28/2026-23:30:27] [TRT] [V] --------------- Timing Runner: /model.22/cv2.2/cv2.2.1/act/Mul (MyelinElementWise[0x80000046])
[09/28/2026-23:30:27] [TRT] [V] Disabling gemm+pointwise/reduce fusions at optimization level 0
[09/28/2026-23:30:27] [TRT] [V] Set number of tactics to 1 at optimization level 0
[09/28/2026-23:30:27] [TRT] [V]  (foreignNode) Set user's cuda kernel library
[09/28/2026-23:30:27] [TRT] [V] Subgraph compilation completed in 0.007 seconds.
[09/28/2026-23:30:27] [TRT] [V] Tactic: 0x0000000000000000 Time: 0.034848
[09/28/2026-23:30:27] [TRT] [V] Tactic: 0x0000000000000000 A valid tactic is found. Rest of the tactics are skipped.
[09/28/2026-23:30:27] [TRT] [V] >>>>>>>>>>>>>>> Chose Runner Type: MyelinElementWise Tactic: 0x0000000000000000
[09/28/2026-23:30:27] [TRT] [V] =============== Computing costs for /model.22/cv3.2/cv3.2.1/act/Mul
[09/28/2026-23:30:27] [TRT] [V] *************** Autotuning format combination: Float(25600,400,20,1), Float(25600,400,20,1) -> Float(25600,400,20,1) ***************
[09/28/2026-23:30:27] [TRT] [V] --------------- Timing Runner: /model.22/cv3.2/cv3.2.1/act/Mul (MyelinElementWise[0x80000046])
[09/28/2026-23:30:27] [TRT] [V] Disabling gemm+pointwise/reduce fusions at optimization level 0
[09/28/2026-23:30:27] [TRT] [V] Set number of tactics to 1 at optimization level 0
[09/28/2026-23:30:27] [TRT] [V]  (foreignNode) Set user's cuda kernel library
[09/28/2026-23:30:27] [TRT] [V] Subgraph compilation completed in 0.006 seconds.
[09/28/2026-23:30:27] [TRT] [V] Tactic: 0x0000000000000000 Time: 0.032768
[09/28/2026-23:30:27] [TRT] [V] Tactic: 0x0000000000000000 A valid tactic is found. Rest of the tactics are skipped.
[09/28/2026-23:30:27] [TRT] [V] >>>>>>>>>>>>>>> Chose Runner Type: MyelinElementWise Tactic: 0x0000000000000000
[09/28/2026-23:30:27] [TRT] [V] =============== Computing costs for /model.22/cv2.2/cv2.2.2/Conv
[09/28/2026-23:30:27] [TRT] [V] *************** Autotuning format combination: Float(25600,400,20,1) -> Float(25600,400,20,1) ***************
[09/28/2026-23:30:27] [TRT] [V] --------------- Timing Runner: /model.22/cv2.2/cv2.2.2/Conv (CaskConvolution[0x80000009])
[09/28/2026-23:30:27] [TRT] [V] Tactic Name: volta_scudnn_128x128_relu_small_nn_v1 Tactic: 0x365602d0613d4c36 Time: 0.032832
[09/28/2026-23:30:27] [TRT] [V] Tactic: 0x365602d0613d4c36 A valid tactic is found. Rest of the tactics are skipped.
[09/28/2026-23:30:27] [TRT] [V] >>>>>>>>>>>>>>> Chose Runner Type: CaskConvolution Tactic: 0x365602d0613d4c36
[09/28/2026-23:30:27] [TRT] [V] =============== Computing costs for /model.22/cv3.2/cv3.2.2/Conv
[09/28/2026-23:30:27] [TRT] [V] *************** Autotuning format combination: Float(25600,400,20,1) -> Float(1200,400,20,1) ***************
[09/28/2026-23:30:27] [TRT] [V] --------------- Timing Runner: /model.22/cv3.2/cv3.2.2/Conv (CaskConvolution[0x80000009])
[09/28/2026-23:30:27] [TRT] [V] Tactic Name: volta_scudnn_128x128_relu_small_nn_v1 Tactic: 0x365602d0613d4c36 Time: 0.032992
[09/28/2026-23:30:27] [TRT] [V] Tactic: 0x365602d0613d4c36 A valid tactic is found. Rest of the tactics are skipped.
[09/28/2026-23:30:27] [TRT] [V] >>>>>>>>>>>>>>> Chose Runner Type: CaskConvolution Tactic: 0x365602d0613d4c36
[09/28/2026-23:30:27] [TRT] [V] =============== Computing costs for /model.22/Reshape_2
[09/28/2026-23:30:27] [TRT] [V] *************** Autotuning format combination: Float(25600,400,20,1) -> Float(25600,400,1) ***************
[09/28/2026-23:30:27] [TRT] [V] --------------- Timing Runner: /model.22/Reshape_2 (Shuffle[0x8000000d])
[09/28/2026-23:30:27] [TRT] [V] Tactic: 0x0000000000000000 Time: 0.016512
[09/28/2026-23:30:27] [TRT] [V] Tactic: 0x0000000000000000 A valid tactic is found. Rest of the tactics are skipped.
[09/28/2026-23:30:27] [TRT] [V] >>>>>>>>>>>>>>> Chose Runner Type: Shuffle Tactic: 0x0000000000000000
[09/28/2026-23:30:27] [TRT] [V] =============== Computing costs for /model.22/Reshape_5
[09/28/2026-23:30:27] [TRT] [V] *************** Autotuning format combination: Float(1200,400,20,1) -> Float(1200,400,1) ***************
[09/28/2026-23:30:27] [TRT] [V] --------------- Timing Runner: /model.22/Reshape_5 (Shuffle[0x8000000d])
[09/28/2026-23:30:27] [TRT] [V] Tactic: 0x0000000000000000 Time: 0.01024
[09/28/2026-23:30:27] [TRT] [V] Tactic: 0x0000000000000000 A valid tactic is found. Rest of the tactics are skipped.
[09/28/2026-23:30:27] [TRT] [V] >>>>>>>>>>>>>>> Chose Runner Type: Shuffle Tactic: 0x0000000000000000
[09/28/2026-23:30:27] [TRT] [V] =============== Computing costs for /model.22/dfl/Reshape
[09/28/2026-23:30:27] [TRT] [V] *************** Autotuning format combination: Float(537600,8400,1) -> Float(537600,134400,8400,1) ***************
[09/28/2026-23:30:27] [TRT] [V] --------------- Timing Runner: /model.22/dfl/Reshape (Shuffle[0x8000000d])
[09/28/2026-23:30:27] [TRT] [V] Tactic: 0x0000000000000000 Time: 0.014112
[09/28/2026-23:30:27] [TRT] [V] Tactic: 0x0000000000000000 A valid tactic is found. Rest of the tactics are skipped.
[09/28/2026-23:30:27] [TRT] [V] >>>>>>>>>>>>>>> Chose Runner Type: Shuffle Tactic: 0x0000000000000000
[09/28/2026-23:30:27] [TRT] [V] =============== Computing costs for PWN(/model.22/Sigmoid)
[09/28/2026-23:30:27] [TRT] [V] *************** Autotuning format combination: Float(25200,8400,1) -> Float(25200,8400,1) ***************
[09/28/2026-23:30:27] [TRT] [V] --------------- Timing Runner: PWN(/model.22/Sigmoid) (PointWiseV2[0x80000028])
[09/28/2026-23:30:27] [TRT] [V] Tactic: 0x0000000000000000 Time: 0.011936
[09/28/2026-23:30:27] [TRT] [V] Tactic: 0x0000000000000000 A valid tactic is found. Rest of the tactics are skipped.
[09/28/2026-23:30:27] [TRT] [V] >>>>>>>>>>>>>>> Chose Runner Type: PointWiseV2 Tactic: 0x0000000000000000
[09/28/2026-23:30:27] [TRT] [V] =============== Computing costs for /model.22/dfl/Transpose
[09/28/2026-23:30:27] [TRT] [V] *************** Autotuning format combination: Float(537600,134400,8400,1) -> Float(537600,33600,8400,1) ***************
[09/28/2026-23:30:27] [TRT] [V] --------------- Timing Runner: /model.22/dfl/Transpose (Shuffle[0x8000000d])
[09/28/2026-23:30:27] [TRT] [V] Tactic: 0x0000000000000000 Time: 55.6155
[09/28/2026-23:30:27] [TRT] [V] Tactic: 0x0000000000000000 A valid tactic is found. Rest of the tactics are skipped.
[09/28/2026-23:30:27] [TRT] [V] >>>>>>>>>>>>>>> Chose Runner Type: Shuffle Tactic: 0x0000000000000000
[09/28/2026-23:30:27] [TRT] [V] =============== Computing costs for /model.22/dfl/Softmax
[09/28/2026-23:30:27] [TRT] [V] *************** Autotuning format combination: Float(537600,33600,8400,1) -> Float(537600,33600,8400,1) ***************
[09/28/2026-23:30:27] [TRT] [V] --------------- Timing Runner: /model.22/dfl/Softmax (CaskSoftMaxV2[0x80000040])
[09/28/2026-23:30:27] [TRT] [V] Tactic Name: sm50_xmma_softmax_trt_NCHW_FP32_Dim2_Threads256 Tactic: 0x48c115a824ac468d Time: 0.022368
[09/28/2026-23:30:27] [TRT] [V] Tactic: 0x48c115a824ac468d A valid tactic is found. Rest of the tactics are skipped.
[09/28/2026-23:30:27] [TRT] [V] >>>>>>>>>>>>>>> Chose Runner Type: CaskSoftMaxV2 Tactic: 0x48c115a824ac468d
[09/28/2026-23:30:27] [TRT] [V] =============== Computing costs for ONNXTRT_ShapeShuffle_29
[09/28/2026-23:30:27] [TRT] [V] *************** Autotuning format combination: Float(537600,33600,8400,1) -> Float(537600,33600,8400,1) ***************
[09/28/2026-23:30:27] [TRT] [V] --------------- Timing Runner: ONNXTRT_ShapeShuffle_29 (Shuffle[0x8000000d])
[09/28/2026-23:30:27] [TRT] [V] Tactic: 0x0000000000000000 Time: 0.02448
[09/28/2026-23:30:27] [TRT] [V] Tactic: 0x0000000000000000 A valid tactic is found. Rest of the tactics are skipped.
[09/28/2026-23:30:27] [TRT] [V] >>>>>>>>>>>>>>> Chose Runner Type: Shuffle Tactic: 0x0000000000000000
[09/28/2026-23:30:27] [TRT] [V] =============== Computing costs for /model.22/dfl/conv/Conv
[09/28/2026-23:30:27] [TRT] [V] *************** Autotuning format combination: Float(537600,33600,8400,1) -> Float(33600,33600,8400,1) ***************
[09/28/2026-23:30:27] [TRT] [V] --------------- Timing Runner: /model.22/dfl/conv/Conv (CaskConvolution[0x80000009])
[09/28/2026-23:30:27] [TRT] [V] Tactic Name: volta_scudnn_128x128_relu_small_nn_v1 Tactic: 0x365602d0613d4c36 Time: 0.046656
[09/28/2026-23:30:27] [TRT] [V] Tactic: 0x365602d0613d4c36 A valid tactic is found. Rest of the tactics are skipped.
[09/28/2026-23:30:27] [TRT] [V] >>>>>>>>>>>>>>> Chose Runner Type: CaskConvolution Tactic: 0x365602d0613d4c36
[09/28/2026-23:30:27] [TRT] [V] =============== Computing costs for /model.22/dfl/Reshape_1
[09/28/2026-23:30:27] [TRT] [V] *************** Autotuning format combination: Float(33600,33600,8400,1) -> Float(33600,8400,1) ***************
[09/28/2026-23:30:27] [TRT] [V] --------------- Timing Runner: /model.22/dfl/Reshape_1 (Shuffle[0x8000000d])
[09/28/2026-23:30:27] [TRT] [V] Tactic: 0x0000000000000000 Time: 0.016352
[09/28/2026-23:30:27] [TRT] [V] Tactic: 0x0000000000000000 A valid tactic is found. Rest of the tactics are skipped.
[09/28/2026-23:30:27] [TRT] [V] >>>>>>>>>>>>>>> Chose Runner Type: Shuffle Tactic: 0x0000000000000000
[09/28/2026-23:30:27] [TRT] [V] =============== Computing costs for /model.22/Slice
[09/28/2026-23:30:27] [TRT] [V] *************** Autotuning format combination: Float(33600,8400,1) -> Float(16800,8400,1) ***************
[09/28/2026-23:30:27] [TRT] [V] Skipping Padding: No valid tactics for /model.22/Slice
[09/28/2026-23:30:27] [TRT] [V] --------------- Timing Runner: /model.22/Slice (Slice[0x8000001b])
[09/28/2026-23:30:27] [TRT] [V] Tactic: 0x0000000000000000 Time: 0.051168
[09/28/2026-23:30:27] [TRT] [V] Tactic: 0x0000000000000000 A valid tactic is found. Rest of the tactics are skipped.
[09/28/2026-23:30:27] [TRT] [V] >>>>>>>>>>>>>>> Chose Runner Type: Slice Tactic: 0x0000000000000000
[09/28/2026-23:30:27] [TRT] [V] =============== Computing costs for /model.22/Slice_1
[09/28/2026-23:30:27] [TRT] [V] *************** Autotuning format combination: Float(33600,8400,1) -> Float(16800,8400,1) ***************
[09/28/2026-23:30:27] [TRT] [V] Skipping Padding: No valid tactics for /model.22/Slice_1
[09/28/2026-23:30:27] [TRT] [V] --------------- Timing Runner: /model.22/Slice_1 (Slice[0x8000001b])
[09/28/2026-23:30:27] [TRT] [V] Tactic: 0x0000000000000000 Time: 0.006144
[09/28/2026-23:30:27] [TRT] [V] Tactic: 0x0000000000000000 A valid tactic is found. Rest of the tactics are skipped.
[09/28/2026-23:30:27] [TRT] [V] >>>>>>>>>>>>>>> Chose Runner Type: Slice Tactic: 0x0000000000000000
[09/28/2026-23:30:27] [TRT] [V] =============== Computing costs for /model.22/Sub
[09/28/2026-23:30:27] [TRT] [V] *************** Autotuning format combination: Float(16800,8400,1), Float(16800,8400,1) -> Float(16800,8400,1) ***************
[09/28/2026-23:30:27] [TRT] [V] --------------- Timing Runner: /model.22/Sub (MyelinElementWise[0x80000046])
[09/28/2026-23:30:27] [TRT] [V] Disabling gemm+pointwise/reduce fusions at optimization level 0
[09/28/2026-23:30:27] [TRT] [V] Set number of tactics to 1 at optimization level 0
[09/28/2026-23:30:27] [TRT] [V]  (foreignNode) Set user's cuda kernel library
[09/28/2026-23:30:27] [TRT] [V] Subgraph compilation completed in 0.07 seconds.
[09/28/2026-23:30:27] [TRT] [V] Tactic: 0x0000000000000000 Time: 0.090688
[09/28/2026-23:30:27] [TRT] [V] Tactic: 0x0000000000000000 A valid tactic is found. Rest of the tactics are skipped.
[09/28/2026-23:30:27] [TRT] [V] >>>>>>>>>>>>>>> Chose Runner Type: MyelinElementWise Tactic: 0x0000000000000000
[09/28/2026-23:30:27] [TRT] [V] =============== Computing costs for /model.22/Add_1
[09/28/2026-23:30:27] [TRT] [V] *************** Autotuning format combination: Float(16800,8400,1), Float(16800,8400,1) -> Float(16800,8400,1) ***************
[09/28/2026-23:30:27] [TRT] [V] --------------- Timing Runner: /model.22/Add_1 (MyelinElementWise[0x80000046])
[09/28/2026-23:30:27] [TRT] [V] Disabling gemm+pointwise/reduce fusions at optimization level 0
[09/28/2026-23:30:27] [TRT] [V] Set number of tactics to 1 at optimization level 0
[09/28/2026-23:30:27] [TRT] [V]  (foreignNode) Set user's cuda kernel library
[09/28/2026-23:30:27] [TRT] [V] Subgraph compilation completed in 0.042 seconds.
[09/28/2026-23:30:27] [TRT] [V] Tactic: 0x0000000000000000 Time: 0.088064
[09/28/2026-23:30:27] [TRT] [V] Tactic: 0x0000000000000000 A valid tactic is found. Rest of the tactics are skipped.
[09/28/2026-23:30:27] [TRT] [V] >>>>>>>>>>>>>>> Chose Runner Type: MyelinElementWise Tactic: 0x0000000000000000
[09/28/2026-23:30:27] [TRT] [V] =============== Computing costs for /model.22/Add_2
[09/28/2026-23:30:27] [TRT] [V] *************** Autotuning format combination: Float(16800,8400,1), Float(16800,8400,1) -> Float(16800,8400,1) ***************
[09/28/2026-23:30:27] [TRT] [V] --------------- Timing Runner: /model.22/Add_2 (MyelinElementWise[0x80000046])
[09/28/2026-23:30:27] [TRT] [V] Disabling gemm+pointwise/reduce fusions at optimization level 0
[09/28/2026-23:30:27] [TRT] [V] Set number of tactics to 1 at optimization level 0
[09/28/2026-23:30:27] [TRT] [V]  (foreignNode) Set user's cuda kernel library
[09/28/2026-23:30:27] [TRT] [V] Subgraph compilation completed in 0.006 seconds.
[09/28/2026-23:30:27] [TRT] [V] Tactic: 0x0000000000000000 Time: 0.088128
[09/28/2026-23:30:27] [TRT] [V] Tactic: 0x0000000000000000 A valid tactic is found. Rest of the tactics are skipped.
[09/28/2026-23:30:27] [TRT] [V] >>>>>>>>>>>>>>> Chose Runner Type: MyelinElementWise Tactic: 0x0000000000000000
[09/28/2026-23:30:27] [TRT] [V] =============== Computing costs for /model.22/Sub_1
[09/28/2026-23:30:27] [TRT] [V] *************** Autotuning format combination: Float(16800,8400,1), Float(16800,8400,1) -> Float(16800,8400,1) ***************
[09/28/2026-23:30:27] [TRT] [V] --------------- Timing Runner: /model.22/Sub_1 (MyelinElementWise[0x80000046])
[09/28/2026-23:30:27] [TRT] [V] Disabling gemm+pointwise/reduce fusions at optimization level 0
[09/28/2026-23:30:27] [TRT] [V] Set number of tactics to 1 at optimization level 0
[09/28/2026-23:30:27] [TRT] [V]  (foreignNode) Set user's cuda kernel library
[09/28/2026-23:30:27] [TRT] [V] Subgraph compilation completed in 0.006 seconds.
[09/28/2026-23:30:27] [TRT] [V] Tactic: 0x0000000000000000 Time: 0.084544
[09/28/2026-23:30:27] [TRT] [V] Tactic: 0x0000000000000000 A valid tactic is found. Rest of the tactics are skipped.
[09/28/2026-23:30:27] [TRT] [V] >>>>>>>>>>>>>>> Chose Runner Type: MyelinElementWise Tactic: 0x0000000000000000
[09/28/2026-23:30:27] [TRT] [V] =============== Computing costs for /model.22/Div_1
[09/28/2026-23:30:27] [TRT] [V] *************** Autotuning format combination: Float(16800,8400,1), Float(1,1,1) -> Float(16800,8400,1) ***************
[09/28/2026-23:30:27] [TRT] [V] --------------- Timing Runner: /model.22/Div_1 (MyelinElementWise[0x80000046])
[09/28/2026-23:30:27] [TRT] [V] Disabling gemm+pointwise/reduce fusions at optimization level 0
[09/28/2026-23:30:27] [TRT] [V] Set number of tactics to 1 at optimization level 0
[09/28/2026-23:30:27] [TRT] [V]  (foreignNode) Set user's cuda kernel library
[09/28/2026-23:30:27] [TRT] [V] Subgraph compilation completed in 0.046 seconds.
[09/28/2026-23:30:27] [TRT] [V] Tactic: 0x0000000000000000 Time: 0.089952
[09/28/2026-23:30:27] [TRT] [V] Tactic: 0x0000000000000000 A valid tactic is found. Rest of the tactics are skipped.
[09/28/2026-23:30:27] [TRT] [V] >>>>>>>>>>>>>>> Chose Runner Type: MyelinElementWise Tactic: 0x0000000000000000
[09/28/2026-23:30:27] [TRT] [V] =============== Computing costs for /model.22/Mul_2
[09/28/2026-23:30:27] [TRT] [V] *************** Autotuning format combination: Float(33600,8400,1), Float(8400,8400,1) -> Float(33600,8400,1) ***************
[09/28/2026-23:30:27] [TRT] [V] --------------- Timing Runner: /model.22/Mul_2 (MyelinElementWise[0x80000046])
[09/28/2026-23:30:27] [TRT] [V] Disabling gemm+pointwise/reduce fusions at optimization level 0
[09/28/2026-23:30:27] [TRT] [V] Set number of tactics to 1 at optimization level 0
[09/28/2026-23:30:27] [TRT] [V]  (foreignNode) Set user's cuda kernel library
[09/28/2026-23:30:27] [TRT] [V] Subgraph compilation completed in 0.041 seconds.
[09/28/2026-23:30:27] [TRT] [V] Tactic: 0x0000000000000000 Time: 0.096224
[09/28/2026-23:30:27] [TRT] [V] Tactic: 0x0000000000000000 A valid tactic is found. Rest of the tactics are skipped.
[09/28/2026-23:30:27] [TRT] [V] >>>>>>>>>>>>>>> Chose Runner Type: MyelinElementWise Tactic: 0x0000000000000000
[09/28/2026-23:30:27] [TRT] [V] =============== Computing reformatting costs for available format set
[09/28/2026-23:30:27] [TRT] [V] =============== Computing reformatting costs for available format set
[09/28/2026-23:30:27] [TRT] [V] =============== Computing reformatting costs for available format set
[09/28/2026-23:30:27] [TRT] [V] =============== Computing reformatting costs for available format set
[09/28/2026-23:30:27] [TRT] [V] =============== Computing reformatting costs for available format set
[09/28/2026-23:30:27] [TRT] [V] =============== Computing reformatting costs for available format set
[09/28/2026-23:30:27] [TRT] [V] =============== Computing reformatting costs for available format set
[09/28/2026-23:30:27] [TRT] [V] =============== Computing reformatting costs for available format set
[09/28/2026-23:30:27] [TRT] [V] =============== Computing reformatting costs for available format set
[09/28/2026-23:30:27] [TRT] [V] =============== Computing reformatting costs for available format set
[09/28/2026-23:30:27] [TRT] [V] =============== Computing reformatting costs for available format set
[09/28/2026-23:30:27] [TRT] [V] =============== Computing reformatting costs for available format set
[09/28/2026-23:30:27] [TRT] [V] =============== Computing reformatting costs for available format set
[09/28/2026-23:30:27] [TRT] [V] =============== Computing reformatting costs for available format set
[09/28/2026-23:30:27] [TRT] [V] =============== Computing reformatting costs for available format set
[09/28/2026-23:30:27] [TRT] [V] =============== Computing reformatting costs for available format set
[09/28/2026-23:30:27] [TRT] [V] =============== Computing reformatting costs for available format set
[09/28/2026-23:30:27] [TRT] [V] =============== Computing reformatting costs for available format set
[09/28/2026-23:30:27] [TRT] [V] =============== Computing reformatting costs for available format set
[09/28/2026-23:30:27] [TRT] [V] =============== Computing reformatting costs for available format set
[09/28/2026-23:30:27] [TRT] [V] =============== Computing reformatting costs for available format set
[09/28/2026-23:30:27] [TRT] [V] =============== Computing reformatting costs for available format set
[09/28/2026-23:30:27] [TRT] [V] =============== Computing reformatting costs for available format set
[09/28/2026-23:30:27] [TRT] [V] =============== Computing reformatting costs for available format set
[09/28/2026-23:30:27] [TRT] [V] =============== Computing reformatting costs for available format set
[09/28/2026-23:30:27] [TRT] [V] =============== Computing reformatting costs for available format set
[09/28/2026-23:30:27] [TRT] [V] =============== Computing reformatting costs for available format set
[09/28/2026-23:30:27] [TRT] [V] =============== Computing reformatting costs for available format set
[09/28/2026-23:30:27] [TRT] [V] =============== Computing reformatting costs for available format set
[09/28/2026-23:30:27] [TRT] [V] =============== Computing reformatting costs for available format set
[09/28/2026-23:30:27] [TRT] [V] =============== Computing reformatting costs for available format set
[09/28/2026-23:30:27] [TRT] [V] =============== Computing reformatting costs for available format set
[09/28/2026-23:30:27] [TRT] [V] =============== Computing reformatting costs for available format set
[09/28/2026-23:30:27] [TRT] [V] =============== Computing reformatting costs for available format set
[09/28/2026-23:30:27] [TRT] [V] =============== Computing reformatting costs for available format set
[09/28/2026-23:30:27] [TRT] [V] =============== Computing reformatting costs for available format set
[09/28/2026-23:30:27] [TRT] [V] =============== Computing reformatting costs for available format set
[09/28/2026-23:30:27] [TRT] [V] =============== Computing reformatting costs for available format set
[09/28/2026-23:30:27] [TRT] [V] =============== Computing reformatting costs for available format set
[09/28/2026-23:30:27] [TRT] [V] =============== Computing reformatting costs for available format set
[09/28/2026-23:30:27] [TRT] [V] =============== Computing reformatting costs for available format set
[09/28/2026-23:30:27] [TRT] [V] =============== Computing reformatting costs for available format set
[09/28/2026-23:30:27] [TRT] [V] =============== Computing reformatting costs for available format set
[09/28/2026-23:30:27] [TRT] [V] =============== Computing reformatting costs for available format set
[09/28/2026-23:30:27] [TRT] [V] =============== Computing reformatting costs for available format set
[09/28/2026-23:30:27] [TRT] [V] =============== Computing reformatting costs for available format set
[09/28/2026-23:30:27] [TRT] [V] =============== Computing reformatting costs for available format set
[09/28/2026-23:30:27] [TRT] [V] =============== Computing reformatting costs for available format set
[09/28/2026-23:30:27] [TRT] [V] =============== Computing reformatting costs for available format set
[09/28/2026-23:30:27] [TRT] [V] =============== Computing reformatting costs for available format set
[09/28/2026-23:30:27] [TRT] [V] =============== Computing reformatting costs for available format set
[09/28/2026-23:30:27] [TRT] [V] =============== Computing reformatting costs: /model.2/Split_output_0 copy
[09/28/2026-23:30:27] [TRT] [V] *************** Autotuning format combination: Float(409600,25600,160,1) -> Float(1228800,25600,160,1) long-strided ***************
[09/28/2026-23:30:27] [TRT] [V] --------------- Timing Runner: /model.2/Split_output_0 copy (Reformat[0x80000006])
[09/28/2026-23:30:27] [TRT] [V] Tactic: 0x00000000000003e8 Time: 24.0806
[09/28/2026-23:30:27] [TRT] [V] Tactic: 0x00000000000003e8 A valid tactic is found. Rest of the tactics are skipped.
[09/28/2026-23:30:27] [TRT] [V] >>>>>>>>>>>>>>> Chose Runner Type: Reformat Tactic: 0x00000000000003e8
[09/28/2026-23:30:27] [TRT] [V] =============== Computing reformatting costs for available format set
[09/28/2026-23:30:27] [TRT] [V] =============== Computing reformatting costs: /model.2/Split_output_1 copy
[09/28/2026-23:30:27] [TRT] [V] *************** Autotuning format combination: Float(409600,25600,160,1) -> Float(1228800,25600,160,1) long-strided ***************
[09/28/2026-23:30:27] [TRT] [V] --------------- Timing Runner: /model.2/Split_output_1 copy (Reformat[0x80000006])
[09/28/2026-23:30:27] [TRT] [V] Tactic: 0x00000000000003e8 Time: 0.0512
[09/28/2026-23:30:27] [TRT] [V] Tactic: 0x00000000000003e8 A valid tactic is found. Rest of the tactics are skipped.
[09/28/2026-23:30:27] [TRT] [V] >>>>>>>>>>>>>>> Chose Runner Type: Reformat Tactic: 0x00000000000003e8
[09/28/2026-23:30:27] [TRT] [V] =============== Computing reformatting costs for available format set
[09/28/2026-23:30:27] [TRT] [V] =============== Computing reformatting costs: /model.2/m.0/Add_output_0 copy
[09/28/2026-23:30:27] [TRT] [V] *************** Autotuning format combination: Float(409600,25600,160,1) -> Float(1228800,25600,160,1) long-strided ***************
[09/28/2026-23:30:27] [TRT] [V] --------------- Timing Runner: /model.2/m.0/Add_output_0 copy (Reformat[0x80000006])
[09/28/2026-23:30:27] [TRT] [V] Tactic: 0x00000000000003e8 Time: 0.03232
[09/28/2026-23:30:27] [TRT] [V] Tactic: 0x00000000000003e8 A valid tactic is found. Rest of the tactics are skipped.
[09/28/2026-23:30:27] [TRT] [V] >>>>>>>>>>>>>>> Chose Runner Type: Reformat Tactic: 0x00000000000003e8
[09/28/2026-23:30:27] [TRT] [V] =============== Computing reformatting costs for available format set
[09/28/2026-23:30:27] [TRT] [V] =============== Computing reformatting costs for available format set
[09/28/2026-23:30:27] [TRT] [V] =============== Computing reformatting costs for available format set
[09/28/2026-23:30:27] [TRT] [V] =============== Computing reformatting costs for available format set
[09/28/2026-23:30:27] [TRT] [V] =============== Computing reformatting costs for available format set
[09/28/2026-23:30:27] [TRT] [V] =============== Computing reformatting costs for available format set
[09/28/2026-23:30:27] [TRT] [V] =============== Computing reformatting costs for available format set
[09/28/2026-23:30:27] [TRT] [V] =============== Computing reformatting costs for available format set
[09/28/2026-23:30:27] [TRT] [V] =============== Computing reformatting costs for available format set
[09/28/2026-23:30:27] [TRT] [V] =============== Computing reformatting costs for available format set
[09/28/2026-23:30:27] [TRT] [V] =============== Computing reformatting costs for available format set
[09/28/2026-23:30:27] [TRT] [V] =============== Computing reformatting costs for available format set
[09/28/2026-23:30:27] [TRT] [V] =============== Computing reformatting costs for available format set
[09/28/2026-23:30:27] [TRT] [V] =============== Computing reformatting costs for available format set
[09/28/2026-23:30:27] [TRT] [V] =============== Computing reformatting costs for available format set
[09/28/2026-23:30:27] [TRT] [V] =============== Computing reformatting costs for available format set
[09/28/2026-23:30:27] [TRT] [V] =============== Computing reformatting costs for available format set
[09/28/2026-23:30:27] [TRT] [V] =============== Computing reformatting costs for available format set
[09/28/2026-23:30:27] [TRT] [V] =============== Computing reformatting costs for available format set
[09/28/2026-23:30:27] [TRT] [V] =============== Computing reformatting costs for available format set
[09/28/2026-23:30:27] [TRT] [V] =============== Computing reformatting costs for available format set
[09/28/2026-23:30:27] [TRT] [V] =============== Computing reformatting costs for available format set
[09/28/2026-23:30:27] [TRT] [V] =============== Computing reformatting costs for available format set
[09/28/2026-23:30:27] [TRT] [V] =============== Computing reformatting costs for available format set
[09/28/2026-23:30:27] [TRT] [V] =============== Computing reformatting costs for available format set
[09/28/2026-23:30:27] [TRT] [V] =============== Computing reformatting costs for available format set
[09/28/2026-23:30:27] [TRT] [V] =============== Computing reformatting costs for available format set
[09/28/2026-23:30:27] [TRT] [V] =============== Computing reformatting costs for available format set
[09/28/2026-23:30:27] [TRT] [V] =============== Computing reformatting costs for available format set
[09/28/2026-23:30:27] [TRT] [V] =============== Computing reformatting costs for available format set
[09/28/2026-23:30:27] [TRT] [V] =============== Computing reformatting costs for available format set
[09/28/2026-23:30:27] [TRT] [V] =============== Computing reformatting costs for available format set
[09/28/2026-23:30:27] [TRT] [V] =============== Computing reformatting costs for available format set
[09/28/2026-23:30:27] [TRT] [V] =============== Computing reformatting costs for available format set
[09/28/2026-23:30:27] [TRT] [V] =============== Computing reformatting costs for available format set
[09/28/2026-23:30:27] [TRT] [V] =============== Computing reformatting costs for available format set
[09/28/2026-23:30:27] [TRT] [V] =============== Computing reformatting costs for available format set
[09/28/2026-23:30:27] [TRT] [V] =============== Computing reformatting costs for available format set
[09/28/2026-23:30:27] [TRT] [V] =============== Computing reformatting costs for available format set
[09/28/2026-23:30:27] [TRT] [V] =============== Computing reformatting costs for available format set
[09/28/2026-23:30:27] [TRT] [V] =============== Computing reformatting costs for available format set
[09/28/2026-23:30:27] [TRT] [V] =============== Computing reformatting costs for available format set
[09/28/2026-23:30:27] [TRT] [V] =============== Computing reformatting costs for available format set
[09/28/2026-23:30:27] [TRT] [V] =============== Computing reformatting costs for available format set
[09/28/2026-23:30:27] [TRT] [V] =============== Computing reformatting costs for available format set
[09/28/2026-23:30:27] [TRT] [V] =============== Computing reformatting costs for available format set
[09/28/2026-23:30:27] [TRT] [V] =============== Computing reformatting costs for available format set
[09/28/2026-23:30:27] [TRT] [V] =============== Computing reformatting costs for available format set
[09/28/2026-23:30:27] [TRT] [V] =============== Computing reformatting costs for available format set
[09/28/2026-23:30:27] [TRT] [V] =============== Computing reformatting costs for available format set
[09/28/2026-23:30:27] [TRT] [V] =============== Computing reformatting costs for available format set
[09/28/2026-23:30:27] [TRT] [V] =============== Computing reformatting costs for available format set
[09/28/2026-23:30:27] [TRT] [V] =============== Computing reformatting costs for available format set
[09/28/2026-23:30:27] [TRT] [V] =============== Computing reformatting costs for available format set
[09/28/2026-23:30:27] [TRT] [V] =============== Computing reformatting costs for available format set
[09/28/2026-23:30:27] [TRT] [V] =============== Computing reformatting costs for available format set
[09/28/2026-23:30:27] [TRT] [V] =============== Computing reformatting costs for available format set
[09/28/2026-23:30:27] [TRT] [V] =============== Computing reformatting costs for available format set
[09/28/2026-23:30:27] [TRT] [V] =============== Computing reformatting costs for available format set
[09/28/2026-23:30:27] [TRT] [V] =============== Computing reformatting costs for available format set
[09/28/2026-23:30:27] [TRT] [V] =============== Computing reformatting costs: /model.4/Split_output_0 copy
[09/28/2026-23:30:27] [TRT] [V] *************** Autotuning format combination: Float(204800,6400,80,1) -> Float(819200,6400,80,1) long-strided ***************
[09/28/2026-23:30:27] [TRT] [V] --------------- Timing Runner: /model.4/Split_output_0 copy (Reformat[0x80000006])
[09/28/2026-23:30:27] [TRT] [V] Tactic: 0x00000000000003e8 Time: 0.036768
[09/28/2026-23:30:27] [TRT] [V] Tactic: 0x00000000000003e8 A valid tactic is found. Rest of the tactics are skipped.
[09/28/2026-23:30:27] [TRT] [V] >>>>>>>>>>>>>>> Chose Runner Type: Reformat Tactic: 0x00000000000003e8
[09/28/2026-23:30:27] [TRT] [V] =============== Computing reformatting costs for available format set
[09/28/2026-23:30:27] [TRT] [V] =============== Computing reformatting costs: /model.4/Split_output_1 copy
[09/28/2026-23:30:27] [TRT] [V] *************** Autotuning format combination: Float(204800,6400,80,1) -> Float(819200,6400,80,1) long-strided ***************
[09/28/2026-23:30:27] [TRT] [V] --------------- Timing Runner: /model.4/Split_output_1 copy (Reformat[0x80000006])
[09/28/2026-23:30:27] [TRT] [V] Tactic: 0x00000000000003e8 Time: 0.032736
[09/28/2026-23:30:27] [TRT] [V] Tactic: 0x00000000000003e8 A valid tactic is found. Rest of the tactics are skipped.
[09/28/2026-23:30:27] [TRT] [V] >>>>>>>>>>>>>>> Chose Runner Type: Reformat Tactic: 0x00000000000003e8
[09/28/2026-23:30:27] [TRT] [V] =============== Computing reformatting costs for available format set
[09/28/2026-23:30:27] [TRT] [V] =============== Computing reformatting costs: /model.4/m.0/Add_output_0 copy
[09/28/2026-23:30:27] [TRT] [V] *************** Autotuning format combination: Float(204800,6400,80,1) -> Float(819200,6400,80,1) long-strided ***************
[09/28/2026-23:30:27] [TRT] [V] --------------- Timing Runner: /model.4/m.0/Add_output_0 copy (Reformat[0x80000006])
[09/28/2026-23:30:27] [TRT] [V] Tactic: 0x00000000000003e8 Time: 0.040736
[09/28/2026-23:30:27] [TRT] [V] Tactic: 0x00000000000003e8 A valid tactic is found. Rest of the tactics are skipped.
[09/28/2026-23:30:27] [TRT] [V] >>>>>>>>>>>>>>> Chose Runner Type: Reformat Tactic: 0x00000000000003e8
[09/28/2026-23:30:27] [TRT] [V] =============== Computing reformatting costs for available format set
[09/28/2026-23:30:27] [TRT] [V] =============== Computing reformatting costs: /model.4/m.1/Add_output_0 copy
[09/28/2026-23:30:27] [TRT] [V] *************** Autotuning format combination: Float(204800,6400,80,1) -> Float(819200,6400,80,1) long-strided ***************
[09/28/2026-23:30:27] [TRT] [V] --------------- Timing Runner: /model.4/m.1/Add_output_0 copy (Reformat[0x80000006])
[09/28/2026-23:30:27] [TRT] [V] Tactic: 0x00000000000003e8 Time: 0.043616
[09/28/2026-23:30:27] [TRT] [V] Tactic: 0x00000000000003e8 A valid tactic is found. Rest of the tactics are skipped.
[09/28/2026-23:30:27] [TRT] [V] >>>>>>>>>>>>>>> Chose Runner Type: Reformat Tactic: 0x00000000000003e8
[09/28/2026-23:30:27] [TRT] [V] =============== Computing reformatting costs for available format set
[09/28/2026-23:30:27] [TRT] [V] =============== Computing reformatting costs for available format set
[09/28/2026-23:30:27] [TRT] [V] =============== Computing reformatting costs for available format set
[09/28/2026-23:30:27] [TRT] [V] =============== Computing reformatting costs for available format set
[09/28/2026-23:30:27] [TRT] [V] =============== Computing reformatting costs for available format set
[09/28/2026-23:30:27] [TRT] [V] =============== Computing reformatting costs for available format set
[09/28/2026-23:30:27] [TRT] [V] =============== Computing reformatting costs for available format set
[09/28/2026-23:30:27] [TRT] [V] =============== Computing reformatting costs for available format set
[09/28/2026-23:30:27] [TRT] [V] =============== Computing reformatting costs for available format set
[09/28/2026-23:30:27] [TRT] [V] =============== Computing reformatting costs for available format set
[09/28/2026-23:30:27] [TRT] [V] =============== Computing reformatting costs for available format set
[09/28/2026-23:30:27] [TRT] [V] =============== Computing reformatting costs for available format set
[09/28/2026-23:30:27] [TRT] [V] =============== Computing reformatting costs for available format set
[09/28/2026-23:30:27] [TRT] [V] =============== Computing reformatting costs for available format set
[09/28/2026-23:30:27] [TRT] [V] =============== Computing reformatting costs for available format set
[09/28/2026-23:30:27] [TRT] [V] =============== Computing reformatting costs for available format set
[09/28/2026-23:30:27] [TRT] [V] =============== Computing reformatting costs for available format set
[09/28/2026-23:30:27] [TRT] [V] =============== Computing reformatting costs for available format set
[09/28/2026-23:30:27] [TRT] [V] =============== Computing reformatting costs for available format set
[09/28/2026-23:30:27] [TRT] [V] =============== Computing reformatting costs for available format set
[09/28/2026-23:30:27] [TRT] [V] =============== Computing reformatting costs for available format set
[09/28/2026-23:30:27] [TRT] [V] =============== Computing reformatting costs for available format set
[09/28/2026-23:30:27] [TRT] [V] =============== Computing reformatting costs for available format set
[09/28/2026-23:30:27] [TRT] [V] =============== Computing reformatting costs for available format set
[09/28/2026-23:30:27] [TRT] [V] =============== Computing reformatting costs for available format set
[09/28/2026-23:30:27] [TRT] [V] =============== Computing reformatting costs for available format set
[09/28/2026-23:30:27] [TRT] [V] =============== Computing reformatting costs for available format set
[09/28/2026-23:30:27] [TRT] [V] =============== Computing reformatting costs for available format set
[09/28/2026-23:30:27] [TRT] [V] =============== Computing reformatting costs for available format set
[09/28/2026-23:30:27] [TRT] [V] =============== Computing reformatting costs for available format set
[09/28/2026-23:30:27] [TRT] [V] =============== Computing reformatting costs for available format set
[09/28/2026-23:30:27] [TRT] [V] =============== Computing reformatting costs for available format set
[09/28/2026-23:30:27] [TRT] [V] =============== Computing reformatting costs for available format set
[09/28/2026-23:30:27] [TRT] [V] =============== Computing reformatting costs for available format set
[09/28/2026-23:30:27] [TRT] [V] =============== Computing reformatting costs for available format set
[09/28/2026-23:30:27] [TRT] [V] =============== Computing reformatting costs for available format set
[09/28/2026-23:30:27] [TRT] [V] =============== Computing reformatting costs for available format set
[09/28/2026-23:30:27] [TRT] [V] =============== Computing reformatting costs for available format set
[09/28/2026-23:30:27] [TRT] [V] =============== Computing reformatting costs for available format set
[09/28/2026-23:30:27] [TRT] [V] =============== Computing reformatting costs for available format set
[09/28/2026-23:30:27] [TRT] [V] =============== Computing reformatting costs for available format set
[09/28/2026-23:30:27] [TRT] [V] =============== Computing reformatting costs for available format set
[09/28/2026-23:30:27] [TRT] [V] =============== Computing reformatting costs for available format set
[09/28/2026-23:30:27] [TRT] [V] =============== Computing reformatting costs for available format set
[09/28/2026-23:30:27] [TRT] [V] =============== Computing reformatting costs for available format set
[09/28/2026-23:30:27] [TRT] [V] =============== Computing reformatting costs for available format set
[09/28/2026-23:30:27] [TRT] [V] =============== Computing reformatting costs for available format set
[09/28/2026-23:30:27] [TRT] [V] =============== Computing reformatting costs for available format set
[09/28/2026-23:30:27] [TRT] [V] =============== Computing reformatting costs for available format set
[09/28/2026-23:30:27] [TRT] [V] =============== Computing reformatting costs for available format set
[09/28/2026-23:30:27] [TRT] [V] =============== Computing reformatting costs for available format set
[09/28/2026-23:30:27] [TRT] [V] =============== Computing reformatting costs for available format set
[09/28/2026-23:30:27] [TRT] [V] =============== Computing reformatting costs for available format set
[09/28/2026-23:30:27] [TRT] [V] =============== Computing reformatting costs for available format set
[09/28/2026-23:30:27] [TRT] [V] =============== Computing reformatting costs for available format set
[09/28/2026-23:30:27] [TRT] [V] =============== Computing reformatting costs for available format set
[09/28/2026-23:30:27] [TRT] [V] =============== Computing reformatting costs for available format set
[09/28/2026-23:30:27] [TRT] [V] =============== Computing reformatting costs for available format set
[09/28/2026-23:30:27] [TRT] [V] =============== Computing reformatting costs for available format set
[09/28/2026-23:30:27] [TRT] [V] =============== Computing reformatting costs for available format set
[09/28/2026-23:30:27] [TRT] [V] =============== Computing reformatting costs: /model.6/Split_output_0 copy
[09/28/2026-23:30:27] [TRT] [V] *************** Autotuning format combination: Float(102400,1600,40,1) -> Float(409600,1600,40,1) long-strided ***************
[09/28/2026-23:30:27] [TRT] [V] --------------- Timing Runner: /model.6/Split_output_0 copy (Reformat[0x80000006])
[09/28/2026-23:30:27] [TRT] [V] Tactic: 0x00000000000003e8 Time: 0.034336
[09/28/2026-23:30:27] [TRT] [V] Tactic: 0x00000000000003e8 A valid tactic is found. Rest of the tactics are skipped.
[09/28/2026-23:30:27] [TRT] [V] >>>>>>>>>>>>>>> Chose Runner Type: Reformat Tactic: 0x00000000000003e8
[09/28/2026-23:30:27] [TRT] [V] =============== Computing reformatting costs for available format set
[09/28/2026-23:30:27] [TRT] [V] =============== Computing reformatting costs: /model.6/Split_output_1 copy
[09/28/2026-23:30:27] [TRT] [V] *************** Autotuning format combination: Float(102400,1600,40,1) -> Float(409600,1600,40,1) long-strided ***************
[09/28/2026-23:30:27] [TRT] [V] --------------- Timing Runner: /model.6/Split_output_1 copy (Reformat[0x80000006])
[09/28/2026-23:30:27] [TRT] [V] Tactic: 0x00000000000003e8 Time: 0.032832
[09/28/2026-23:30:27] [TRT] [V] Tactic: 0x00000000000003e8 A valid tactic is found. Rest of the tactics are skipped.
[09/28/2026-23:30:27] [TRT] [V] >>>>>>>>>>>>>>> Chose Runner Type: Reformat Tactic: 0x00000000000003e8
[09/28/2026-23:30:27] [TRT] [V] =============== Computing reformatting costs for available format set
[09/28/2026-23:30:27] [TRT] [V] =============== Computing reformatting costs: /model.6/m.0/Add_output_0 copy
[09/28/2026-23:30:27] [TRT] [V] *************** Autotuning format combination: Float(102400,1600,40,1) -> Float(409600,1600,40,1) long-strided ***************
[09/28/2026-23:30:27] [TRT] [V] --------------- Timing Runner: /model.6/m.0/Add_output_0 copy (Reformat[0x80000006])
[09/28/2026-23:30:27] [TRT] [V] Tactic: 0x00000000000003e8 Time: 0.034528
[09/28/2026-23:30:27] [TRT] [V] Tactic: 0x00000000000003e8 A valid tactic is found. Rest of the tactics are skipped.
[09/28/2026-23:30:27] [TRT] [V] >>>>>>>>>>>>>>> Chose Runner Type: Reformat Tactic: 0x00000000000003e8
[09/28/2026-23:30:27] [TRT] [V] =============== Computing reformatting costs for available format set
[09/28/2026-23:30:27] [TRT] [V] =============== Computing reformatting costs: /model.6/m.1/Add_output_0 copy
[09/28/2026-23:30:27] [TRT] [V] *************** Autotuning format combination: Float(102400,1600,40,1) -> Float(409600,1600,40,1) long-strided ***************
[09/28/2026-23:30:27] [TRT] [V] --------------- Timing Runner: /model.6/m.1/Add_output_0 copy (Reformat[0x80000006])
[09/28/2026-23:30:27] [TRT] [V] Tactic: 0x00000000000003e8 Time: 0.033024
[09/28/2026-23:30:27] [TRT] [V] Tactic: 0x00000000000003e8 A valid tactic is found. Rest of the tactics are skipped.
[09/28/2026-23:30:27] [TRT] [V] >>>>>>>>>>>>>>> Chose Runner Type: Reformat Tactic: 0x00000000000003e8
[09/28/2026-23:30:27] [TRT] [V] =============== Computing reformatting costs for available format set
[09/28/2026-23:30:27] [TRT] [V] =============== Computing reformatting costs for available format set
[09/28/2026-23:30:27] [TRT] [V] =============== Computing reformatting costs for available format set
[09/28/2026-23:30:27] [TRT] [V] =============== Computing reformatting costs for available format set
[09/28/2026-23:30:27] [TRT] [V] =============== Computing reformatting costs for available format set
[09/28/2026-23:30:27] [TRT] [V] =============== Computing reformatting costs for available format set
[09/28/2026-23:30:27] [TRT] [V] =============== Computing reformatting costs for available format set
[09/28/2026-23:30:27] [TRT] [V] =============== Computing reformatting costs for available format set
[09/28/2026-23:30:27] [TRT] [V] =============== Computing reformatting costs for available format set
[09/28/2026-23:30:27] [TRT] [V] =============== Computing reformatting costs for available format set
[09/28/2026-23:30:27] [TRT] [V] =============== Computing reformatting costs for available format set
[09/28/2026-23:30:27] [TRT] [V] =============== Computing reformatting costs for available format set
[09/28/2026-23:30:27] [TRT] [V] =============== Computing reformatting costs for available format set
[09/28/2026-23:30:27] [TRT] [V] =============== Computing reformatting costs for available format set
[09/28/2026-23:30:27] [TRT] [V] =============== Computing reformatting costs for available format set
[09/28/2026-23:30:27] [TRT] [V] =============== Computing reformatting costs for available format set
[09/28/2026-23:30:27] [TRT] [V] =============== Computing reformatting costs for available format set
[09/28/2026-23:30:27] [TRT] [V] =============== Computing reformatting costs for available format set
[09/28/2026-23:30:27] [TRT] [V] =============== Computing reformatting costs for available format set
[09/28/2026-23:30:27] [TRT] [V] =============== Computing reformatting costs for available format set
[09/28/2026-23:30:27] [TRT] [V] =============== Computing reformatting costs for available format set
[09/28/2026-23:30:27] [TRT] [V] =============== Computing reformatting costs for available format set
[09/28/2026-23:30:27] [TRT] [V] =============== Computing reformatting costs for available format set
[09/28/2026-23:30:27] [TRT] [V] =============== Computing reformatting costs for available format set
[09/28/2026-23:30:27] [TRT] [V] =============== Computing reformatting costs for available format set
[09/28/2026-23:30:27] [TRT] [V] =============== Computing reformatting costs for available format set
[09/28/2026-23:30:27] [TRT] [V] =============== Computing reformatting costs for available format set
[09/28/2026-23:30:27] [TRT] [V] =============== Computing reformatting costs for available format set
[09/28/2026-23:30:27] [TRT] [V] =============== Computing reformatting costs for available format set
[09/28/2026-23:30:27] [TRT] [V] =============== Computing reformatting costs for available format set
[09/28/2026-23:30:27] [TRT] [V] =============== Computing reformatting costs for available format set
[09/28/2026-23:30:27] [TRT] [V] =============== Computing reformatting costs for available format set
[09/28/2026-23:30:27] [TRT] [V] =============== Computing reformatting costs for available format set
[09/28/2026-23:30:27] [TRT] [V] =============== Computing reformatting costs for available format set
[09/28/2026-23:30:27] [TRT] [V] =============== Computing reformatting costs for available format set
[09/28/2026-23:30:27] [TRT] [V] =============== Computing reformatting costs for available format set
[09/28/2026-23:30:27] [TRT] [V] =============== Computing reformatting costs for available format set
[09/28/2026-23:30:27] [TRT] [V] =============== Computing reformatting costs for available format set
[09/28/2026-23:30:27] [TRT] [V] =============== Computing reformatting costs for available format set
[09/28/2026-23:30:27] [TRT] [V] =============== Computing reformatting costs for available format set
[09/28/2026-23:30:27] [TRT] [V] =============== Computing reformatting costs for available format set
[09/28/2026-23:30:27] [TRT] [V] =============== Computing reformatting costs for available format set
[09/28/2026-23:30:27] [TRT] [V] =============== Computing reformatting costs for available format set
[09/28/2026-23:30:27] [TRT] [V] =============== Computing reformatting costs: /model.8/Split_output_0 copy
[09/28/2026-23:30:27] [TRT] [V] *************** Autotuning format combination: Float(51200,400,20,1) -> Float(153600,400,20,1) long-strided ***************
[09/28/2026-23:30:27] [TRT] [V] --------------- Timing Runner: /model.8/Split_output_0 copy (Reformat[0x80000006])
[09/28/2026-23:30:27] [TRT] [V] Tactic: 0x00000000000003e8 Time: 0.036576
[09/28/2026-23:30:27] [TRT] [V] Tactic: 0x00000000000003e8 A valid tactic is found. Rest of the tactics are skipped.
[09/28/2026-23:30:27] [TRT] [V] >>>>>>>>>>>>>>> Chose Runner Type: Reformat Tactic: 0x00000000000003e8
[09/28/2026-23:30:27] [TRT] [V] =============== Computing reformatting costs for available format set
[09/28/2026-23:30:27] [TRT] [V] =============== Computing reformatting costs: /model.8/Split_output_1 copy
[09/28/2026-23:30:27] [TRT] [V] *************** Autotuning format combination: Float(51200,400,20,1) -> Float(153600,400,20,1) long-strided ***************
[09/28/2026-23:30:27] [TRT] [V] --------------- Timing Runner: /model.8/Split_output_1 copy (Reformat[0x80000006])
[09/28/2026-23:30:27] [TRT] [V] Tactic: 0x00000000000003e8 Time: 0.032768
[09/28/2026-23:30:27] [TRT] [V] Tactic: 0x00000000000003e8 A valid tactic is found. Rest of the tactics are skipped.
[09/28/2026-23:30:27] [TRT] [V] >>>>>>>>>>>>>>> Chose Runner Type: Reformat Tactic: 0x00000000000003e8
[09/28/2026-23:30:27] [TRT] [V] =============== Computing reformatting costs for available format set
[09/28/2026-23:30:27] [TRT] [V] =============== Computing reformatting costs: /model.8/m.0/Add_output_0 copy
[09/28/2026-23:30:27] [TRT] [V] *************** Autotuning format combination: Float(51200,400,20,1) -> Float(153600,400,20,1) long-strided ***************
[09/28/2026-23:30:27] [TRT] [V] --------------- Timing Runner: /model.8/m.0/Add_output_0 copy (Reformat[0x80000006])
[09/28/2026-23:30:27] [TRT] [V] Tactic: 0x00000000000003e8 Time: 0.032256
[09/28/2026-23:30:27] [TRT] [V] Tactic: 0x00000000000003e8 A valid tactic is found. Rest of the tactics are skipped.
[09/28/2026-23:30:27] [TRT] [V] >>>>>>>>>>>>>>> Chose Runner Type: Reformat Tactic: 0x00000000000003e8
[09/28/2026-23:30:27] [TRT] [V] =============== Computing reformatting costs for available format set
[09/28/2026-23:30:27] [TRT] [V] =============== Computing reformatting costs for available format set
[09/28/2026-23:30:27] [TRT] [V] =============== Computing reformatting costs for available format set
[09/28/2026-23:30:27] [TRT] [V] =============== Computing reformatting costs for available format set
[09/28/2026-23:30:27] [TRT] [V] =============== Computing reformatting costs for available format set
[09/28/2026-23:30:27] [TRT] [V] =============== Computing reformatting costs for available format set
[09/28/2026-23:30:27] [TRT] [V] =============== Computing reformatting costs for available format set
[09/28/2026-23:30:27] [TRT] [V] =============== Computing reformatting costs for available format set
[09/28/2026-23:30:27] [TRT] [V] =============== Computing reformatting costs for available format set
[09/28/2026-23:30:27] [TRT] [V] =============== Computing reformatting costs for available format set
[09/28/2026-23:30:27] [TRT] [V] =============== Computing reformatting costs for available format set
[09/28/2026-23:30:27] [TRT] [V] =============== Computing reformatting costs for available format set
[09/28/2026-23:30:27] [TRT] [V] =============== Computing reformatting costs for available format set
[09/28/2026-23:30:27] [TRT] [V] =============== Computing reformatting costs for available format set
[09/28/2026-23:30:27] [TRT] [V] =============== Computing reformatting costs for available format set
[09/28/2026-23:30:27] [TRT] [V] =============== Computing reformatting costs for available format set
[09/28/2026-23:30:27] [TRT] [V] =============== Computing reformatting costs: /model.9/cv1/conv/Conv_output_0 copy
[09/28/2026-23:30:27] [TRT] [V] *************** Autotuning format combination: Float(51200,400,20,1) -> Float(204800,400,20,1) long-strided ***************
[09/28/2026-23:30:27] [TRT] [V] --------------- Timing Runner: /model.9/cv1/conv/Conv_output_0 copy (Reformat[0x80000006])
[09/28/2026-23:30:27] [TRT] [V] Tactic: 0x00000000000003e8 Time: 0.032672
[09/28/2026-23:30:27] [TRT] [V] Tactic: 0x00000000000003e8 A valid tactic is found. Rest of the tactics are skipped.
[09/28/2026-23:30:27] [TRT] [V] >>>>>>>>>>>>>>> Chose Runner Type: Reformat Tactic: 0x00000000000003e8
[09/28/2026-23:30:27] [TRT] [V] =============== Computing reformatting costs for available format set
[09/28/2026-23:30:27] [TRT] [V] =============== Computing reformatting costs: /model.9/m/MaxPool_output_0 copy
[09/28/2026-23:30:27] [TRT] [V] *************** Autotuning format combination: Float(51200,400,20,1) -> Float(204800,400,20,1) long-strided ***************
[09/28/2026-23:30:27] [TRT] [V] --------------- Timing Runner: /model.9/m/MaxPool_output_0 copy (Reformat[0x80000006])
[09/28/2026-23:30:27] [TRT] [V] Tactic: 0x00000000000003e8 Time: 0.032992
[09/28/2026-23:30:27] [TRT] [V] Tactic: 0x00000000000003e8 A valid tactic is found. Rest of the tactics are skipped.
[09/28/2026-23:30:27] [TRT] [V] >>>>>>>>>>>>>>> Chose Runner Type: Reformat Tactic: 0x00000000000003e8
[09/28/2026-23:30:27] [TRT] [V] =============== Computing reformatting costs for available format set
[09/28/2026-23:30:27] [TRT] [V] =============== Computing reformatting costs: /model.9/m_1/MaxPool_output_0 copy
[09/28/2026-23:30:27] [TRT] [V] *************** Autotuning format combination: Float(51200,400,20,1) -> Float(204800,400,20,1) long-strided ***************
[09/28/2026-23:30:27] [TRT] [V] --------------- Timing Runner: /model.9/m_1/MaxPool_output_0 copy (Reformat[0x80000006])
[09/28/2026-23:30:27] [TRT] [V] Tactic: 0x00000000000003e8 Time: 0.032768
[09/28/2026-23:30:27] [TRT] [V] Tactic: 0x00000000000003e8 A valid tactic is found. Rest of the tactics are skipped.
[09/28/2026-23:30:27] [TRT] [V] >>>>>>>>>>>>>>> Chose Runner Type: Reformat Tactic: 0x00000000000003e8
[09/28/2026-23:30:27] [TRT] [V] =============== Computing reformatting costs for available format set
[09/28/2026-23:30:27] [TRT] [V] =============== Computing reformatting costs: /model.9/m_2/MaxPool_output_0 copy
[09/28/2026-23:30:27] [TRT] [V] *************** Autotuning format combination: Float(51200,400,20,1) -> Float(204800,400,20,1) long-strided ***************
[09/28/2026-23:30:27] [TRT] [V] --------------- Timing Runner: /model.9/m_2/MaxPool_output_0 copy (Reformat[0x80000006])
[09/28/2026-23:30:27] [TRT] [V] Tactic: 0x00000000000003e8 Time: 0.032672
[09/28/2026-23:30:27] [TRT] [V] Tactic: 0x00000000000003e8 A valid tactic is found. Rest of the tactics are skipped.
[09/28/2026-23:30:27] [TRT] [V] >>>>>>>>>>>>>>> Chose Runner Type: Reformat Tactic: 0x00000000000003e8
[09/28/2026-23:30:27] [TRT] [V] =============== Computing reformatting costs for available format set
[09/28/2026-23:30:27] [TRT] [V] =============== Computing reformatting costs for available format set
[09/28/2026-23:30:27] [TRT] [V] =============== Computing reformatting costs for available format set
[09/28/2026-23:30:27] [TRT] [V] =============== Computing reformatting costs for available format set
[09/28/2026-23:30:27] [TRT] [V] =============== Computing reformatting costs for available format set
[09/28/2026-23:30:27] [TRT] [V] =============== Computing reformatting costs for available format set
[09/28/2026-23:30:27] [TRT] [V] =============== Computing reformatting costs for available format set
[09/28/2026-23:30:27] [TRT] [V] =============== Computing reformatting costs for available format set
[09/28/2026-23:30:27] [TRT] [V] =============== Computing reformatting costs for available format set
[09/28/2026-23:30:27] [TRT] [V] =============== Computing reformatting costs for available format set
[09/28/2026-23:30:27] [TRT] [V] =============== Computing reformatting costs: /model.10/Resize_output_0 copy
[09/28/2026-23:30:27] [TRT] [V] *************** Autotuning format combination: Float(409600,1600,40,1) -> Float(614400,1600,40,1) long-strided ***************
[09/28/2026-23:30:27] [TRT] [V] --------------- Timing Runner: /model.10/Resize_output_0 copy (Reformat[0x80000006])
[09/28/2026-23:30:27] [TRT] [V] Tactic: 0x00000000000003e8 Time: 0.033312
[09/28/2026-23:30:27] [TRT] [V] Tactic: 0x00000000000003e8 A valid tactic is found. Rest of the tactics are skipped.
[09/28/2026-23:30:27] [TRT] [V] >>>>>>>>>>>>>>> Chose Runner Type: Reformat Tactic: 0x00000000000003e8
[09/28/2026-23:30:27] [TRT] [V] =============== Computing reformatting costs for available format set
[09/28/2026-23:30:27] [TRT] [V] =============== Computing reformatting costs: /model.6/cv2/act/Mul_output_0 copy
[09/28/2026-23:30:27] [TRT] [V] *************** Autotuning format combination: Float(204800,1600,40,1) -> Float(614400,1600,40,1) long-strided ***************
[09/28/2026-23:30:27] [TRT] [V] --------------- Timing Runner: /model.6/cv2/act/Mul_output_0 copy (Reformat[0x80000006])
[09/28/2026-23:30:27] [TRT] [V] Tactic: 0x00000000000003e8 Time: 0.032288
[09/28/2026-23:30:27] [TRT] [V] Tactic: 0x00000000000003e8 A valid tactic is found. Rest of the tactics are skipped.
[09/28/2026-23:30:27] [TRT] [V] >>>>>>>>>>>>>>> Chose Runner Type: Reformat Tactic: 0x00000000000003e8
[09/28/2026-23:30:27] [TRT] [V] =============== Computing reformatting costs for available format set
[09/28/2026-23:30:27] [TRT] [V] =============== Computing reformatting costs for available format set
[09/28/2026-23:30:27] [TRT] [V] =============== Computing reformatting costs for available format set
[09/28/2026-23:30:27] [TRT] [V] =============== Computing reformatting costs for available format set
[09/28/2026-23:30:27] [TRT] [V] =============== Computing reformatting costs for available format set
[09/28/2026-23:30:27] [TRT] [V] =============== Computing reformatting costs for available format set
[09/28/2026-23:30:27] [TRT] [V] =============== Computing reformatting costs for available format set
[09/28/2026-23:30:27] [TRT] [V] =============== Computing reformatting costs for available format set
[09/28/2026-23:30:27] [TRT] [V] =============== Computing reformatting costs for available format set
[09/28/2026-23:30:27] [TRT] [V] =============== Computing reformatting costs for available format set
[09/28/2026-23:30:27] [TRT] [V] =============== Computing reformatting costs for available format set
[09/28/2026-23:30:27] [TRT] [V] =============== Computing reformatting costs for available format set
[09/28/2026-23:30:27] [TRT] [V] =============== Computing reformatting costs for available format set
[09/28/2026-23:30:27] [TRT] [V] =============== Computing reformatting costs for available format set
[09/28/2026-23:30:27] [TRT] [V] =============== Computing reformatting costs for available format set
[09/28/2026-23:30:27] [TRT] [V] =============== Computing reformatting costs for available format set
[09/28/2026-23:30:27] [TRT] [V] =============== Computing reformatting costs for available format set
[09/28/2026-23:30:27] [TRT] [V] =============== Computing reformatting costs for available format set
[09/28/2026-23:30:27] [TRT] [V] =============== Computing reformatting costs for available format set
[09/28/2026-23:30:27] [TRT] [V] =============== Computing reformatting costs for available format set
[09/28/2026-23:30:27] [TRT] [V] =============== Computing reformatting costs for available format set
[09/28/2026-23:30:27] [TRT] [V] =============== Computing reformatting costs for available format set
[09/28/2026-23:30:27] [TRT] [V] =============== Computing reformatting costs for available format set
[09/28/2026-23:30:27] [TRT] [V] =============== Computing reformatting costs for available format set
[09/28/2026-23:30:27] [TRT] [V] =============== Computing reformatting costs for available format set
[09/28/2026-23:30:27] [TRT] [V] =============== Computing reformatting costs for available format set
[09/28/2026-23:30:27] [TRT] [V] =============== Computing reformatting costs: /model.12/Split_output_0 copy
[09/28/2026-23:30:27] [TRT] [V] *************** Autotuning format combination: Float(102400,1600,40,1) -> Float(307200,1600,40,1) long-strided ***************
[09/28/2026-23:30:27] [TRT] [V] --------------- Timing Runner: /model.12/Split_output_0 copy (Reformat[0x80000006])
[09/28/2026-23:30:27] [TRT] [V] Tactic: 0x00000000000003e8 Time: 0.033504
[09/28/2026-23:30:27] [TRT] [V] Tactic: 0x00000000000003e8 A valid tactic is found. Rest of the tactics are skipped.
[09/28/2026-23:30:27] [TRT] [V] >>>>>>>>>>>>>>> Chose Runner Type: Reformat Tactic: 0x00000000000003e8
[09/28/2026-23:30:27] [TRT] [V] =============== Computing reformatting costs for available format set
[09/28/2026-23:30:27] [TRT] [V] =============== Computing reformatting costs: /model.12/Split_output_1 copy
[09/28/2026-23:30:27] [TRT] [V] *************** Autotuning format combination: Float(102400,1600,40,1) -> Float(307200,1600,40,1) long-strided ***************
[09/28/2026-23:30:27] [TRT] [V] --------------- Timing Runner: /model.12/Split_output_1 copy (Reformat[0x80000006])
[09/28/2026-23:30:27] [TRT] [V] Tactic: 0x00000000000003e8 Time: 0.03072
[09/28/2026-23:30:27] [TRT] [V] Tactic: 0x00000000000003e8 A valid tactic is found. Rest of the tactics are skipped.
[09/28/2026-23:30:27] [TRT] [V] >>>>>>>>>>>>>>> Chose Runner Type: Reformat Tactic: 0x00000000000003e8
[09/28/2026-23:30:27] [TRT] [V] =============== Computing reformatting costs for available format set
[09/28/2026-23:30:27] [TRT] [V] =============== Computing reformatting costs: /model.12/m.0/cv2/act/Mul_output_0 copy
[09/28/2026-23:30:27] [TRT] [V] *************** Autotuning format combination: Float(102400,1600,40,1) -> Float(307200,1600,40,1) long-strided ***************
[09/28/2026-23:30:27] [TRT] [V] --------------- Timing Runner: /model.12/m.0/cv2/act/Mul_output_0 copy (Reformat[0x80000006])
[09/28/2026-23:30:27] [TRT] [V] Tactic: 0x00000000000003e8 Time: 0.033376
[09/28/2026-23:30:27] [TRT] [V] Tactic: 0x00000000000003e8 A valid tactic is found. Rest of the tactics are skipped.
[09/28/2026-23:30:27] [TRT] [V] >>>>>>>>>>>>>>> Chose Runner Type: Reformat Tactic: 0x00000000000003e8
[09/28/2026-23:30:27] [TRT] [V] =============== Computing reformatting costs for available format set
[09/28/2026-23:30:27] [TRT] [V] =============== Computing reformatting costs for available format set
[09/28/2026-23:30:27] [TRT] [V] =============== Computing reformatting costs for available format set
[09/28/2026-23:30:27] [TRT] [V] =============== Computing reformatting costs for available format set
[09/28/2026-23:30:27] [TRT] [V] =============== Computing reformatting costs for available format set
[09/28/2026-23:30:27] [TRT] [V] =============== Computing reformatting costs for available format set
[09/28/2026-23:30:27] [TRT] [V] =============== Computing reformatting costs for available format set
[09/28/2026-23:30:27] [TRT] [V] =============== Computing reformatting costs for available format set
[09/28/2026-23:30:27] [TRT] [V] =============== Computing reformatting costs for available format set
[09/28/2026-23:30:27] [TRT] [V] =============== Computing reformatting costs for available format set
[09/28/2026-23:30:27] [TRT] [V] =============== Computing reformatting costs: /model.13/Resize_output_0 copy
[09/28/2026-23:30:27] [TRT] [V] *************** Autotuning format combination: Float(819200,6400,80,1) -> Float(1228800,6400,80,1) long-strided ***************
[09/28/2026-23:30:27] [TRT] [V] --------------- Timing Runner: /model.13/Resize_output_0 copy (Reformat[0x80000006])
[09/28/2026-23:30:27] [TRT] [V] Tactic: 0x00000000000003e8 Time: 0.027392
[09/28/2026-23:30:27] [TRT] [V] Tactic: 0x00000000000003e8 A valid tactic is found. Rest of the tactics are skipped.
[09/28/2026-23:30:27] [TRT] [V] >>>>>>>>>>>>>>> Chose Runner Type: Reformat Tactic: 0x00000000000003e8
[09/28/2026-23:30:27] [TRT] [V] =============== Computing reformatting costs for available format set
[09/28/2026-23:30:27] [TRT] [V] =============== Computing reformatting costs: /model.4/cv2/act/Mul_output_0 copy
[09/28/2026-23:30:27] [TRT] [V] *************** Autotuning format combination: Float(409600,6400,80,1) -> Float(1228800,6400,80,1) long-strided ***************
[09/28/2026-23:30:27] [TRT] [V] --------------- Timing Runner: /model.4/cv2/act/Mul_output_0 copy (Reformat[0x80000006])
[09/28/2026-23:30:27] [TRT] [V] Tactic: 0x00000000000003e8 Time: 0.031008
[09/28/2026-23:30:27] [TRT] [V] Tactic: 0x00000000000003e8 A valid tactic is found. Rest of the tactics are skipped.
[09/28/2026-23:30:27] [TRT] [V] >>>>>>>>>>>>>>> Chose Runner Type: Reformat Tactic: 0x00000000000003e8
[09/28/2026-23:30:27] [TRT] [V] =============== Computing reformatting costs for available format set
[09/28/2026-23:30:27] [TRT] [V] =============== Computing reformatting costs for available format set
[09/28/2026-23:30:27] [TRT] [V] =============== Computing reformatting costs for available format set
[09/28/2026-23:30:27] [TRT] [V] =============== Computing reformatting costs for available format set
[09/28/2026-23:30:27] [TRT] [V] =============== Computing reformatting costs for available format set
[09/28/2026-23:30:27] [TRT] [V] =============== Computing reformatting costs for available format set
[09/28/2026-23:30:27] [TRT] [V] =============== Computing reformatting costs for available format set
[09/28/2026-23:30:27] [TRT] [V] =============== Computing reformatting costs for available format set
[09/28/2026-23:30:27] [TRT] [V] =============== Computing reformatting costs for available format set
[09/28/2026-23:30:27] [TRT] [V] =============== Computing reformatting costs for available format set
[09/28/2026-23:30:27] [TRT] [V] =============== Computing reformatting costs for available format set
[09/28/2026-23:30:27] [TRT] [V] =============== Computing reformatting costs for available format set
[09/28/2026-23:30:27] [TRT] [V] =============== Computing reformatting costs for available format set
[09/28/2026-23:30:27] [TRT] [V] =============== Computing reformatting costs for available format set
[09/28/2026-23:30:27] [TRT] [V] =============== Computing reformatting costs for available format set
[09/28/2026-23:30:27] [TRT] [V] =============== Computing reformatting costs for available format set
[09/28/2026-23:30:27] [TRT] [V] =============== Computing reformatting costs for available format set
[09/28/2026-23:30:27] [TRT] [V] =============== Computing reformatting costs for available format set
[09/28/2026-23:30:27] [TRT] [V] =============== Computing reformatting costs for available format set
[09/28/2026-23:30:27] [TRT] [V] =============== Computing reformatting costs for available format set
[09/28/2026-23:30:27] [TRT] [V] =============== Computing reformatting costs for available format set
[09/28/2026-23:30:27] [TRT] [V] =============== Computing reformatting costs for available format set
[09/28/2026-23:30:27] [TRT] [V] =============== Computing reformatting costs for available format set
[09/28/2026-23:30:27] [TRT] [V] =============== Computing reformatting costs for available format set
[09/28/2026-23:30:27] [TRT] [V] =============== Computing reformatting costs for available format set
[09/28/2026-23:30:27] [TRT] [V] =============== Computing reformatting costs for available format set
[09/28/2026-23:30:27] [TRT] [V] =============== Computing reformatting costs: /model.15/Split_output_0 copy
[09/28/2026-23:30:27] [TRT] [V] *************** Autotuning format combination: Float(204800,6400,80,1) -> Float(614400,6400,80,1) long-strided ***************
[09/28/2026-23:30:27] [TRT] [V] --------------- Timing Runner: /model.15/Split_output_0 copy (Reformat[0x80000006])
[09/28/2026-23:30:27] [TRT] [V] Tactic: 0x00000000000003e8 Time: 0.034912
[09/28/2026-23:30:27] [TRT] [V] Tactic: 0x00000000000003e8 A valid tactic is found. Rest of the tactics are skipped.
[09/28/2026-23:30:27] [TRT] [V] >>>>>>>>>>>>>>> Chose Runner Type: Reformat Tactic: 0x00000000000003e8
[09/28/2026-23:30:27] [TRT] [V] =============== Computing reformatting costs for available format set
[09/28/2026-23:30:27] [TRT] [V] =============== Computing reformatting costs: /model.15/Split_output_1 copy
[09/28/2026-23:30:27] [TRT] [V] *************** Autotuning format combination: Float(204800,6400,80,1) -> Float(614400,6400,80,1) long-strided ***************
[09/28/2026-23:30:27] [TRT] [V] --------------- Timing Runner: /model.15/Split_output_1 copy (Reformat[0x80000006])
[09/28/2026-23:30:27] [TRT] [V] Tactic: 0x00000000000003e8 Time: 0.034528
[09/28/2026-23:30:27] [TRT] [V] Tactic: 0x00000000000003e8 A valid tactic is found. Rest of the tactics are skipped.
[09/28/2026-23:30:27] [TRT] [V] >>>>>>>>>>>>>>> Chose Runner Type: Reformat Tactic: 0x00000000000003e8
[09/28/2026-23:30:27] [TRT] [V] =============== Computing reformatting costs for available format set
[09/28/2026-23:30:27] [TRT] [V] =============== Computing reformatting costs: /model.15/m.0/cv2/act/Mul_output_0 copy
[09/28/2026-23:30:27] [TRT] [V] *************** Autotuning format combination: Float(204800,6400,80,1) -> Float(614400,6400,80,1) long-strided ***************
[09/28/2026-23:30:27] [TRT] [V] --------------- Timing Runner: /model.15/m.0/cv2/act/Mul_output_0 copy (Reformat[0x80000006])
[09/28/2026-23:30:27] [TRT] [V] Tactic: 0x00000000000003e8 Time: 0.024608
[09/28/2026-23:30:27] [TRT] [V] Tactic: 0x00000000000003e8 A valid tactic is found. Rest of the tactics are skipped.
[09/28/2026-23:30:27] [TRT] [V] >>>>>>>>>>>>>>> Chose Runner Type: Reformat Tactic: 0x00000000000003e8
[09/28/2026-23:30:27] [TRT] [V] =============== Computing reformatting costs for available format set
[09/28/2026-23:30:27] [TRT] [V] =============== Computing reformatting costs for available format set
[09/28/2026-23:30:27] [TRT] [V] =============== Computing reformatting costs for available format set
[09/28/2026-23:30:27] [TRT] [V] =============== Computing reformatting costs for available format set
[09/28/2026-23:30:27] [TRT] [V] =============== Computing reformatting costs for available format set
[09/28/2026-23:30:27] [TRT] [V] =============== Computing reformatting costs for available format set
[09/28/2026-23:30:27] [TRT] [V] =============== Computing reformatting costs for available format set
[09/28/2026-23:30:27] [TRT] [V] =============== Computing reformatting costs for available format set
[09/28/2026-23:30:27] [TRT] [V] =============== Computing reformatting costs for available format set
[09/28/2026-23:30:27] [TRT] [V] =============== Computing reformatting costs for available format set
[09/28/2026-23:30:27] [TRT] [V] =============== Computing reformatting costs for available format set
[09/28/2026-23:30:27] [TRT] [V] =============== Computing reformatting costs for available format set
[09/28/2026-23:30:27] [TRT] [V] =============== Computing reformatting costs for available format set
[09/28/2026-23:30:27] [TRT] [V] =============== Computing reformatting costs for available format set
[09/28/2026-23:30:27] [TRT] [V] =============== Computing reformatting costs for available format set
[09/28/2026-23:30:27] [TRT] [V] =============== Computing reformatting costs for available format set
[09/28/2026-23:30:27] [TRT] [V] =============== Computing reformatting costs for available format set
[09/28/2026-23:30:27] [TRT] [V] =============== Computing reformatting costs for available format set
[09/28/2026-23:30:27] [TRT] [V] =============== Computing reformatting costs for available format set
[09/28/2026-23:30:27] [TRT] [V] =============== Computing reformatting costs for available format set
[09/28/2026-23:30:27] [TRT] [V] =============== Computing reformatting costs for available format set
[09/28/2026-23:30:27] [TRT] [V] =============== Computing reformatting costs for available format set
[09/28/2026-23:30:27] [TRT] [V] =============== Computing reformatting costs for available format set
[09/28/2026-23:30:27] [TRT] [V] =============== Computing reformatting costs for available format set
[09/28/2026-23:30:27] [TRT] [V] =============== Computing reformatting costs for available format set
[09/28/2026-23:30:27] [TRT] [V] =============== Computing reformatting costs for available format set
[09/28/2026-23:30:27] [TRT] [V] =============== Computing reformatting costs for available format set
[09/28/2026-23:30:27] [TRT] [V] =============== Computing reformatting costs for available format set
[09/28/2026-23:30:27] [TRT] [V] =============== Computing reformatting costs for available format set
[09/28/2026-23:30:27] [TRT] [V] =============== Computing reformatting costs: /model.16/act/Mul_output_0 copy
[09/28/2026-23:30:27] [TRT] [V] *************** Autotuning format combination: Float(102400,1600,40,1) -> Float(307200,1600,40,1) long-strided ***************
[09/28/2026-23:30:27] [TRT] [V] --------------- Timing Runner: /model.16/act/Mul_output_0 copy (Reformat[0x80000006])
[09/28/2026-23:30:27] [TRT] [V] Tactic: 0x00000000000003e8 Time: 0.026208
[09/28/2026-23:30:27] [TRT] [V] Tactic: 0x00000000000003e8 A valid tactic is found. Rest of the tactics are skipped.
[09/28/2026-23:30:27] [TRT] [V] >>>>>>>>>>>>>>> Chose Runner Type: Reformat Tactic: 0x00000000000003e8
[09/28/2026-23:30:27] [TRT] [V] =============== Computing reformatting costs for available format set
[09/28/2026-23:30:27] [TRT] [V] =============== Computing reformatting costs: /model.12/cv2/act/Mul_output_0 copy
[09/28/2026-23:30:27] [TRT] [V] *************** Autotuning format combination: Float(204800,1600,40,1) -> Float(307200,1600,40,1) long-strided ***************
[09/28/2026-23:30:27] [TRT] [V] --------------- Timing Runner: /model.12/cv2/act/Mul_output_0 copy (Reformat[0x80000006])
[09/28/2026-23:30:27] [TRT] [V] Tactic: 0x00000000000003e8 Time: 0.02608
[09/28/2026-23:30:27] [TRT] [V] Tactic: 0x00000000000003e8 A valid tactic is found. Rest of the tactics are skipped.
[09/28/2026-23:30:27] [TRT] [V] >>>>>>>>>>>>>>> Chose Runner Type: Reformat Tactic: 0x00000000000003e8
[09/28/2026-23:30:27] [TRT] [V] =============== Computing reformatting costs for available format set
[09/28/2026-23:30:27] [TRT] [V] =============== Computing reformatting costs for available format set
[09/28/2026-23:30:27] [TRT] [V] =============== Computing reformatting costs for available format set
[09/28/2026-23:30:27] [TRT] [V] =============== Computing reformatting costs for available format set
[09/28/2026-23:30:27] [TRT] [V] =============== Computing reformatting costs for available format set
[09/28/2026-23:30:27] [TRT] [V] =============== Computing reformatting costs for available format set
[09/28/2026-23:30:27] [TRT] [V] =============== Computing reformatting costs for available format set
[09/28/2026-23:30:27] [TRT] [V] =============== Computing reformatting costs for available format set
[09/28/2026-23:30:27] [TRT] [V] =============== Computing reformatting costs for available format set
[09/28/2026-23:30:27] [TRT] [V] =============== Computing reformatting costs for available format set
[09/28/2026-23:30:27] [TRT] [V] =============== Computing reformatting costs for available format set
[09/28/2026-23:30:27] [TRT] [V] =============== Computing reformatting costs for available format set
[09/28/2026-23:30:27] [TRT] [V] =============== Computing reformatting costs for available format set
[09/28/2026-23:30:27] [TRT] [V] =============== Computing reformatting costs for available format set
[09/28/2026-23:30:27] [TRT] [V] =============== Computing reformatting costs for available format set
[09/28/2026-23:30:27] [TRT] [V] =============== Computing reformatting costs for available format set
[09/28/2026-23:30:27] [TRT] [V] =============== Computing reformatting costs for available format set
[09/28/2026-23:30:27] [TRT] [V] =============== Computing reformatting costs for available format set
[09/28/2026-23:30:27] [TRT] [V] =============== Computing reformatting costs for available format set
[09/28/2026-23:30:27] [TRT] [V] =============== Computing reformatting costs for available format set
[09/28/2026-23:30:27] [TRT] [V] =============== Computing reformatting costs for available format set
[09/28/2026-23:30:27] [TRT] [V] =============== Computing reformatting costs for available format set
[09/28/2026-23:30:27] [TRT] [V] =============== Computing reformatting costs for available format set
[09/28/2026-23:30:27] [TRT] [V] =============== Computing reformatting costs for available format set
[09/28/2026-23:30:27] [TRT] [V] =============== Computing reformatting costs for available format set
[09/28/2026-23:30:27] [TRT] [V] =============== Computing reformatting costs for available format set
[09/28/2026-23:30:27] [TRT] [V] =============== Computing reformatting costs for available format set
[09/28/2026-23:30:27] [TRT] [V] =============== Computing reformatting costs for available format set
[09/28/2026-23:30:27] [TRT] [V] =============== Computing reformatting costs for available format set
[09/28/2026-23:30:27] [TRT] [V] =============== Computing reformatting costs for available format set
[09/28/2026-23:30:27] [TRT] [V] =============== Computing reformatting costs for available format set
[09/28/2026-23:30:27] [TRT] [V] =============== Computing reformatting costs for available format set
[09/28/2026-23:30:27] [TRT] [V] =============== Computing reformatting costs for available format set
[09/28/2026-23:30:27] [TRT] [V] =============== Computing reformatting costs for available format set
[09/28/2026-23:30:27] [TRT] [V] =============== Computing reformatting costs for available format set
[09/28/2026-23:30:27] [TRT] [V] =============== Computing reformatting costs for available format set
[09/28/2026-23:30:27] [TRT] [V] =============== Computing reformatting costs for available format set
[09/28/2026-23:30:27] [TRT] [V] =============== Computing reformatting costs for available format set
[09/28/2026-23:30:27] [TRT] [V] =============== Computing reformatting costs for available format set
[09/28/2026-23:30:27] [TRT] [V] =============== Computing reformatting costs for available format set
[09/28/2026-23:30:27] [TRT] [V] =============== Computing reformatting costs for available format set
[09/28/2026-23:30:27] [TRT] [V] =============== Computing reformatting costs for available format set
[09/28/2026-23:30:27] [TRT] [V] =============== Computing reformatting costs for available format set
[09/28/2026-23:30:27] [TRT] [V] =============== Computing reformatting costs for available format set
[09/28/2026-23:30:27] [TRT] [V] =============== Computing reformatting costs for available format set
[09/28/2026-23:30:27] [TRT] [V] =============== Computing reformatting costs for available format set
[09/28/2026-23:30:27] [TRT] [V] =============== Computing reformatting costs for available format set
[09/28/2026-23:30:27] [TRT] [V] =============== Computing reformatting costs for available format set
[09/28/2026-23:30:27] [TRT] [V] =============== Computing reformatting costs: /model.18/Split_output_0 copy
[09/28/2026-23:30:27] [TRT] [V] *************** Autotuning format combination: Float(102400,1600,40,1) -> Float(307200,1600,40,1) long-strided ***************
[09/28/2026-23:30:27] [TRT] [V] --------------- Timing Runner: /model.18/Split_output_0 copy (Reformat[0x80000006])
[09/28/2026-23:30:27] [TRT] [V] Tactic: 0x00000000000003e8 Time: 0.026624
[09/28/2026-23:30:27] [TRT] [V] Tactic: 0x00000000000003e8 A valid tactic is found. Rest of the tactics are skipped.
[09/28/2026-23:30:27] [TRT] [V] >>>>>>>>>>>>>>> Chose Runner Type: Reformat Tactic: 0x00000000000003e8
[09/28/2026-23:30:27] [TRT] [V] =============== Computing reformatting costs for available format set
[09/28/2026-23:30:27] [TRT] [V] =============== Computing reformatting costs: /model.18/Split_output_1 copy
[09/28/2026-23:30:27] [TRT] [V] *************** Autotuning format combination: Float(102400,1600,40,1) -> Float(307200,1600,40,1) long-strided ***************
[09/28/2026-23:30:27] [TRT] [V] --------------- Timing Runner: /model.18/Split_output_1 copy (Reformat[0x80000006])
[09/28/2026-23:30:27] [TRT] [V] Tactic: 0x00000000000003e8 Time: 0.024576
[09/28/2026-23:30:27] [TRT] [V] Tactic: 0x00000000000003e8 A valid tactic is found. Rest of the tactics are skipped.
[09/28/2026-23:30:27] [TRT] [V] >>>>>>>>>>>>>>> Chose Runner Type: Reformat Tactic: 0x00000000000003e8
[09/28/2026-23:30:27] [TRT] [V] =============== Computing reformatting costs for available format set
[09/28/2026-23:30:27] [TRT] [V] =============== Computing reformatting costs: /model.18/m.0/cv2/act/Mul_output_0 copy
[09/28/2026-23:30:27] [TRT] [V] *************** Autotuning format combination: Float(102400,1600,40,1) -> Float(307200,1600,40,1) long-strided ***************
[09/28/2026-23:30:27] [TRT] [V] --------------- Timing Runner: /model.18/m.0/cv2/act/Mul_output_0 copy (Reformat[0x80000006])
[09/28/2026-23:30:27] [TRT] [V] Tactic: 0x00000000000003e8 Time: 0.024608
[09/28/2026-23:30:27] [TRT] [V] Tactic: 0x00000000000003e8 A valid tactic is found. Rest of the tactics are skipped.
[09/28/2026-23:30:27] [TRT] [V] >>>>>>>>>>>>>>> Chose Runner Type: Reformat Tactic: 0x00000000000003e8
[09/28/2026-23:30:27] [TRT] [V] =============== Computing reformatting costs for available format set
[09/28/2026-23:30:27] [TRT] [V] =============== Computing reformatting costs for available format set
[09/28/2026-23:30:27] [TRT] [V] =============== Computing reformatting costs for available format set
[09/28/2026-23:30:27] [TRT] [V] =============== Computing reformatting costs for available format set
[09/28/2026-23:30:27] [TRT] [V] =============== Computing reformatting costs for available format set
[09/28/2026-23:30:27] [TRT] [V] =============== Computing reformatting costs for available format set
[09/28/2026-23:30:27] [TRT] [V] =============== Computing reformatting costs for available format set
[09/28/2026-23:30:27] [TRT] [V] =============== Computing reformatting costs for available format set
[09/28/2026-23:30:27] [TRT] [V] =============== Computing reformatting costs for available format set
[09/28/2026-23:30:27] [TRT] [V] =============== Computing reformatting costs for available format set
[09/28/2026-23:30:27] [TRT] [V] =============== Computing reformatting costs for available format set
[09/28/2026-23:30:27] [TRT] [V] =============== Computing reformatting costs for available format set
[09/28/2026-23:30:27] [TRT] [V] =============== Computing reformatting costs for available format set
[09/28/2026-23:30:27] [TRT] [V] =============== Computing reformatting costs for available format set
[09/28/2026-23:30:27] [TRT] [V] =============== Computing reformatting costs for available format set
[09/28/2026-23:30:27] [TRT] [V] =============== Computing reformatting costs for available format set
[09/28/2026-23:30:27] [TRT] [V] =============== Computing reformatting costs for available format set
[09/28/2026-23:30:27] [TRT] [V] =============== Computing reformatting costs for available format set
[09/28/2026-23:30:27] [TRT] [V] =============== Computing reformatting costs for available format set
[09/28/2026-23:30:27] [TRT] [V] =============== Computing reformatting costs for available format set
[09/28/2026-23:30:27] [TRT] [V] =============== Computing reformatting costs for available format set
[09/28/2026-23:30:27] [TRT] [V] =============== Computing reformatting costs for available format set
[09/28/2026-23:30:27] [TRT] [V] =============== Computing reformatting costs for available format set
[09/28/2026-23:30:27] [TRT] [V] =============== Computing reformatting costs for available format set
[09/28/2026-23:30:27] [TRT] [V] =============== Computing reformatting costs for available format set
[09/28/2026-23:30:27] [TRT] [V] =============== Computing reformatting costs for available format set
[09/28/2026-23:30:27] [TRT] [V] =============== Computing reformatting costs for available format set
[09/28/2026-23:30:27] [TRT] [V] =============== Computing reformatting costs for available format set
[09/28/2026-23:30:27] [TRT] [V] =============== Computing reformatting costs for available format set
[09/28/2026-23:30:27] [TRT] [V] =============== Computing reformatting costs: /model.19/act/Mul_output_0 copy
[09/28/2026-23:30:27] [TRT] [V] *************** Autotuning format combination: Float(51200,400,20,1) -> Float(153600,400,20,1) long-strided ***************
[09/28/2026-23:30:27] [TRT] [V] --------------- Timing Runner: /model.19/act/Mul_output_0 copy (Reformat[0x80000006])
[09/28/2026-23:30:27] [TRT] [V] Tactic: 0x00000000000003e8 Time: 0.027424
[09/28/2026-23:30:27] [TRT] [V] Tactic: 0x00000000000003e8 A valid tactic is found. Rest of the tactics are skipped.
[09/28/2026-23:30:27] [TRT] [V] >>>>>>>>>>>>>>> Chose Runner Type: Reformat Tactic: 0x00000000000003e8
[09/28/2026-23:30:27] [TRT] [V] =============== Computing reformatting costs for available format set
[09/28/2026-23:30:27] [TRT] [V] =============== Computing reformatting costs: /model.9/cv2/act/Mul_output_0 copy
[09/28/2026-23:30:27] [TRT] [V] *************** Autotuning format combination: Float(102400,400,20,1) -> Float(153600,400,20,1) long-strided ***************
[09/28/2026-23:30:27] [TRT] [V] --------------- Timing Runner: /model.9/cv2/act/Mul_output_0 copy (Reformat[0x80000006])
[09/28/2026-23:30:27] [TRT] [V] Tactic: 0x00000000000003e8 Time: 0.024512
[09/28/2026-23:30:27] [TRT] [V] Tactic: 0x00000000000003e8 A valid tactic is found. Rest of the tactics are skipped.
[09/28/2026-23:30:27] [TRT] [V] >>>>>>>>>>>>>>> Chose Runner Type: Reformat Tactic: 0x00000000000003e8
[09/28/2026-23:30:27] [TRT] [V] =============== Computing reformatting costs for available format set
[09/28/2026-23:30:27] [TRT] [V] =============== Computing reformatting costs for available format set
[09/28/2026-23:30:27] [TRT] [V] =============== Computing reformatting costs for available format set
[09/28/2026-23:30:27] [TRT] [V] =============== Computing reformatting costs for available format set
[09/28/2026-23:30:27] [TRT] [V] =============== Computing reformatting costs for available format set
[09/28/2026-23:30:27] [TRT] [V] =============== Computing reformatting costs for available format set
[09/28/2026-23:30:27] [TRT] [V] =============== Computing reformatting costs for available format set
[09/28/2026-23:30:27] [TRT] [V] =============== Computing reformatting costs for available format set
[09/28/2026-23:30:27] [TRT] [V] =============== Computing reformatting costs for available format set
[09/28/2026-23:30:27] [TRT] [V] =============== Computing reformatting costs for available format set
[09/28/2026-23:30:27] [TRT] [V] =============== Computing reformatting costs for available format set
[09/28/2026-23:30:27] [TRT] [V] =============== Computing reformatting costs for available format set
[09/28/2026-23:30:27] [TRT] [V] =============== Computing reformatting costs for available format set
[09/28/2026-23:30:27] [TRT] [V] =============== Computing reformatting costs for available format set
[09/28/2026-23:30:27] [TRT] [V] =============== Computing reformatting costs for available format set
[09/28/2026-23:30:27] [TRT] [V] =============== Computing reformatting costs for available format set
[09/28/2026-23:30:27] [TRT] [V] =============== Computing reformatting costs for available format set
[09/28/2026-23:30:27] [TRT] [V] =============== Computing reformatting costs for available format set
[09/28/2026-23:30:27] [TRT] [V] =============== Computing reformatting costs for available format set
[09/28/2026-23:30:27] [TRT] [V] =============== Computing reformatting costs for available format set
[09/28/2026-23:30:27] [TRT] [V] =============== Computing reformatting costs for available format set
[09/28/2026-23:30:27] [TRT] [V] =============== Computing reformatting costs for available format set
[09/28/2026-23:30:27] [TRT] [V] =============== Computing reformatting costs for available format set
[09/28/2026-23:30:27] [TRT] [V] =============== Computing reformatting costs for available format set
[09/28/2026-23:30:27] [TRT] [V] =============== Computing reformatting costs for available format set
[09/28/2026-23:30:27] [TRT] [V] =============== Computing reformatting costs for available format set
[09/28/2026-23:30:27] [TRT] [V] =============== Computing reformatting costs for available format set
[09/28/2026-23:30:27] [TRT] [V] =============== Computing reformatting costs for available format set
[09/28/2026-23:30:27] [TRT] [V] =============== Computing reformatting costs for available format set
[09/28/2026-23:30:27] [TRT] [V] =============== Computing reformatting costs for available format set
[09/28/2026-23:30:27] [TRT] [V] =============== Computing reformatting costs for available format set
[09/28/2026-23:30:27] [TRT] [V] =============== Computing reformatting costs for available format set
[09/28/2026-23:30:27] [TRT] [V] =============== Computing reformatting costs for available format set
[09/28/2026-23:30:27] [TRT] [V] =============== Computing reformatting costs for available format set
[09/28/2026-23:30:27] [TRT] [V] =============== Computing reformatting costs for available format set
[09/28/2026-23:30:27] [TRT] [V] =============== Computing reformatting costs for available format set
[09/28/2026-23:30:27] [TRT] [V] =============== Computing reformatting costs for available format set
[09/28/2026-23:30:27] [TRT] [V] =============== Computing reformatting costs for available format set
[09/28/2026-23:30:27] [TRT] [V] =============== Computing reformatting costs for available format set
[09/28/2026-23:30:27] [TRT] [V] =============== Computing reformatting costs for available format set
[09/28/2026-23:30:27] [TRT] [V] =============== Computing reformatting costs for available format set
[09/28/2026-23:30:27] [TRT] [V] =============== Computing reformatting costs for available format set
[09/28/2026-23:30:27] [TRT] [V] =============== Computing reformatting costs for available format set
[09/28/2026-23:30:27] [TRT] [V] =============== Computing reformatting costs for available format set
[09/28/2026-23:30:27] [TRT] [V] =============== Computing reformatting costs for available format set
[09/28/2026-23:30:27] [TRT] [V] =============== Computing reformatting costs for available format set
[09/28/2026-23:30:27] [TRT] [V] =============== Computing reformatting costs for available format set
[09/28/2026-23:30:27] [TRT] [V] =============== Computing reformatting costs for available format set
[09/28/2026-23:30:27] [TRT] [V] =============== Computing reformatting costs: /model.21/Split_output_0 copy
[09/28/2026-23:30:27] [TRT] [V] *************** Autotuning format combination: Float(51200,400,20,1) -> Float(153600,400,20,1) long-strided ***************
[09/28/2026-23:30:27] [TRT] [V] --------------- Timing Runner: /model.21/Split_output_0 copy (Reformat[0x80000006])
[09/28/2026-23:30:27] [TRT] [V] Tactic: 0x00000000000003e8 Time: 0.025728
[09/28/2026-23:30:27] [TRT] [V] Tactic: 0x00000000000003e8 A valid tactic is found. Rest of the tactics are skipped.
[09/28/2026-23:30:27] [TRT] [V] >>>>>>>>>>>>>>> Chose Runner Type: Reformat Tactic: 0x00000000000003e8
[09/28/2026-23:30:27] [TRT] [V] =============== Computing reformatting costs for available format set
[09/28/2026-23:30:27] [TRT] [V] =============== Computing reformatting costs: /model.21/Split_output_1 copy
[09/28/2026-23:30:27] [TRT] [V] *************** Autotuning format combination: Float(51200,400,20,1) -> Float(153600,400,20,1) long-strided ***************
[09/28/2026-23:30:27] [TRT] [V] --------------- Timing Runner: /model.21/Split_output_1 copy (Reformat[0x80000006])
[09/28/2026-23:30:27] [TRT] [V] Tactic: 0x00000000000003e8 Time: 0.02384
[09/28/2026-23:30:27] [TRT] [V] Tactic: 0x00000000000003e8 A valid tactic is found. Rest of the tactics are skipped.
[09/28/2026-23:30:27] [TRT] [V] >>>>>>>>>>>>>>> Chose Runner Type: Reformat Tactic: 0x00000000000003e8
[09/28/2026-23:30:27] [TRT] [V] =============== Computing reformatting costs for available format set
[09/28/2026-23:30:27] [TRT] [V] =============== Computing reformatting costs: /model.21/m.0/cv2/act/Mul_output_0 copy
[09/28/2026-23:30:27] [TRT] [V] *************** Autotuning format combination: Float(51200,400,20,1) -> Float(153600,400,20,1) long-strided ***************
[09/28/2026-23:30:27] [TRT] [V] --------------- Timing Runner: /model.21/m.0/cv2/act/Mul_output_0 copy (Reformat[0x80000006])
[09/28/2026-23:30:27] [TRT] [V] Tactic: 0x00000000000003e8 Time: 0.025408
[09/28/2026-23:30:27] [TRT] [V] Tactic: 0x00000000000003e8 A valid tactic is found. Rest of the tactics are skipped.
[09/28/2026-23:30:27] [TRT] [V] >>>>>>>>>>>>>>> Chose Runner Type: Reformat Tactic: 0x00000000000003e8
[09/28/2026-23:30:27] [TRT] [V] =============== Computing reformatting costs for available format set
[09/28/2026-23:30:27] [TRT] [V] =============== Computing reformatting costs for available format set
[09/28/2026-23:30:27] [TRT] [V] =============== Computing reformatting costs for available format set
[09/28/2026-23:30:27] [TRT] [V] =============== Computing reformatting costs for available format set
[09/28/2026-23:30:27] [TRT] [V] =============== Computing reformatting costs for available format set
[09/28/2026-23:30:27] [TRT] [V] =============== Computing reformatting costs for available format set
[09/28/2026-23:30:27] [TRT] [V] =============== Computing reformatting costs for available format set
[09/28/2026-23:30:27] [TRT] [V] =============== Computing reformatting costs for available format set
[09/28/2026-23:30:27] [TRT] [V] =============== Computing reformatting costs for available format set
[09/28/2026-23:30:27] [TRT] [V] =============== Computing reformatting costs for available format set
[09/28/2026-23:30:27] [TRT] [V] =============== Computing reformatting costs for available format set
[09/28/2026-23:30:27] [TRT] [V] =============== Computing reformatting costs for available format set
[09/28/2026-23:30:27] [TRT] [V] =============== Computing reformatting costs for available format set
[09/28/2026-23:30:27] [TRT] [V] =============== Computing reformatting costs for available format set
[09/28/2026-23:30:27] [TRT] [V] =============== Computing reformatting costs for available format set
[09/28/2026-23:30:27] [TRT] [V] =============== Computing reformatting costs for available format set
[09/28/2026-23:30:27] [TRT] [V] =============== Computing reformatting costs for available format set
[09/28/2026-23:30:27] [TRT] [V] =============== Computing reformatting costs for available format set
[09/28/2026-23:30:27] [TRT] [V] =============== Computing reformatting costs for available format set
[09/28/2026-23:30:27] [TRT] [V] =============== Computing reformatting costs for available format set
[09/28/2026-23:30:27] [TRT] [V] =============== Computing reformatting costs for available format set
[09/28/2026-23:30:27] [TRT] [V] =============== Computing reformatting costs for available format set
[09/28/2026-23:30:27] [TRT] [V] =============== Computing reformatting costs for available format set
[09/28/2026-23:30:27] [TRT] [V] =============== Computing reformatting costs for available format set
[09/28/2026-23:30:27] [TRT] [V] =============== Computing reformatting costs for available format set
[09/28/2026-23:30:27] [TRT] [V] =============== Computing reformatting costs for available format set
[09/28/2026-23:30:27] [TRT] [V] =============== Computing reformatting costs for available format set
[09/28/2026-23:30:27] [TRT] [V] =============== Computing reformatting costs for available format set
[09/28/2026-23:30:27] [TRT] [V] =============== Computing reformatting costs for available format set
[09/28/2026-23:30:27] [TRT] [V] =============== Computing reformatting costs for available format set
[09/28/2026-23:30:27] [TRT] [V] =============== Computing reformatting costs for available format set
[09/28/2026-23:30:27] [TRT] [V] =============== Computing reformatting costs for available format set
[09/28/2026-23:30:27] [TRT] [V] =============== Computing reformatting costs for available format set
[09/28/2026-23:30:27] [TRT] [V] =============== Computing reformatting costs for available format set
[09/28/2026-23:30:27] [TRT] [V] =============== Computing reformatting costs for available format set
[09/28/2026-23:30:27] [TRT] [V] =============== Computing reformatting costs for available format set
[09/28/2026-23:30:27] [TRT] [V] =============== Computing reformatting costs for available format set
[09/28/2026-23:30:27] [TRT] [V] =============== Computing reformatting costs for available format set
[09/28/2026-23:30:27] [TRT] [V] =============== Computing reformatting costs for available format set
[09/28/2026-23:30:27] [TRT] [V] =============== Computing reformatting costs for available format set
[09/28/2026-23:30:27] [TRT] [V] =============== Computing reformatting costs for available format set
[09/28/2026-23:30:27] [TRT] [V] =============== Computing reformatting costs for available format set
[09/28/2026-23:30:27] [TRT] [V] =============== Computing reformatting costs for available format set
[09/28/2026-23:30:27] [TRT] [V] =============== Computing reformatting costs for available format set
[09/28/2026-23:30:27] [TRT] [V] =============== Computing reformatting costs: /model.22/Reshape_output_0 copy
[09/28/2026-23:30:27] [TRT] [V] *************** Autotuning format combination: Float(409600,6400,1) -> Float(537600,8400,1) long-strided ***************
[09/28/2026-23:30:27] [TRT] [V] --------------- Timing Runner: /model.22/Reshape_output_0 copy (Reformat[0x80000006])
[09/28/2026-23:30:27] [TRT] [V] Tactic: 0x00000000000003e8 Time: 0.477536
[09/28/2026-23:30:27] [TRT] [V] Tactic: 0x00000000000003e8 A valid tactic is found. Rest of the tactics are skipped.
[09/28/2026-23:30:27] [TRT] [V] >>>>>>>>>>>>>>> Chose Runner Type: Reformat Tactic: 0x00000000000003e8
[09/28/2026-23:30:27] [TRT] [V] =============== Computing reformatting costs for available format set
[09/28/2026-23:30:27] [TRT] [V] =============== Computing reformatting costs: /model.22/Reshape_1_output_0 copy
[09/28/2026-23:30:27] [TRT] [V] *************** Autotuning format combination: Float(102400,1600,1) -> Float(537600,8400,1) long-strided ***************
[09/28/2026-23:30:27] [TRT] [V] --------------- Timing Runner: /model.22/Reshape_1_output_0 copy (Reformat[0x80000006])
[09/28/2026-23:30:27] [TRT] [V] Tactic: 0x00000000000003e8 Time: 0.029888
[09/28/2026-23:30:27] [TRT] [V] Tactic: 0x00000000000003e8 A valid tactic is found. Rest of the tactics are skipped.
[09/28/2026-23:30:27] [TRT] [V] >>>>>>>>>>>>>>> Chose Runner Type: Reformat Tactic: 0x00000000000003e8
[09/28/2026-23:30:27] [TRT] [V] =============== Computing reformatting costs for available format set
[09/28/2026-23:30:27] [TRT] [V] =============== Computing reformatting costs: /model.22/Reshape_2_output_0 copy
[09/28/2026-23:30:27] [TRT] [V] *************** Autotuning format combination: Float(25600,400,1) -> Float(537600,8400,1) long-strided ***************
[09/28/2026-23:30:27] [TRT] [V] --------------- Timing Runner: /model.22/Reshape_2_output_0 copy (Reformat[0x80000006])
[09/28/2026-23:30:27] [TRT] [V] Tactic: 0x00000000000003e8 Time: 0.025056
[09/28/2026-23:30:27] [TRT] [V] Tactic: 0x00000000000003e8 A valid tactic is found. Rest of the tactics are skipped.
[09/28/2026-23:30:27] [TRT] [V] >>>>>>>>>>>>>>> Chose Runner Type: Reformat Tactic: 0x00000000000003e8
[09/28/2026-23:30:27] [TRT] [V] =============== Computing reformatting costs for available format set
[09/28/2026-23:30:27] [TRT] [V] =============== Computing reformatting costs: /model.22/Reshape_3_output_0 copy
[09/28/2026-23:30:27] [TRT] [V] *************** Autotuning format combination: Float(19200,6400,1) -> Float(25200,8400,1) long-strided ***************
[09/28/2026-23:30:27] [TRT] [V] --------------- Timing Runner: /model.22/Reshape_3_output_0 copy (Reformat[0x80000006])
[09/28/2026-23:30:27] [TRT] [V] Tactic: 0x00000000000003e8 Time: 0.024576
[09/28/2026-23:30:27] [TRT] [V] Tactic: 0x00000000000003e8 A valid tactic is found. Rest of the tactics are skipped.
[09/28/2026-23:30:27] [TRT] [V] >>>>>>>>>>>>>>> Chose Runner Type: Reformat Tactic: 0x00000000000003e8
[09/28/2026-23:30:27] [TRT] [V] =============== Computing reformatting costs for available format set
[09/28/2026-23:30:27] [TRT] [V] =============== Computing reformatting costs: /model.22/Reshape_4_output_0 copy
[09/28/2026-23:30:27] [TRT] [V] *************** Autotuning format combination: Float(4800,1600,1) -> Float(25200,8400,1) long-strided ***************
[09/28/2026-23:30:27] [TRT] [V] --------------- Timing Runner: /model.22/Reshape_4_output_0 copy (Reformat[0x80000006])
[09/28/2026-23:30:27] [TRT] [V] Tactic: 0x00000000000003e8 Time: 0.024384
[09/28/2026-23:30:27] [TRT] [V] Tactic: 0x00000000000003e8 A valid tactic is found. Rest of the tactics are skipped.
[09/28/2026-23:30:27] [TRT] [V] >>>>>>>>>>>>>>> Chose Runner Type: Reformat Tactic: 0x00000000000003e8
[09/28/2026-23:30:27] [TRT] [V] =============== Computing reformatting costs for available format set
[09/28/2026-23:30:27] [TRT] [V] =============== Computing reformatting costs: /model.22/Reshape_5_output_0 copy
[09/28/2026-23:30:27] [TRT] [V] *************** Autotuning format combination: Float(1200,400,1) -> Float(25200,8400,1) long-strided ***************
[09/28/2026-23:30:27] [TRT] [V] --------------- Timing Runner: /model.22/Reshape_5_output_0 copy (Reformat[0x80000006])
[09/28/2026-23:30:27] [TRT] [V] Tactic: 0x00000000000003e8 Time: 0.024672
[09/28/2026-23:30:27] [TRT] [V] Tactic: 0x00000000000003e8 A valid tactic is found. Rest of the tactics are skipped.
[09/28/2026-23:30:27] [TRT] [V] >>>>>>>>>>>>>>> Chose Runner Type: Reformat Tactic: 0x00000000000003e8
[09/28/2026-23:30:27] [TRT] [V] =============== Computing reformatting costs for available format set
[09/28/2026-23:30:27] [TRT] [V] =============== Computing reformatting costs for available format set
[09/28/2026-23:30:27] [TRT] [V] =============== Computing reformatting costs for available format set
[09/28/2026-23:30:27] [TRT] [V] =============== Computing reformatting costs for available format set
[09/28/2026-23:30:27] [TRT] [V] =============== Computing reformatting costs for available format set
[09/28/2026-23:30:27] [TRT] [V] =============== Computing reformatting costs for available format set
[09/28/2026-23:30:27] [TRT] [V] =============== Computing reformatting costs for available format set
[09/28/2026-23:30:27] [TRT] [V] =============== Computing reformatting costs for available format set
[09/28/2026-23:30:27] [TRT] [V] =============== Computing reformatting costs for available format set
[09/28/2026-23:30:27] [TRT] [V] =============== Computing reformatting costs for available format set
[09/28/2026-23:30:27] [TRT] [V] =============== Computing reformatting costs for available format set
[09/28/2026-23:30:27] [TRT] [V] =============== Computing reformatting costs for available format set
[09/28/2026-23:30:27] [TRT] [V] =============== Computing reformatting costs for available format set
[09/28/2026-23:30:27] [TRT] [V] =============== Computing reformatting costs for available format set
[09/28/2026-23:30:27] [TRT] [V] =============== Computing reformatting costs for available format set
[09/28/2026-23:30:27] [TRT] [V] =============== Computing reformatting costs for available format set
[09/28/2026-23:30:27] [TRT] [V] =============== Computing reformatting costs for available format set
[09/28/2026-23:30:27] [TRT] [V] =============== Computing reformatting costs for available format set
[09/28/2026-23:30:27] [TRT] [V] =============== Computing reformatting costs for available format set
[09/28/2026-23:30:27] [TRT] [V] =============== Computing reformatting costs for available format set
[09/28/2026-23:30:27] [TRT] [V] =============== Computing reformatting costs for available format set
[09/28/2026-23:30:27] [TRT] [V] =============== Computing reformatting costs for available format set
[09/28/2026-23:30:27] [TRT] [V] =============== Computing reformatting costs for available format set
[09/28/2026-23:30:27] [TRT] [V] =============== Computing reformatting costs for available format set
[09/28/2026-23:30:27] [TRT] [V] =============== Computing reformatting costs for available format set
[09/28/2026-23:30:27] [TRT] [V] =============== Computing reformatting costs for available format set
[09/28/2026-23:30:27] [TRT] [V] =============== Computing reformatting costs for available format set
[09/28/2026-23:30:27] [TRT] [V] =============== Computing reformatting costs for available format set
[09/28/2026-23:30:27] [TRT] [V] =============== Computing reformatting costs for available format set
[09/28/2026-23:30:27] [TRT] [V] =============== Computing reformatting costs for available format set
[09/28/2026-23:30:27] [TRT] [V] =============== Computing reformatting costs for available format set
[09/28/2026-23:30:27] [TRT] [V] =============== Computing reformatting costs for available format set
[09/28/2026-23:30:27] [TRT] [V] =============== Computing reformatting costs for available format set
[09/28/2026-23:30:27] [TRT] [V] =============== Computing reformatting costs for available format set
[09/28/2026-23:30:27] [TRT] [V] =============== Computing reformatting costs: /model.22/Div_1_output_0 copy
[09/28/2026-23:30:27] [TRT] [V] *************** Autotuning format combination: Float(16800,8400,1) -> Float(33600,8400,1) long-strided ***************
[09/28/2026-23:30:27] [TRT] [V] --------------- Timing Runner: /model.22/Div_1_output_0 copy (Reformat[0x80000006])
[09/28/2026-23:30:27] [TRT] [V] Tactic: 0x00000000000003e8 Time: 4.07053
[09/28/2026-23:30:27] [TRT] [V] Tactic: 0x00000000000003e8 A valid tactic is found. Rest of the tactics are skipped.
[09/28/2026-23:30:27] [TRT] [V] >>>>>>>>>>>>>>> Chose Runner Type: Reformat Tactic: 0x00000000000003e8
[09/28/2026-23:30:27] [TRT] [V] =============== Computing reformatting costs for available format set
[09/28/2026-23:30:27] [TRT] [V] =============== Computing reformatting costs: /model.22/Sub_1_output_0 copy
[09/28/2026-23:30:27] [TRT] [V] *************** Autotuning format combination: Float(16800,8400,1) -> Float(33600,8400,1) long-strided ***************
[09/28/2026-23:30:27] [TRT] [V] --------------- Timing Runner: /model.22/Sub_1_output_0 copy (Reformat[0x80000006])
[09/28/2026-23:30:27] [TRT] [V] Tactic: 0x00000000000003e8 Time: 0.018464
[09/28/2026-23:30:27] [TRT] [V] Tactic: 0x00000000000003e8 A valid tactic is found. Rest of the tactics are skipped.
[09/28/2026-23:30:27] [TRT] [V] >>>>>>>>>>>>>>> Chose Runner Type: Reformat Tactic: 0x00000000000003e8
[09/28/2026-23:30:27] [TRT] [V] =============== Computing reformatting costs for available format set
[09/28/2026-23:30:27] [TRT] [V] =============== Computing reformatting costs for available format set
[09/28/2026-23:30:27] [TRT] [V] =============== Computing reformatting costs for available format set
[09/28/2026-23:30:27] [TRT] [V] =============== Computing reformatting costs for available format set
[09/28/2026-23:30:27] [TRT] [V] =============== Computing reformatting costs: /model.22/Mul_2_output_0 copy
[09/28/2026-23:30:27] [TRT] [V] *************** Autotuning format combination: Float(33600,8400,1) -> Float(58800,8400,1) long-strided ***************
[09/28/2026-23:30:27] [TRT] [V] --------------- Timing Runner: /model.22/Mul_2_output_0 copy (Reformat[0x80000006])
[09/28/2026-23:30:27] [TRT] [V] Tactic: 0x00000000000003e8 Time: 0.010336
[09/28/2026-23:30:27] [TRT] [V] Tactic: 0x00000000000003e8 A valid tactic is found. Rest of the tactics are skipped.
[09/28/2026-23:30:27] [TRT] [V] >>>>>>>>>>>>>>> Chose Runner Type: Reformat Tactic: 0x00000000000003e8
[09/28/2026-23:30:27] [TRT] [V] =============== Computing reformatting costs for available format set
[09/28/2026-23:30:27] [TRT] [V] =============== Computing reformatting costs: /model.22/Sigmoid_output_0 copy
[09/28/2026-23:30:27] [TRT] [V] *************** Autotuning format combination: Float(25200,8400,1) -> Float(58800,8400,1) long-strided ***************
[09/28/2026-23:30:27] [TRT] [V] --------------- Timing Runner: /model.22/Sigmoid_output_0 copy (Reformat[0x80000006])
[09/28/2026-23:30:27] [TRT] [V] Tactic: 0x00000000000003e8 Time: 0.009312
[09/28/2026-23:30:27] [TRT] [V] Tactic: 0x00000000000003e8 A valid tactic is found. Rest of the tactics are skipped.
[09/28/2026-23:30:27] [TRT] [V] >>>>>>>>>>>>>>> Chose Runner Type: Reformat Tactic: 0x00000000000003e8
[09/28/2026-23:30:27] [TRT] [V] Formats and tactics selection completed in 3.87555 seconds.
[09/28/2026-23:30:27] [TRT] [V] After reformat layers: 277 layers
[09/28/2026-23:30:27] [TRT] [V] Total number of blocks in pre-optimized block assignment: 242
[09/28/2026-23:30:27] [TRT] [I] Detected 1 inputs and 3 output network tensors.
[09/28/2026-23:30:27] [TRT] [V] Disabling gemm+pointwise/reduce fusions at optimization level 0
[09/28/2026-23:30:27] [TRT] [V] Set number of tactics to 1 at optimization level 0
[09/28/2026-23:30:27] [TRT] [V]  (foreignNode) Set user's cuda kernel library
[09/28/2026-23:30:27] [TRT] [V] Subgraph compilation completed in 0.007 seconds.
[09/28/2026-23:30:27] [TRT] [V] Disabling gemm+pointwise/reduce fusions at optimization level 0
[09/28/2026-23:30:27] [TRT] [V] Set number of tactics to 1 at optimization level 0
[09/28/2026-23:30:27] [TRT] [V]  (foreignNode) Set user's cuda kernel library
[09/28/2026-23:30:27] [TRT] [V] Subgraph compilation completed in 0.006 seconds.
[09/28/2026-23:30:27] [TRT] [V] Disabling gemm+pointwise/reduce fusions at optimization level 0
[09/28/2026-23:30:27] [TRT] [V] Set number of tactics to 1 at optimization level 0
[09/28/2026-23:30:27] [TRT] [V]  (foreignNode) Set user's cuda kernel library
[09/28/2026-23:30:27] [TRT] [V] Subgraph compilation completed in 0.007 seconds.
[09/28/2026-23:30:27] [TRT] [V] Disabling gemm+pointwise/reduce fusions at optimization level 0
[09/28/2026-23:30:27] [TRT] [V] Set number of tactics to 1 at optimization level 0
[09/28/2026-23:30:27] [TRT] [V]  (foreignNode) Set user's cuda kernel library
[09/28/2026-23:30:27] [TRT] [V] Subgraph compilation completed in 0.007 seconds.
[09/28/2026-23:30:27] [TRT] [V] Disabling gemm+pointwise/reduce fusions at optimization level 0
[09/28/2026-23:30:27] [TRT] [V] Set number of tactics to 1 at optimization level 0
[09/28/2026-23:30:27] [TRT] [V]  (foreignNode) Set user's cuda kernel library
[09/28/2026-23:30:27] [TRT] [V] Subgraph compilation completed in 0.006 seconds.
[09/28/2026-23:30:27] [TRT] [V] Disabling gemm+pointwise/reduce fusions at optimization level 0
[09/28/2026-23:30:27] [TRT] [V] Set number of tactics to 1 at optimization level 0
[09/28/2026-23:30:27] [TRT] [V]  (foreignNode) Set user's cuda kernel library
[09/28/2026-23:30:27] [TRT] [V] Subgraph compilation completed in 0.006 seconds.
[09/28/2026-23:30:27] [TRT] [V] Disabling gemm+pointwise/reduce fusions at optimization level 0
[09/28/2026-23:30:27] [TRT] [V] Set number of tactics to 1 at optimization level 0
[09/28/2026-23:30:27] [TRT] [V]  (foreignNode) Set user's cuda kernel library
[09/28/2026-23:30:27] [TRT] [V] Subgraph compilation completed in 0.006 seconds.
[09/28/2026-23:30:27] [TRT] [V] Disabling gemm+pointwise/reduce fusions at optimization level 0
[09/28/2026-23:30:27] [TRT] [V] Set number of tactics to 1 at optimization level 0
[09/28/2026-23:30:27] [TRT] [V]  (foreignNode) Set user's cuda kernel library
[09/28/2026-23:30:27] [TRT] [V] Subgraph compilation completed in 0.007 seconds.
[09/28/2026-23:30:27] [TRT] [V] Disabling gemm+pointwise/reduce fusions at optimization level 0
[09/28/2026-23:30:27] [TRT] [V] Set number of tactics to 1 at optimization level 0
[09/28/2026-23:30:27] [TRT] [V]  (foreignNode) Set user's cuda kernel library
[09/28/2026-23:30:27] [TRT] [V] Subgraph compilation completed in 0.006 seconds.
[09/28/2026-23:30:27] [TRT] [V] Disabling gemm+pointwise/reduce fusions at optimization level 0
[09/28/2026-23:30:27] [TRT] [V] Set number of tactics to 1 at optimization level 0
[09/28/2026-23:30:27] [TRT] [V]  (foreignNode) Set user's cuda kernel library
[09/28/2026-23:30:27] [TRT] [V] Subgraph compilation completed in 0.006 seconds.
[09/28/2026-23:30:27] [TRT] [V] Disabling gemm+pointwise/reduce fusions at optimization level 0
[09/28/2026-23:30:27] [TRT] [V] Set number of tactics to 1 at optimization level 0
[09/28/2026-23:30:27] [TRT] [V]  (foreignNode) Set user's cuda kernel library
[09/28/2026-23:30:27] [TRT] [V] Subgraph compilation completed in 0.006 seconds.
[09/28/2026-23:30:27] [TRT] [V] Disabling gemm+pointwise/reduce fusions at optimization level 0
[09/28/2026-23:30:27] [TRT] [V] Set number of tactics to 1 at optimization level 0
[09/28/2026-23:30:27] [TRT] [V]  (foreignNode) Set user's cuda kernel library
[09/28/2026-23:30:27] [TRT] [V] Subgraph compilation completed in 0.006 seconds.
[09/28/2026-23:30:27] [TRT] [V] Disabling gemm+pointwise/reduce fusions at optimization level 0
[09/28/2026-23:30:27] [TRT] [V] Set number of tactics to 1 at optimization level 0
[09/28/2026-23:30:27] [TRT] [V]  (foreignNode) Set user's cuda kernel library
[09/28/2026-23:30:27] [TRT] [V] Subgraph compilation completed in 0.007 seconds.
[09/28/2026-23:30:27] [TRT] [V] Disabling gemm+pointwise/reduce fusions at optimization level 0
[09/28/2026-23:30:27] [TRT] [V] Set number of tactics to 1 at optimization level 0
[09/28/2026-23:30:27] [TRT] [V]  (foreignNode) Set user's cuda kernel library
[09/28/2026-23:30:27] [TRT] [V] Subgraph compilation completed in 0.006 seconds.
[09/28/2026-23:30:27] [TRT] [V] Disabling gemm+pointwise/reduce fusions at optimization level 0
[09/28/2026-23:30:27] [TRT] [V] Set number of tactics to 1 at optimization level 0
[09/28/2026-23:30:27] [TRT] [V]  (foreignNode) Set user's cuda kernel library
[09/28/2026-23:30:27] [TRT] [V] Subgraph compilation completed in 0.006 seconds.
[09/28/2026-23:30:27] [TRT] [V] Disabling gemm+pointwise/reduce fusions at optimization level 0
[09/28/2026-23:30:27] [TRT] [V] Set number of tactics to 1 at optimization level 0
[09/28/2026-23:30:27] [TRT] [V]  (foreignNode) Set user's cuda kernel library
[09/28/2026-23:30:27] [TRT] [V] Subgraph compilation completed in 0.006 seconds.
[09/28/2026-23:30:27] [TRT] [V] Disabling gemm+pointwise/reduce fusions at optimization level 0
[09/28/2026-23:30:27] [TRT] [V] Set number of tactics to 1 at optimization level 0
[09/28/2026-23:30:27] [TRT] [V]  (foreignNode) Set user's cuda kernel library
[09/28/2026-23:30:27] [TRT] [V] Subgraph compilation completed in 0.006 seconds.
[09/28/2026-23:30:27] [TRT] [V] Disabling gemm+pointwise/reduce fusions at optimization level 0
[09/28/2026-23:30:27] [TRT] [V] Set number of tactics to 1 at optimization level 0
[09/28/2026-23:30:27] [TRT] [V]  (foreignNode) Set user's cuda kernel library
[09/28/2026-23:30:27] [TRT] [V] Subgraph compilation completed in 0.006 seconds.
[09/28/2026-23:30:27] [TRT] [V] Disabling gemm+pointwise/reduce fusions at optimization level 0
[09/28/2026-23:30:27] [TRT] [V] Set number of tactics to 1 at optimization level 0
[09/28/2026-23:30:27] [TRT] [V]  (foreignNode) Set user's cuda kernel library
[09/28/2026-23:30:27] [TRT] [V] Subgraph compilation completed in 0.006 seconds.
[09/28/2026-23:30:27] [TRT] [V] Disabling gemm+pointwise/reduce fusions at optimization level 0
[09/28/2026-23:30:27] [TRT] [V] Set number of tactics to 1 at optimization level 0
[09/28/2026-23:30:27] [TRT] [V]  (foreignNode) Set user's cuda kernel library
[09/28/2026-23:30:27] [TRT] [V] Subgraph compilation completed in 0.006 seconds.
[09/28/2026-23:30:27] [TRT] [V] Disabling gemm+pointwise/reduce fusions at optimization level 0
[09/28/2026-23:30:27] [TRT] [V] Set number of tactics to 1 at optimization level 0
[09/28/2026-23:30:27] [TRT] [V]  (foreignNode) Set user's cuda kernel library
[09/28/2026-23:30:27] [TRT] [V] Subgraph compilation completed in 0.006 seconds.
[09/28/2026-23:30:27] [TRT] [V] Disabling gemm+pointwise/reduce fusions at optimization level 0
[09/28/2026-23:30:27] [TRT] [V] Set number of tactics to 1 at optimization level 0
[09/28/2026-23:30:27] [TRT] [V]  (foreignNode) Set user's cuda kernel library
[09/28/2026-23:30:27] [TRT] [V] Subgraph compilation completed in 0.006 seconds.
[09/28/2026-23:30:27] [TRT] [V] Disabling gemm+pointwise/reduce fusions at optimization level 0
[09/28/2026-23:30:27] [TRT] [V] Set number of tactics to 1 at optimization level 0
[09/28/2026-23:30:27] [TRT] [V]  (foreignNode) Set user's cuda kernel library
[09/28/2026-23:30:27] [TRT] [V] Subgraph compilation completed in 0.006 seconds.
[09/28/2026-23:30:27] [TRT] [V] Disabling gemm+pointwise/reduce fusions at optimization level 0
[09/28/2026-23:30:27] [TRT] [V] Set number of tactics to 1 at optimization level 0
[09/28/2026-23:30:27] [TRT] [V]  (foreignNode) Set user's cuda kernel library
[09/28/2026-23:30:27] [TRT] [V] Subgraph compilation completed in 0.006 seconds.
[09/28/2026-23:30:28] [TRT] [V] Disabling gemm+pointwise/reduce fusions at optimization level 0
[09/28/2026-23:30:28] [TRT] [V] Set number of tactics to 1 at optimization level 0
[09/28/2026-23:30:28] [TRT] [V]  (foreignNode) Set user's cuda kernel library
[09/28/2026-23:30:28] [TRT] [V] Subgraph compilation completed in 0.006 seconds.
[09/28/2026-23:30:28] [TRT] [V] Disabling gemm+pointwise/reduce fusions at optimization level 0
[09/28/2026-23:30:28] [TRT] [V] Set number of tactics to 1 at optimization level 0
[09/28/2026-23:30:28] [TRT] [V]  (foreignNode) Set user's cuda kernel library
[09/28/2026-23:30:28] [TRT] [V] Subgraph compilation completed in 0.006 seconds.
[09/28/2026-23:30:28] [TRT] [V] Disabling gemm+pointwise/reduce fusions at optimization level 0
[09/28/2026-23:30:28] [TRT] [V] Set number of tactics to 1 at optimization level 0
[09/28/2026-23:30:28] [TRT] [V]  (foreignNode) Set user's cuda kernel library
[09/28/2026-23:30:28] [TRT] [V] Subgraph compilation completed in 0.008 seconds.
[09/28/2026-23:30:28] [TRT] [V] Disabling gemm+pointwise/reduce fusions at optimization level 0
[09/28/2026-23:30:28] [TRT] [V] Set number of tactics to 1 at optimization level 0
[09/28/2026-23:30:28] [TRT] [V]  (foreignNode) Set user's cuda kernel library
[09/28/2026-23:30:28] [TRT] [V] Subgraph compilation completed in 0.007 seconds.
[09/28/2026-23:30:28] [TRT] [V] Disabling gemm+pointwise/reduce fusions at optimization level 0
[09/28/2026-23:30:28] [TRT] [V] Set number of tactics to 1 at optimization level 0
[09/28/2026-23:30:28] [TRT] [V]  (foreignNode) Set user's cuda kernel library
[09/28/2026-23:30:28] [TRT] [V] Subgraph compilation completed in 0.006 seconds.
[09/28/2026-23:30:28] [TRT] [V] Disabling gemm+pointwise/reduce fusions at optimization level 0
[09/28/2026-23:30:28] [TRT] [V] Set number of tactics to 1 at optimization level 0
[09/28/2026-23:30:28] [TRT] [V]  (foreignNode) Set user's cuda kernel library
[09/28/2026-23:30:28] [TRT] [V] Subgraph compilation completed in 0.006 seconds.
[09/28/2026-23:30:28] [TRT] [V] Disabling gemm+pointwise/reduce fusions at optimization level 0
[09/28/2026-23:30:28] [TRT] [V] Set number of tactics to 1 at optimization level 0
[09/28/2026-23:30:28] [TRT] [V]  (foreignNode) Set user's cuda kernel library
[09/28/2026-23:30:28] [TRT] [V] Subgraph compilation completed in 0.006 seconds.
[09/28/2026-23:30:28] [TRT] [V] Disabling gemm+pointwise/reduce fusions at optimization level 0
[09/28/2026-23:30:28] [TRT] [V] Set number of tactics to 1 at optimization level 0
[09/28/2026-23:30:28] [TRT] [V]  (foreignNode) Set user's cuda kernel library
[09/28/2026-23:30:28] [TRT] [V] Subgraph compilation completed in 0.006 seconds.
[09/28/2026-23:30:28] [TRT] [V] Disabling gemm+pointwise/reduce fusions at optimization level 0
[09/28/2026-23:30:28] [TRT] [V] Set number of tactics to 1 at optimization level 0
[09/28/2026-23:30:28] [TRT] [V]  (foreignNode) Set user's cuda kernel library
[09/28/2026-23:30:28] [TRT] [V] Subgraph compilation completed in 0.006 seconds.
[09/28/2026-23:30:28] [TRT] [V] Disabling gemm+pointwise/reduce fusions at optimization level 0
[09/28/2026-23:30:28] [TRT] [V] Set number of tactics to 1 at optimization level 0
[09/28/2026-23:30:28] [TRT] [V]  (foreignNode) Set user's cuda kernel library
[09/28/2026-23:30:28] [TRT] [V] Subgraph compilation completed in 0.008 seconds.
[09/28/2026-23:30:28] [TRT] [V] Disabling gemm+pointwise/reduce fusions at optimization level 0
[09/28/2026-23:30:28] [TRT] [V] Set number of tactics to 1 at optimization level 0
[09/28/2026-23:30:28] [TRT] [V]  (foreignNode) Set user's cuda kernel library
[09/28/2026-23:30:28] [TRT] [V] Subgraph compilation completed in 0.006 seconds.
[09/28/2026-23:30:28] [TRT] [V] Disabling gemm+pointwise/reduce fusions at optimization level 0
[09/28/2026-23:30:28] [TRT] [V] Set number of tactics to 1 at optimization level 0
[09/28/2026-23:30:28] [TRT] [V]  (foreignNode) Set user's cuda kernel library
[09/28/2026-23:30:28] [TRT] [V] Subgraph compilation completed in 0.006 seconds.
[09/28/2026-23:30:28] [TRT] [V] Disabling gemm+pointwise/reduce fusions at optimization level 0
[09/28/2026-23:30:28] [TRT] [V] Set number of tactics to 1 at optimization level 0
[09/28/2026-23:30:28] [TRT] [V]  (foreignNode) Set user's cuda kernel library
[09/28/2026-23:30:28] [TRT] [V] Subgraph compilation completed in 0.006 seconds.
[09/28/2026-23:30:28] [TRT] [V] Disabling gemm+pointwise/reduce fusions at optimization level 0
[09/28/2026-23:30:28] [TRT] [V] Set number of tactics to 1 at optimization level 0
[09/28/2026-23:30:28] [TRT] [V]  (foreignNode) Set user's cuda kernel library
[09/28/2026-23:30:28] [TRT] [V] Subgraph compilation completed in 0.006 seconds.
[09/28/2026-23:30:28] [TRT] [V] Disabling gemm+pointwise/reduce fusions at optimization level 0
[09/28/2026-23:30:28] [TRT] [V] Set number of tactics to 1 at optimization level 0
[09/28/2026-23:30:28] [TRT] [V]  (foreignNode) Set user's cuda kernel library
[09/28/2026-23:30:28] [TRT] [V] Subgraph compilation completed in 0.006 seconds.
[09/28/2026-23:30:28] [TRT] [V] Disabling gemm+pointwise/reduce fusions at optimization level 0
[09/28/2026-23:30:28] [TRT] [V] Set number of tactics to 1 at optimization level 0
[09/28/2026-23:30:28] [TRT] [V]  (foreignNode) Set user's cuda kernel library
[09/28/2026-23:30:28] [TRT] [V] Subgraph compilation completed in 0.006 seconds.
[09/28/2026-23:30:28] [TRT] [V] Disabling gemm+pointwise/reduce fusions at optimization level 0
[09/28/2026-23:30:28] [TRT] [V] Set number of tactics to 1 at optimization level 0
[09/28/2026-23:30:28] [TRT] [V]  (foreignNode) Set user's cuda kernel library
[09/28/2026-23:30:28] [TRT] [V] Subgraph compilation completed in 0.006 seconds.
[09/28/2026-23:30:28] [TRT] [V] Disabling gemm+pointwise/reduce fusions at optimization level 0
[09/28/2026-23:30:28] [TRT] [V] Set number of tactics to 1 at optimization level 0
[09/28/2026-23:30:28] [TRT] [V]  (foreignNode) Set user's cuda kernel library
[09/28/2026-23:30:28] [TRT] [V] Subgraph compilation completed in 0.006 seconds.
[09/28/2026-23:30:28] [TRT] [V] Disabling gemm+pointwise/reduce fusions at optimization level 0
[09/28/2026-23:30:28] [TRT] [V] Set number of tactics to 1 at optimization level 0
[09/28/2026-23:30:28] [TRT] [V]  (foreignNode) Set user's cuda kernel library
[09/28/2026-23:30:28] [TRT] [V] Subgraph compilation completed in 0.006 seconds.
[09/28/2026-23:30:28] [TRT] [V] Disabling gemm+pointwise/reduce fusions at optimization level 0
[09/28/2026-23:30:28] [TRT] [V] Set number of tactics to 1 at optimization level 0
[09/28/2026-23:30:28] [TRT] [V]  (foreignNode) Set user's cuda kernel library
[09/28/2026-23:30:28] [TRT] [V] Subgraph compilation completed in 0.007 seconds.
[09/28/2026-23:30:28] [TRT] [V] Disabling gemm+pointwise/reduce fusions at optimization level 0
[09/28/2026-23:30:28] [TRT] [V] Set number of tactics to 1 at optimization level 0
[09/28/2026-23:30:28] [TRT] [V]  (foreignNode) Set user's cuda kernel library
[09/28/2026-23:30:28] [TRT] [V] Subgraph compilation completed in 0.009 seconds.
[09/28/2026-23:30:28] [TRT] [V] Disabling gemm+pointwise/reduce fusions at optimization level 0
[09/28/2026-23:30:28] [TRT] [V] Set number of tactics to 1 at optimization level 0
[09/28/2026-23:30:28] [TRT] [V]  (foreignNode) Set user's cuda kernel library
[09/28/2026-23:30:28] [TRT] [V] Subgraph compilation completed in 0.007 seconds.
[09/28/2026-23:30:28] [TRT] [V] Disabling gemm+pointwise/reduce fusions at optimization level 0
[09/28/2026-23:30:28] [TRT] [V] Set number of tactics to 1 at optimization level 0
[09/28/2026-23:30:28] [TRT] [V]  (foreignNode) Set user's cuda kernel library
[09/28/2026-23:30:28] [TRT] [V] Subgraph compilation completed in 0.006 seconds.
[09/28/2026-23:30:28] [TRT] [V] Disabling gemm+pointwise/reduce fusions at optimization level 0
[09/28/2026-23:30:28] [TRT] [V] Set number of tactics to 1 at optimization level 0
[09/28/2026-23:30:28] [TRT] [V]  (foreignNode) Set user's cuda kernel library
[09/28/2026-23:30:28] [TRT] [V] Subgraph compilation completed in 0.006 seconds.
[09/28/2026-23:30:28] [TRT] [V] Disabling gemm+pointwise/reduce fusions at optimization level 0
[09/28/2026-23:30:28] [TRT] [V] Set number of tactics to 1 at optimization level 0
[09/28/2026-23:30:28] [TRT] [V]  (foreignNode) Set user's cuda kernel library
[09/28/2026-23:30:28] [TRT] [V] Subgraph compilation completed in 0.006 seconds.
[09/28/2026-23:30:28] [TRT] [V] Disabling gemm+pointwise/reduce fusions at optimization level 0
[09/28/2026-23:30:28] [TRT] [V] Set number of tactics to 1 at optimization level 0
[09/28/2026-23:30:28] [TRT] [V]  (foreignNode) Set user's cuda kernel library
[09/28/2026-23:30:28] [TRT] [V] Subgraph compilation completed in 0.006 seconds.
[09/28/2026-23:30:28] [TRT] [V] Disabling gemm+pointwise/reduce fusions at optimization level 0
[09/28/2026-23:30:28] [TRT] [V] Set number of tactics to 1 at optimization level 0
[09/28/2026-23:30:28] [TRT] [V]  (foreignNode) Set user's cuda kernel library
[09/28/2026-23:30:28] [TRT] [V] Subgraph compilation completed in 0.006 seconds.
[09/28/2026-23:30:28] [TRT] [V] Disabling gemm+pointwise/reduce fusions at optimization level 0
[09/28/2026-23:30:28] [TRT] [V] Set number of tactics to 1 at optimization level 0
[09/28/2026-23:30:28] [TRT] [V]  (foreignNode) Set user's cuda kernel library
[09/28/2026-23:30:28] [TRT] [V] Subgraph compilation completed in 0.006 seconds.
[09/28/2026-23:30:28] [TRT] [V] Disabling gemm+pointwise/reduce fusions at optimization level 0
[09/28/2026-23:30:28] [TRT] [V] Set number of tactics to 1 at optimization level 0
[09/28/2026-23:30:28] [TRT] [V]  (foreignNode) Set user's cuda kernel library
[09/28/2026-23:30:28] [TRT] [V] Subgraph compilation completed in 0.006 seconds.
[09/28/2026-23:30:28] [TRT] [V] Disabling gemm+pointwise/reduce fusions at optimization level 0
[09/28/2026-23:30:28] [TRT] [V] Set number of tactics to 1 at optimization level 0
[09/28/2026-23:30:28] [TRT] [V]  (foreignNode) Set user's cuda kernel library
[09/28/2026-23:30:28] [TRT] [V] Subgraph compilation completed in 0.006 seconds.
[09/28/2026-23:30:28] [TRT] [V] Disabling gemm+pointwise/reduce fusions at optimization level 0
[09/28/2026-23:30:28] [TRT] [V] Set number of tactics to 1 at optimization level 0
[09/28/2026-23:30:28] [TRT] [V]  (foreignNode) Set user's cuda kernel library
[09/28/2026-23:30:28] [TRT] [V] Subgraph compilation completed in 0.006 seconds.
[09/28/2026-23:30:28] [TRT] [V] Disabling gemm+pointwise/reduce fusions at optimization level 0
[09/28/2026-23:30:28] [TRT] [V] Set number of tactics to 1 at optimization level 0
[09/28/2026-23:30:28] [TRT] [V]  (foreignNode) Set user's cuda kernel library
[09/28/2026-23:30:28] [TRT] [V] Subgraph compilation completed in 0.006 seconds.
[09/28/2026-23:30:28] [TRT] [V] Disabling gemm+pointwise/reduce fusions at optimization level 0
[09/28/2026-23:30:28] [TRT] [V] Set number of tactics to 1 at optimization level 0
[09/28/2026-23:30:28] [TRT] [V]  (foreignNode) Set user's cuda kernel library
[09/28/2026-23:30:28] [TRT] [V] Subgraph compilation completed in 0.006 seconds.
[09/28/2026-23:30:28] [TRT] [V] Disabling gemm+pointwise/reduce fusions at optimization level 0
[09/28/2026-23:30:28] [TRT] [V] Set number of tactics to 1 at optimization level 0
[09/28/2026-23:30:28] [TRT] [V]  (foreignNode) Set user's cuda kernel library
[09/28/2026-23:30:28] [TRT] [V] Subgraph compilation completed in 0.006 seconds.
[09/28/2026-23:30:28] [TRT] [V] Disabling gemm+pointwise/reduce fusions at optimization level 0
[09/28/2026-23:30:28] [TRT] [V] Set number of tactics to 1 at optimization level 0
[09/28/2026-23:30:28] [TRT] [V]  (foreignNode) Set user's cuda kernel library
[09/28/2026-23:30:28] [TRT] [V] Subgraph compilation completed in 0.006 seconds.
[09/28/2026-23:30:28] [TRT] [V] Disabling gemm+pointwise/reduce fusions at optimization level 0
[09/28/2026-23:30:28] [TRT] [V] Set number of tactics to 1 at optimization level 0
[09/28/2026-23:30:28] [TRT] [V]  (foreignNode) Set user's cuda kernel library
[09/28/2026-23:30:28] [TRT] [V] Subgraph compilation completed in 0.006 seconds.
[09/28/2026-23:30:28] [TRT] [V] Disabling gemm+pointwise/reduce fusions at optimization level 0
[09/28/2026-23:30:28] [TRT] [V] Set number of tactics to 1 at optimization level 0
[09/28/2026-23:30:28] [TRT] [V]  (foreignNode) Set user's cuda kernel library
[09/28/2026-23:30:28] [TRT] [V] Subgraph compilation completed in 0.006 seconds.
[09/28/2026-23:30:28] [TRT] [V] Disabling gemm+pointwise/reduce fusions at optimization level 0
[09/28/2026-23:30:28] [TRT] [V] Set number of tactics to 1 at optimization level 0
[09/28/2026-23:30:28] [TRT] [V]  (foreignNode) Set user's cuda kernel library
[09/28/2026-23:30:28] [TRT] [V] Subgraph compilation completed in 0.01 seconds.
[09/28/2026-23:30:28] [TRT] [V] Disabling gemm+pointwise/reduce fusions at optimization level 0
[09/28/2026-23:30:28] [TRT] [V] Set number of tactics to 1 at optimization level 0
[09/28/2026-23:30:28] [TRT] [V]  (foreignNode) Set user's cuda kernel library
[09/28/2026-23:30:28] [TRT] [V] Subgraph compilation completed in 0.006 seconds.
[09/28/2026-23:30:28] [TRT] [V] Disabling gemm+pointwise/reduce fusions at optimization level 0
[09/28/2026-23:30:28] [TRT] [V] Set number of tactics to 1 at optimization level 0
[09/28/2026-23:30:28] [TRT] [V]  (foreignNode) Set user's cuda kernel library
[09/28/2026-23:30:28] [TRT] [V] Subgraph compilation completed in 0.006 seconds.
[09/28/2026-23:30:28] [TRT] [V] Disabling gemm+pointwise/reduce fusions at optimization level 0
[09/28/2026-23:30:28] [TRT] [V] Set number of tactics to 1 at optimization level 0
[09/28/2026-23:30:28] [TRT] [V]  (foreignNode) Set user's cuda kernel library
[09/28/2026-23:30:28] [TRT] [V] Subgraph compilation completed in 0.006 seconds.
[09/28/2026-23:30:28] [TRT] [V] Disabling gemm+pointwise/reduce fusions at optimization level 0
[09/28/2026-23:30:28] [TRT] [V] Set number of tactics to 1 at optimization level 0
[09/28/2026-23:30:28] [TRT] [V]  (foreignNode) Set user's cuda kernel library
[09/28/2026-23:30:28] [TRT] [V] Subgraph compilation completed in 0.006 seconds.
[09/28/2026-23:30:28] [TRT] [V] Disabling gemm+pointwise/reduce fusions at optimization level 0
[09/28/2026-23:30:28] [TRT] [V] Set number of tactics to 1 at optimization level 0
[09/28/2026-23:30:28] [TRT] [V]  (foreignNode) Set user's cuda kernel library
[09/28/2026-23:30:28] [TRT] [V] Subgraph compilation completed in 0.006 seconds.
[09/28/2026-23:30:28] [TRT] [V] Disabling gemm+pointwise/reduce fusions at optimization level 0
[09/28/2026-23:30:28] [TRT] [V] Set number of tactics to 1 at optimization level 0
[09/28/2026-23:30:28] [TRT] [V]  (foreignNode) Set user's cuda kernel library
[09/28/2026-23:30:28] [TRT] [V] Subgraph compilation completed in 0.006 seconds.
[09/28/2026-23:30:29] [TRT] [V] Layer: /model.0/conv/Conv Host Persistent: 3680 bytes Device Persistent: 614912 bytes Scratch Memory: 0 bytes
[09/28/2026-23:30:29] [TRT] [V] Layer: PWN(/model.0/act/Sigmoid) Host Persistent: 344 bytes Device Persistent: 0 bytes Scratch Memory: 0 bytes
[09/28/2026-23:30:29] [TRT] [V] Layer: /model.0/act/Mul Host Persistent: 80 bytes Device Persistent: 0 bytes Scratch Memory: 0 bytes
[09/28/2026-23:30:29] [TRT] [V] Layer: /model.1/conv/Conv Host Persistent: 3680 bytes Device Persistent: 154112 bytes Scratch Memory: 0 bytes
[09/28/2026-23:30:29] [TRT] [V] Layer: PWN(/model.1/act/Sigmoid) Host Persistent: 344 bytes Device Persistent: 0 bytes Scratch Memory: 0 bytes
[09/28/2026-23:30:29] [TRT] [V] Layer: /model.1/act/Mul Host Persistent: 80 bytes Device Persistent: 0 bytes Scratch Memory: 0 bytes
[09/28/2026-23:30:29] [TRT] [V] Layer: /model.2/cv1/conv/Conv Host Persistent: 3680 bytes Device Persistent: 154112 bytes Scratch Memory: 0 bytes
[09/28/2026-23:30:29] [TRT] [V] Layer: PWN(/model.2/cv1/act/Sigmoid) Host Persistent: 344 bytes Device Persistent: 0 bytes Scratch Memory: 0 bytes
[09/28/2026-23:30:29] [TRT] [V] Layer: /model.2/cv1/act/Mul Host Persistent: 80 bytes Device Persistent: 0 bytes Scratch Memory: 0 bytes
[09/28/2026-23:30:29] [TRT] [V] Layer: /model.2/m.0/cv1/conv/Conv Host Persistent: 2528 bytes Device Persistent: 0 bytes Scratch Memory: 0 bytes
[09/28/2026-23:30:29] [TRT] [V] Layer: PWN(/model.2/m.0/cv1/act/Sigmoid) Host Persistent: 344 bytes Device Persistent: 0 bytes Scratch Memory: 0 bytes
[09/28/2026-23:30:29] [TRT] [V] Layer: /model.2/m.0/cv1/act/Mul Host Persistent: 80 bytes Device Persistent: 0 bytes Scratch Memory: 0 bytes
[09/28/2026-23:30:29] [TRT] [V] Layer: /model.2/m.0/cv2/conv/Conv Host Persistent: 2528 bytes Device Persistent: 0 bytes Scratch Memory: 0 bytes
[09/28/2026-23:30:29] [TRT] [V] Layer: PWN(/model.2/m.0/cv2/act/Sigmoid) Host Persistent: 344 bytes Device Persistent: 0 bytes Scratch Memory: 0 bytes
[09/28/2026-23:30:29] [TRT] [V] Layer: /model.2/m.0/cv2/act/Mul Host Persistent: 80 bytes Device Persistent: 0 bytes Scratch Memory: 0 bytes
[09/28/2026-23:30:29] [TRT] [V] Layer: /model.2/m.0/Add Host Persistent: 80 bytes Device Persistent: 0 bytes Scratch Memory: 0 bytes
[09/28/2026-23:30:29] [TRT] [V] Layer: /model.2/cv2/conv/Conv Host Persistent: 3680 bytes Device Persistent: 154112 bytes Scratch Memory: 0 bytes
[09/28/2026-23:30:29] [TRT] [V] Layer: PWN(/model.2/cv2/act/Sigmoid) Host Persistent: 344 bytes Device Persistent: 0 bytes Scratch Memory: 0 bytes
[09/28/2026-23:30:29] [TRT] [V] Layer: /model.2/cv2/act/Mul Host Persistent: 80 bytes Device Persistent: 0 bytes Scratch Memory: 0 bytes
[09/28/2026-23:30:29] [TRT] [V] Layer: /model.3/conv/Conv Host Persistent: 3680 bytes Device Persistent: 38912 bytes Scratch Memory: 0 bytes
[09/28/2026-23:30:29] [TRT] [V] Layer: PWN(/model.3/act/Sigmoid) Host Persistent: 344 bytes Device Persistent: 0 bytes Scratch Memory: 0 bytes
[09/28/2026-23:30:29] [TRT] [V] Layer: /model.3/act/Mul Host Persistent: 80 bytes Device Persistent: 0 bytes Scratch Memory: 0 bytes
[09/28/2026-23:30:29] [TRT] [V] Layer: /model.4/cv1/conv/Conv Host Persistent: 3680 bytes Device Persistent: 38912 bytes Scratch Memory: 0 bytes
[09/28/2026-23:30:29] [TRT] [V] Layer: PWN(/model.4/cv1/act/Sigmoid) Host Persistent: 344 bytes Device Persistent: 0 bytes Scratch Memory: 0 bytes
[09/28/2026-23:30:29] [TRT] [V] Layer: /model.4/cv1/act/Mul Host Persistent: 80 bytes Device Persistent: 0 bytes Scratch Memory: 0 bytes
[09/28/2026-23:30:29] [TRT] [V] Layer: /model.4/m.0/cv1/conv/Conv Host Persistent: 2528 bytes Device Persistent: 0 bytes Scratch Memory: 0 bytes
[09/28/2026-23:30:29] [TRT] [V] Layer: PWN(/model.4/m.0/cv1/act/Sigmoid) Host Persistent: 344 bytes Device Persistent: 0 bytes Scratch Memory: 0 bytes
[09/28/2026-23:30:29] [TRT] [V] Layer: /model.4/m.0/cv1/act/Mul Host Persistent: 80 bytes Device Persistent: 0 bytes Scratch Memory: 0 bytes
[09/28/2026-23:30:29] [TRT] [V] Layer: /model.4/m.0/cv2/conv/Conv Host Persistent: 2528 bytes Device Persistent: 0 bytes Scratch Memory: 0 bytes
[09/28/2026-23:30:29] [TRT] [V] Layer: PWN(/model.4/m.0/cv2/act/Sigmoid) Host Persistent: 344 bytes Device Persistent: 0 bytes Scratch Memory: 0 bytes
[09/28/2026-23:30:29] [TRT] [V] Layer: /model.4/m.0/cv2/act/Mul Host Persistent: 80 bytes Device Persistent: 0 bytes Scratch Memory: 0 bytes
[09/28/2026-23:30:29] [TRT] [V] Layer: /model.4/m.0/Add Host Persistent: 80 bytes Device Persistent: 0 bytes Scratch Memory: 0 bytes
[09/28/2026-23:30:29] [TRT] [V] Layer: /model.4/m.1/cv1/conv/Conv Host Persistent: 2528 bytes Device Persistent: 0 bytes Scratch Memory: 0 bytes
[09/28/2026-23:30:29] [TRT] [V] Layer: PWN(/model.4/m.1/cv1/act/Sigmoid) Host Persistent: 344 bytes Device Persistent: 0 bytes Scratch Memory: 0 bytes
[09/28/2026-23:30:29] [TRT] [V] Layer: /model.4/m.1/cv1/act/Mul Host Persistent: 80 bytes Device Persistent: 0 bytes Scratch Memory: 0 bytes
[09/28/2026-23:30:29] [TRT] [V] Layer: /model.4/m.1/cv2/conv/Conv Host Persistent: 2528 bytes Device Persistent: 0 bytes Scratch Memory: 0 bytes
[09/28/2026-23:30:29] [TRT] [V] Layer: PWN(/model.4/m.1/cv2/act/Sigmoid) Host Persistent: 344 bytes Device Persistent: 0 bytes Scratch Memory: 0 bytes
[09/28/2026-23:30:29] [TRT] [V] Layer: /model.4/m.1/cv2/act/Mul Host Persistent: 80 bytes Device Persistent: 0 bytes Scratch Memory: 0 bytes
[09/28/2026-23:30:29] [TRT] [V] Layer: /model.4/m.1/Add Host Persistent: 80 bytes Device Persistent: 0 bytes Scratch Memory: 0 bytes
[09/28/2026-23:30:29] [TRT] [V] Layer: /model.4/cv2/conv/Conv Host Persistent: 3680 bytes Device Persistent: 38912 bytes Scratch Memory: 0 bytes
[09/28/2026-23:30:29] [TRT] [V] Layer: PWN(/model.4/cv2/act/Sigmoid) Host Persistent: 344 bytes Device Persistent: 0 bytes Scratch Memory: 0 bytes
[09/28/2026-23:30:29] [TRT] [V] Layer: /model.4/cv2/act/Mul Host Persistent: 80 bytes Device Persistent: 0 bytes Scratch Memory: 0 bytes
[09/28/2026-23:30:29] [TRT] [V] Layer: /model.5/conv/Conv Host Persistent: 3680 bytes Device Persistent: 9728 bytes Scratch Memory: 0 bytes
[09/28/2026-23:30:29] [TRT] [V] Layer: PWN(/model.5/act/Sigmoid) Host Persistent: 344 bytes Device Persistent: 0 bytes Scratch Memory: 0 bytes
[09/28/2026-23:30:29] [TRT] [V] Layer: /model.5/act/Mul Host Persistent: 80 bytes Device Persistent: 0 bytes Scratch Memory: 0 bytes
[09/28/2026-23:30:29] [TRT] [V] Layer: /model.6/cv1/conv/Conv Host Persistent: 3680 bytes Device Persistent: 9728 bytes Scratch Memory: 0 bytes
[09/28/2026-23:30:29] [TRT] [V] Layer: PWN(/model.6/cv1/act/Sigmoid) Host Persistent: 344 bytes Device Persistent: 0 bytes Scratch Memory: 0 bytes
[09/28/2026-23:30:29] [TRT] [V] Layer: /model.6/cv1/act/Mul Host Persistent: 80 bytes Device Persistent: 0 bytes Scratch Memory: 0 bytes
[09/28/2026-23:30:29] [TRT] [V] Layer: /model.6/m.0/cv1/conv/Conv Host Persistent: 2528 bytes Device Persistent: 0 bytes Scratch Memory: 0 bytes
[09/28/2026-23:30:29] [TRT] [V] Layer: PWN(/model.6/m.0/cv1/act/Sigmoid) Host Persistent: 344 bytes Device Persistent: 0 bytes Scratch Memory: 0 bytes
[09/28/2026-23:30:29] [TRT] [V] Layer: /model.6/m.0/cv1/act/Mul Host Persistent: 80 bytes Device Persistent: 0 bytes Scratch Memory: 0 bytes
[09/28/2026-23:30:29] [TRT] [V] Layer: /model.6/m.0/cv2/conv/Conv Host Persistent: 2528 bytes Device Persistent: 0 bytes Scratch Memory: 0 bytes
[09/28/2026-23:30:29] [TRT] [V] Layer: PWN(/model.6/m.0/cv2/act/Sigmoid) Host Persistent: 344 bytes Device Persistent: 0 bytes Scratch Memory: 0 bytes
[09/28/2026-23:30:29] [TRT] [V] Layer: /model.6/m.0/cv2/act/Mul Host Persistent: 80 bytes Device Persistent: 0 bytes Scratch Memory: 0 bytes
[09/28/2026-23:30:29] [TRT] [V] Layer: /model.6/m.0/Add Host Persistent: 80 bytes Device Persistent: 0 bytes Scratch Memory: 0 bytes
[09/28/2026-23:30:29] [TRT] [V] Layer: /model.6/m.1/cv1/conv/Conv Host Persistent: 2528 bytes Device Persistent: 0 bytes Scratch Memory: 0 bytes
[09/28/2026-23:30:29] [TRT] [V] Layer: PWN(/model.6/m.1/cv1/act/Sigmoid) Host Persistent: 344 bytes Device Persistent: 0 bytes Scratch Memory: 0 bytes
[09/28/2026-23:30:29] [TRT] [V] Layer: /model.6/m.1/cv1/act/Mul Host Persistent: 80 bytes Device Persistent: 0 bytes Scratch Memory: 0 bytes
[09/28/2026-23:30:29] [TRT] [V] Layer: /model.6/m.1/cv2/conv/Conv Host Persistent: 2528 bytes Device Persistent: 0 bytes Scratch Memory: 0 bytes
[09/28/2026-23:30:29] [TRT] [V] Layer: PWN(/model.6/m.1/cv2/act/Sigmoid) Host Persistent: 344 bytes Device Persistent: 0 bytes Scratch Memory: 0 bytes
[09/28/2026-23:30:29] [TRT] [V] Layer: /model.6/m.1/cv2/act/Mul Host Persistent: 80 bytes Device Persistent: 0 bytes Scratch Memory: 0 bytes
[09/28/2026-23:30:29] [TRT] [V] Layer: /model.6/m.1/Add Host Persistent: 80 bytes Device Persistent: 0 bytes Scratch Memory: 0 bytes
[09/28/2026-23:30:29] [TRT] [V] Layer: /model.6/cv2/conv/Conv Host Persistent: 3680 bytes Device Persistent: 9728 bytes Scratch Memory: 0 bytes
[09/28/2026-23:30:29] [TRT] [V] Layer: PWN(/model.6/cv2/act/Sigmoid) Host Persistent: 344 bytes Device Persistent: 0 bytes Scratch Memory: 0 bytes
[09/28/2026-23:30:29] [TRT] [V] Layer: /model.6/cv2/act/Mul Host Persistent: 80 bytes Device Persistent: 0 bytes Scratch Memory: 0 bytes
[09/28/2026-23:30:29] [TRT] [V] Layer: /model.7/conv/Conv Host Persistent: 3680 bytes Device Persistent: 2560 bytes Scratch Memory: 0 bytes
[09/28/2026-23:30:29] [TRT] [V] Layer: PWN(/model.7/act/Sigmoid) Host Persistent: 344 bytes Device Persistent: 0 bytes Scratch Memory: 0 bytes
[09/28/2026-23:30:29] [TRT] [V] Layer: /model.7/act/Mul Host Persistent: 80 bytes Device Persistent: 0 bytes Scratch Memory: 0 bytes
[09/28/2026-23:30:29] [TRT] [V] Layer: /model.8/cv1/conv/Conv Host Persistent: 3680 bytes Device Persistent: 2560 bytes Scratch Memory: 0 bytes
[09/28/2026-23:30:29] [TRT] [V] Layer: PWN(/model.8/cv1/act/Sigmoid) Host Persistent: 344 bytes Device Persistent: 0 bytes Scratch Memory: 0 bytes
[09/28/2026-23:30:29] [TRT] [V] Layer: /model.8/cv1/act/Mul Host Persistent: 80 bytes Device Persistent: 0 bytes Scratch Memory: 0 bytes
[09/28/2026-23:30:29] [TRT] [V] Layer: /model.8/m.0/cv1/conv/Conv Host Persistent: 2528 bytes Device Persistent: 0 bytes Scratch Memory: 0 bytes
[09/28/2026-23:30:29] [TRT] [V] Layer: PWN(/model.8/m.0/cv1/act/Sigmoid) Host Persistent: 344 bytes Device Persistent: 0 bytes Scratch Memory: 0 bytes
[09/28/2026-23:30:29] [TRT] [V] Layer: /model.8/m.0/cv1/act/Mul Host Persistent: 80 bytes Device Persistent: 0 bytes Scratch Memory: 0 bytes
[09/28/2026-23:30:29] [TRT] [V] Layer: /model.8/m.0/cv2/conv/Conv Host Persistent: 2528 bytes Device Persistent: 0 bytes Scratch Memory: 0 bytes
[09/28/2026-23:30:29] [TRT] [V] Layer: PWN(/model.8/m.0/cv2/act/Sigmoid) Host Persistent: 344 bytes Device Persistent: 0 bytes Scratch Memory: 0 bytes
[09/28/2026-23:30:29] [TRT] [V] Layer: /model.8/m.0/cv2/act/Mul Host Persistent: 80 bytes Device Persistent: 0 bytes Scratch Memory: 0 bytes
[09/28/2026-23:30:29] [TRT] [V] Layer: /model.8/m.0/Add Host Persistent: 80 bytes Device Persistent: 0 bytes Scratch Memory: 0 bytes
[09/28/2026-23:30:29] [TRT] [V] Layer: /model.8/cv2/conv/Conv Host Persistent: 3680 bytes Device Persistent: 2560 bytes Scratch Memory: 0 bytes
[09/28/2026-23:30:29] [TRT] [V] Layer: PWN(/model.8/cv2/act/Sigmoid) Host Persistent: 344 bytes Device Persistent: 0 bytes Scratch Memory: 0 bytes
[09/28/2026-23:30:29] [TRT] [V] Layer: /model.8/cv2/act/Mul Host Persistent: 80 bytes Device Persistent: 0 bytes Scratch Memory: 0 bytes
[09/28/2026-23:30:29] [TRT] [V] Layer: /model.9/cv1/conv/Conv Host Persistent: 3680 bytes Device Persistent: 2560 bytes Scratch Memory: 0 bytes
[09/28/2026-23:30:29] [TRT] [V] Layer: /model.9/m/MaxPool Host Persistent: 4224 bytes Device Persistent: 0 bytes Scratch Memory: 0 bytes
[09/28/2026-23:30:29] [TRT] [V] Layer: /model.9/m_1/MaxPool Host Persistent: 4224 bytes Device Persistent: 0 bytes Scratch Memory: 0 bytes
[09/28/2026-23:30:29] [TRT] [V] Layer: /model.9/m_2/MaxPool Host Persistent: 4224 bytes Device Persistent: 0 bytes Scratch Memory: 0 bytes
[09/28/2026-23:30:29] [TRT] [V] Layer: /model.9/cv2/conv/Conv Host Persistent: 3680 bytes Device Persistent: 2560 bytes Scratch Memory: 0 bytes
[09/28/2026-23:30:29] [TRT] [V] Layer: PWN(/model.9/cv2/act/Sigmoid) Host Persistent: 344 bytes Device Persistent: 0 bytes Scratch Memory: 0 bytes
[09/28/2026-23:30:29] [TRT] [V] Layer: /model.9/cv2/act/Mul Host Persistent: 80 bytes Device Persistent: 0 bytes Scratch Memory: 0 bytes
[09/28/2026-23:30:29] [TRT] [V] Layer: /model.12/cv1/conv/Conv Host Persistent: 3680 bytes Device Persistent: 9728 bytes Scratch Memory: 0 bytes
[09/28/2026-23:30:29] [TRT] [V] Layer: PWN(/model.12/cv1/act/Sigmoid) Host Persistent: 344 bytes Device Persistent: 0 bytes Scratch Memory: 0 bytes
[09/28/2026-23:30:29] [TRT] [V] Layer: /model.12/cv1/act/Mul Host Persistent: 80 bytes Device Persistent: 0 bytes Scratch Memory: 0 bytes
[09/28/2026-23:30:29] [TRT] [V] Layer: /model.12/m.0/cv1/conv/Conv Host Persistent: 2528 bytes Device Persistent: 0 bytes Scratch Memory: 0 bytes
[09/28/2026-23:30:29] [TRT] [V] Layer: PWN(/model.12/m.0/cv1/act/Sigmoid) Host Persistent: 344 bytes Device Persistent: 0 bytes Scratch Memory: 0 bytes
[09/28/2026-23:30:29] [TRT] [V] Layer: /model.12/m.0/cv1/act/Mul Host Persistent: 80 bytes Device Persistent: 0 bytes Scratch Memory: 0 bytes
[09/28/2026-23:30:29] [TRT] [V] Layer: /model.12/m.0/cv2/conv/Conv Host Persistent: 2528 bytes Device Persistent: 0 bytes Scratch Memory: 0 bytes
[09/28/2026-23:30:29] [TRT] [V] Layer: PWN(/model.12/m.0/cv2/act/Sigmoid) Host Persistent: 344 bytes Device Persistent: 0 bytes Scratch Memory: 0 bytes
[09/28/2026-23:30:29] [TRT] [V] Layer: /model.12/m.0/cv2/act/Mul Host Persistent: 80 bytes Device Persistent: 0 bytes Scratch Memory: 0 bytes
[09/28/2026-23:30:29] [TRT] [V] Layer: /model.12/cv2/conv/Conv Host Persistent: 3680 bytes Device Persistent: 9728 bytes Scratch Memory: 0 bytes
[09/28/2026-23:30:29] [TRT] [V] Layer: PWN(/model.12/cv2/act/Sigmoid) Host Persistent: 344 bytes Device Persistent: 0 bytes Scratch Memory: 0 bytes
[09/28/2026-23:30:29] [TRT] [V] Layer: /model.12/cv2/act/Mul Host Persistent: 80 bytes Device Persistent: 0 bytes Scratch Memory: 0 bytes
[09/28/2026-23:30:29] [TRT] [V] Layer: /model.15/cv1/conv/Conv Host Persistent: 3680 bytes Device Persistent: 38912 bytes Scratch Memory: 0 bytes
[09/28/2026-23:30:29] [TRT] [V] Layer: PWN(/model.15/cv1/act/Sigmoid) Host Persistent: 344 bytes Device Persistent: 0 bytes Scratch Memory: 0 bytes
[09/28/2026-23:30:29] [TRT] [V] Layer: /model.15/cv1/act/Mul Host Persistent: 80 bytes Device Persistent: 0 bytes Scratch Memory: 0 bytes
[09/28/2026-23:30:29] [TRT] [V] Layer: /model.15/m.0/cv1/conv/Conv Host Persistent: 2528 bytes Device Persistent: 0 bytes Scratch Memory: 0 bytes
[09/28/2026-23:30:29] [TRT] [V] Layer: PWN(/model.15/m.0/cv1/act/Sigmoid) Host Persistent: 344 bytes Device Persistent: 0 bytes Scratch Memory: 0 bytes
[09/28/2026-23:30:29] [TRT] [V] Layer: /model.15/m.0/cv1/act/Mul Host Persistent: 80 bytes Device Persistent: 0 bytes Scratch Memory: 0 bytes
[09/28/2026-23:30:29] [TRT] [V] Layer: /model.15/m.0/cv2/conv/Conv Host Persistent: 2528 bytes Device Persistent: 0 bytes Scratch Memory: 0 bytes
[09/28/2026-23:30:29] [TRT] [V] Layer: PWN(/model.15/m.0/cv2/act/Sigmoid) Host Persistent: 344 bytes Device Persistent: 0 bytes Scratch Memory: 0 bytes
[09/28/2026-23:30:29] [TRT] [V] Layer: /model.15/m.0/cv2/act/Mul Host Persistent: 80 bytes Device Persistent: 0 bytes Scratch Memory: 0 bytes
[09/28/2026-23:30:29] [TRT] [V] Layer: /model.15/cv2/conv/Conv Host Persistent: 3680 bytes Device Persistent: 38912 bytes Scratch Memory: 0 bytes
[09/28/2026-23:30:29] [TRT] [V] Layer: PWN(/model.15/cv2/act/Sigmoid) Host Persistent: 344 bytes Device Persistent: 0 bytes Scratch Memory: 0 bytes
[09/28/2026-23:30:29] [TRT] [V] Layer: /model.15/cv2/act/Mul Host Persistent: 80 bytes Device Persistent: 0 bytes Scratch Memory: 0 bytes
[09/28/2026-23:30:29] [TRT] [V] Layer: /model.16/conv/Conv Host Persistent: 3680 bytes Device Persistent: 9728 bytes Scratch Memory: 0 bytes
[09/28/2026-23:30:29] [TRT] [V] Layer: /model.22/cv2.0/cv2.0.0/conv/Conv Host Persistent: 2528 bytes Device Persistent: 0 bytes Scratch Memory: 0 bytes
[09/28/2026-23:30:29] [TRT] [V] Layer: /model.22/cv3.0/cv3.0.0/conv/Conv Host Persistent: 2528 bytes Device Persistent: 0 bytes Scratch Memory: 0 bytes
[09/28/2026-23:30:29] [TRT] [V] Layer: PWN(/model.16/act/Sigmoid) Host Persistent: 344 bytes Device Persistent: 0 bytes Scratch Memory: 0 bytes
[09/28/2026-23:30:29] [TRT] [V] Layer: PWN(/model.22/cv2.0/cv2.0.0/act/Sigmoid) Host Persistent: 344 bytes Device Persistent: 0 bytes Scratch Memory: 0 bytes
[09/28/2026-23:30:29] [TRT] [V] Layer: PWN(/model.22/cv3.0/cv3.0.0/act/Sigmoid) Host Persistent: 344 bytes Device Persistent: 0 bytes Scratch Memory: 0 bytes
[09/28/2026-23:30:29] [TRT] [V] Layer: /model.16/act/Mul Host Persistent: 80 bytes Device Persistent: 0 bytes Scratch Memory: 0 bytes
[09/28/2026-23:30:29] [TRT] [V] Layer: /model.22/cv2.0/cv2.0.0/act/Mul Host Persistent: 80 bytes Device Persistent: 0 bytes Scratch Memory: 0 bytes
[09/28/2026-23:30:29] [TRT] [V] Layer: /model.22/cv3.0/cv3.0.0/act/Mul Host Persistent: 80 bytes Device Persistent: 0 bytes Scratch Memory: 0 bytes
[09/28/2026-23:30:29] [TRT] [V] Layer: /model.22/cv2.0/cv2.0.1/conv/Conv Host Persistent: 2528 bytes Device Persistent: 0 bytes Scratch Memory: 0 bytes
[09/28/2026-23:30:29] [TRT] [V] Layer: /model.22/cv3.0/cv3.0.1/conv/Conv Host Persistent: 2528 bytes Device Persistent: 0 bytes Scratch Memory: 0 bytes
[09/28/2026-23:30:29] [TRT] [V] Layer: /model.18/cv1/conv/Conv Host Persistent: 3680 bytes Device Persistent: 9728 bytes Scratch Memory: 0 bytes
[09/28/2026-23:30:29] [TRT] [V] Layer: PWN(/model.22/cv2.0/cv2.0.1/act/Sigmoid) Host Persistent: 344 bytes Device Persistent: 0 bytes Scratch Memory: 0 bytes
[09/28/2026-23:30:29] [TRT] [V] Layer: PWN(/model.22/cv3.0/cv3.0.1/act/Sigmoid) Host Persistent: 344 bytes Device Persistent: 0 bytes Scratch Memory: 0 bytes
[09/28/2026-23:30:29] [TRT] [V] Layer: PWN(/model.18/cv1/act/Sigmoid) Host Persistent: 344 bytes Device Persistent: 0 bytes Scratch Memory: 0 bytes
[09/28/2026-23:30:29] [TRT] [V] Layer: /model.22/cv2.0/cv2.0.1/act/Mul Host Persistent: 80 bytes Device Persistent: 0 bytes Scratch Memory: 0 bytes
[09/28/2026-23:30:29] [TRT] [V] Layer: /model.22/cv3.0/cv3.0.1/act/Mul Host Persistent: 80 bytes Device Persistent: 0 bytes Scratch Memory: 0 bytes
[09/28/2026-23:30:29] [TRT] [V] Layer: /model.18/cv1/act/Mul Host Persistent: 80 bytes Device Persistent: 0 bytes Scratch Memory: 0 bytes
[09/28/2026-23:30:29] [TRT] [V] Layer: /model.22/cv2.0/cv2.0.2/Conv Host Persistent: 3680 bytes Device Persistent: 38912 bytes Scratch Memory: 0 bytes
[09/28/2026-23:30:29] [TRT] [V] Layer: /model.22/cv3.0/cv3.0.2/Conv Host Persistent: 3680 bytes Device Persistent: 38912 bytes Scratch Memory: 0 bytes
[09/28/2026-23:30:29] [TRT] [V] Layer: /model.18/m.0/cv1/conv/Conv Host Persistent: 2528 bytes Device Persistent: 0 bytes Scratch Memory: 0 bytes
[09/28/2026-23:30:29] [TRT] [V] Layer: PWN(/model.18/m.0/cv1/act/Sigmoid) Host Persistent: 344 bytes Device Persistent: 0 bytes Scratch Memory: 0 bytes
[09/28/2026-23:30:29] [TRT] [V] Layer: /model.18/m.0/cv1/act/Mul Host Persistent: 80 bytes Device Persistent: 0 bytes Scratch Memory: 0 bytes
[09/28/2026-23:30:29] [TRT] [V] Layer: /model.18/m.0/cv2/conv/Conv Host Persistent: 2528 bytes Device Persistent: 0 bytes Scratch Memory: 0 bytes
[09/28/2026-23:30:29] [TRT] [V] Layer: PWN(/model.18/m.0/cv2/act/Sigmoid) Host Persistent: 344 bytes Device Persistent: 0 bytes Scratch Memory: 0 bytes
[09/28/2026-23:30:29] [TRT] [V] Layer: /model.18/m.0/cv2/act/Mul Host Persistent: 80 bytes Device Persistent: 0 bytes Scratch Memory: 0 bytes
[09/28/2026-23:30:29] [TRT] [V] Layer: /model.18/cv2/conv/Conv Host Persistent: 3680 bytes Device Persistent: 9728 bytes Scratch Memory: 0 bytes
[09/28/2026-23:30:29] [TRT] [V] Layer: PWN(/model.18/cv2/act/Sigmoid) Host Persistent: 344 bytes Device Persistent: 0 bytes Scratch Memory: 0 bytes
[09/28/2026-23:30:29] [TRT] [V] Layer: /model.18/cv2/act/Mul Host Persistent: 80 bytes Device Persistent: 0 bytes Scratch Memory: 0 bytes
[09/28/2026-23:30:29] [TRT] [V] Layer: /model.19/conv/Conv Host Persistent: 3680 bytes Device Persistent: 2560 bytes Scratch Memory: 0 bytes
[09/28/2026-23:30:29] [TRT] [V] Layer: /model.22/cv2.1/cv2.1.0/conv/Conv Host Persistent: 2528 bytes Device Persistent: 0 bytes Scratch Memory: 0 bytes
[09/28/2026-23:30:29] [TRT] [V] Layer: /model.22/cv3.1/cv3.1.0/conv/Conv Host Persistent: 2528 bytes Device Persistent: 0 bytes Scratch Memory: 0 bytes
[09/28/2026-23:30:29] [TRT] [V] Layer: PWN(/model.19/act/Sigmoid) Host Persistent: 344 bytes Device Persistent: 0 bytes Scratch Memory: 0 bytes
[09/28/2026-23:30:29] [TRT] [V] Layer: PWN(/model.22/cv2.1/cv2.1.0/act/Sigmoid) Host Persistent: 344 bytes Device Persistent: 0 bytes Scratch Memory: 0 bytes
[09/28/2026-23:30:29] [TRT] [V] Layer: PWN(/model.22/cv3.1/cv3.1.0/act/Sigmoid) Host Persistent: 344 bytes Device Persistent: 0 bytes Scratch Memory: 0 bytes
[09/28/2026-23:30:29] [TRT] [V] Layer: /model.19/act/Mul Host Persistent: 80 bytes Device Persistent: 0 bytes Scratch Memory: 0 bytes
[09/28/2026-23:30:29] [TRT] [V] Layer: /model.22/cv2.1/cv2.1.0/act/Mul Host Persistent: 80 bytes Device Persistent: 0 bytes Scratch Memory: 0 bytes
[09/28/2026-23:30:29] [TRT] [V] Layer: /model.22/cv3.1/cv3.1.0/act/Mul Host Persistent: 80 bytes Device Persistent: 0 bytes Scratch Memory: 0 bytes
[09/28/2026-23:30:29] [TRT] [V] Layer: /model.22/cv2.1/cv2.1.1/conv/Conv Host Persistent: 2528 bytes Device Persistent: 0 bytes Scratch Memory: 0 bytes
[09/28/2026-23:30:29] [TRT] [V] Layer: /model.22/cv3.1/cv3.1.1/conv/Conv Host Persistent: 2528 bytes Device Persistent: 0 bytes Scratch Memory: 0 bytes
[09/28/2026-23:30:29] [TRT] [V] Layer: /model.21/cv1/conv/Conv Host Persistent: 3680 bytes Device Persistent: 2560 bytes Scratch Memory: 0 bytes
[09/28/2026-23:30:29] [TRT] [V] Layer: PWN(/model.22/cv2.1/cv2.1.1/act/Sigmoid) Host Persistent: 344 bytes Device Persistent: 0 bytes Scratch Memory: 0 bytes
[09/28/2026-23:30:29] [TRT] [V] Layer: PWN(/model.22/cv3.1/cv3.1.1/act/Sigmoid) Host Persistent: 344 bytes Device Persistent: 0 bytes Scratch Memory: 0 bytes
[09/28/2026-23:30:29] [TRT] [V] Layer: PWN(/model.21/cv1/act/Sigmoid) Host Persistent: 344 bytes Device Persistent: 0 bytes Scratch Memory: 0 bytes
[09/28/2026-23:30:29] [TRT] [V] Layer: /model.22/cv2.1/cv2.1.1/act/Mul Host Persistent: 80 bytes Device Persistent: 0 bytes Scratch Memory: 0 bytes
[09/28/2026-23:30:29] [TRT] [V] Layer: /model.22/cv3.1/cv3.1.1/act/Mul Host Persistent: 80 bytes Device Persistent: 0 bytes Scratch Memory: 0 bytes
[09/28/2026-23:30:29] [TRT] [V] Layer: /model.21/cv1/act/Mul Host Persistent: 80 bytes Device Persistent: 0 bytes Scratch Memory: 0 bytes
[09/28/2026-23:30:29] [TRT] [V] Layer: /model.22/cv2.1/cv2.1.2/Conv Host Persistent: 3680 bytes Device Persistent: 9728 bytes Scratch Memory: 0 bytes
[09/28/2026-23:30:29] [TRT] [V] Layer: /model.22/cv3.1/cv3.1.2/Conv Host Persistent: 3680 bytes Device Persistent: 9728 bytes Scratch Memory: 0 bytes
[09/28/2026-23:30:29] [TRT] [V] Layer: /model.21/m.0/cv1/conv/Conv Host Persistent: 2528 bytes Device Persistent: 0 bytes Scratch Memory: 0 bytes
[09/28/2026-23:30:29] [TRT] [V] Layer: PWN(/model.21/m.0/cv1/act/Sigmoid) Host Persistent: 344 bytes Device Persistent: 0 bytes Scratch Memory: 0 bytes
[09/28/2026-23:30:29] [TRT] [V] Layer: /model.21/m.0/cv1/act/Mul Host Persistent: 80 bytes Device Persistent: 0 bytes Scratch Memory: 0 bytes
[09/28/2026-23:30:29] [TRT] [V] Layer: /model.21/m.0/cv2/conv/Conv Host Persistent: 2528 bytes Device Persistent: 0 bytes Scratch Memory: 0 bytes
[09/28/2026-23:30:29] [TRT] [V] Layer: PWN(/model.21/m.0/cv2/act/Sigmoid) Host Persistent: 344 bytes Device Persistent: 0 bytes Scratch Memory: 0 bytes
[09/28/2026-23:30:29] [TRT] [V] Layer: /model.21/m.0/cv2/act/Mul Host Persistent: 80 bytes Device Persistent: 0 bytes Scratch Memory: 0 bytes
[09/28/2026-23:30:29] [TRT] [V] Layer: /model.21/cv2/conv/Conv Host Persistent: 3680 bytes Device Persistent: 2560 bytes Scratch Memory: 0 bytes
[09/28/2026-23:30:29] [TRT] [V] Layer: PWN(/model.21/cv2/act/Sigmoid) Host Persistent: 344 bytes Device Persistent: 0 bytes Scratch Memory: 0 bytes
[09/28/2026-23:30:29] [TRT] [V] Layer: /model.21/cv2/act/Mul Host Persistent: 80 bytes Device Persistent: 0 bytes Scratch Memory: 0 bytes
[09/28/2026-23:30:29] [TRT] [V] Layer: /model.22/cv2.2/cv2.2.0/conv/Conv Host Persistent: 2528 bytes Device Persistent: 0 bytes Scratch Memory: 0 bytes
[09/28/2026-23:30:29] [TRT] [V] Layer: /model.22/cv3.2/cv3.2.0/conv/Conv Host Persistent: 2528 bytes Device Persistent: 0 bytes Scratch Memory: 0 bytes
[09/28/2026-23:30:29] [TRT] [V] Layer: PWN(/model.22/cv2.2/cv2.2.0/act/Sigmoid) Host Persistent: 344 bytes Device Persistent: 0 bytes Scratch Memory: 0 bytes
[09/28/2026-23:30:29] [TRT] [V] Layer: PWN(/model.22/cv3.2/cv3.2.0/act/Sigmoid) Host Persistent: 344 bytes Device Persistent: 0 bytes Scratch Memory: 0 bytes
[09/28/2026-23:30:29] [TRT] [V] Layer: /model.22/cv2.2/cv2.2.0/act/Mul Host Persistent: 80 bytes Device Persistent: 0 bytes Scratch Memory: 0 bytes
[09/28/2026-23:30:29] [TRT] [V] Layer: /model.22/cv3.2/cv3.2.0/act/Mul Host Persistent: 80 bytes Device Persistent: 0 bytes Scratch Memory: 0 bytes
[09/28/2026-23:30:29] [TRT] [V] Layer: /model.22/cv2.2/cv2.2.1/conv/Conv Host Persistent: 2528 bytes Device Persistent: 0 bytes Scratch Memory: 0 bytes
[09/28/2026-23:30:29] [TRT] [V] Layer: /model.22/cv3.2/cv3.2.1/conv/Conv Host Persistent: 2528 bytes Device Persistent: 0 bytes Scratch Memory: 0 bytes
[09/28/2026-23:30:29] [TRT] [V] Layer: PWN(/model.22/cv2.2/cv2.2.1/act/Sigmoid) Host Persistent: 344 bytes Device Persistent: 0 bytes Scratch Memory: 0 bytes
[09/28/2026-23:30:29] [TRT] [V] Layer: PWN(/model.22/cv3.2/cv3.2.1/act/Sigmoid) Host Persistent: 344 bytes Device Persistent: 0 bytes Scratch Memory: 0 bytes
[09/28/2026-23:30:29] [TRT] [V] Layer: /model.22/cv2.2/cv2.2.1/act/Mul Host Persistent: 80 bytes Device Persistent: 0 bytes Scratch Memory: 0 bytes
[09/28/2026-23:30:29] [TRT] [V] Layer: /model.22/cv3.2/cv3.2.1/act/Mul Host Persistent: 80 bytes Device Persistent: 0 bytes Scratch Memory: 0 bytes
[09/28/2026-23:30:29] [TRT] [V] Layer: /model.22/cv2.2/cv2.2.2/Conv Host Persistent: 3680 bytes Device Persistent: 2560 bytes Scratch Memory: 0 bytes
[09/28/2026-23:30:29] [TRT] [V] Layer: /model.22/cv3.2/cv3.2.2/Conv Host Persistent: 3680 bytes Device Persistent: 2560 bytes Scratch Memory: 0 bytes
[09/28/2026-23:30:29] [TRT] [V] Layer: PWN(/model.22/Sigmoid) Host Persistent: 344 bytes Device Persistent: 0 bytes Scratch Memory: 0 bytes
[09/28/2026-23:30:29] [TRT] [V] Layer: /model.22/dfl/Softmax Host Persistent: 1840 bytes Device Persistent: 0 bytes Scratch Memory: 0 bytes
[09/28/2026-23:30:29] [TRT] [V] Layer: /model.22/dfl/conv/Conv Host Persistent: 3680 bytes Device Persistent: 201728 bytes Scratch Memory: 0 bytes
[09/28/2026-23:30:29] [TRT] [V] Layer: /model.22/Sub Host Persistent: 80 bytes Device Persistent: 0 bytes Scratch Memory: 0 bytes
[09/28/2026-23:30:29] [TRT] [V] Layer: /model.22/Add_1 Host Persistent: 80 bytes Device Persistent: 0 bytes Scratch Memory: 0 bytes
[09/28/2026-23:30:29] [TRT] [V] Layer: /model.22/Add_2 Host Persistent: 80 bytes Device Persistent: 0 bytes Scratch Memory: 0 bytes
[09/28/2026-23:30:29] [TRT] [V] Layer: /model.22/Sub_1 Host Persistent: 80 bytes Device Persistent: 0 bytes Scratch Memory: 0 bytes
[09/28/2026-23:30:29] [TRT] [V] Layer: /model.22/Div_1 Host Persistent: 80 bytes Device Persistent: 0 bytes Scratch Memory: 0 bytes
[09/28/2026-23:30:29] [TRT] [V] Layer: /model.22/Mul_2 Host Persistent: 80 bytes Device Persistent: 0 bytes Scratch Memory: 0 bytes
[09/28/2026-23:30:29] [TRT] [V] Skipped printing memory information for 84 layers with 0 memory size i.e. Host Persistent + Device Persistent + Scratch Memory == 0.
[09/28/2026-23:30:29] [TRT] [I] Total Host Persistent Memory: 238672 bytes
[09/28/2026-23:30:29] [TRT] [I] Total Device Persistent Memory: 1674240 bytes
[09/28/2026-23:30:29] [TRT] [I] Max Scratch Memory: 0 bytes
[09/28/2026-23:30:29] [TRT] [I] [BlockAssignment] Started assigning block shifts. This will take 241 steps to complete.
[09/28/2026-23:30:29] [TRT] [V] STILL ALIVE: Started step 26 of 241
[09/28/2026-23:30:29] [TRT] [V] STILL ALIVE: Started step 226 of 241
[09/28/2026-23:30:29] [TRT] [I] [BlockAssignment] Algorithm ShiftNTopDown took 14.6438ms to assign 12 blocks to 241 nodes requiring 25506304 bytes.
[09/28/2026-23:30:29] [TRT] [V] Total number of blocks in optimized block assignment: 12
[09/28/2026-23:30:29] [TRT] [I] Total Activation Memory: 25506304 bytes
[09/28/2026-23:30:29] [TRT] [I] Total Weights Memory: 17411076 bytes
[09/28/2026-23:30:29] [TRT] [V] Finalize: /model.0/conv/Conv Set kernel index: 0
[09/28/2026-23:30:29] [TRT] [V] Finalize: PWN(/model.0/act/Sigmoid) Set kernel index: 1
[09/28/2026-23:30:29] [TRT] [V] Finalize: /model.1/conv/Conv Set kernel index: 0
[09/28/2026-23:30:29] [TRT] [V] Finalize: PWN(/model.1/act/Sigmoid) Set kernel index: 1
[09/28/2026-23:30:29] [TRT] [V] Finalize: /model.2/cv1/conv/Conv Set kernel index: 0
[09/28/2026-23:30:29] [TRT] [V] Finalize: PWN(/model.2/cv1/act/Sigmoid) Set kernel index: 1
[09/28/2026-23:30:29] [TRT] [V] Finalize: /model.2/m.0/cv1/conv/Conv Set kernel index: 2
[09/28/2026-23:30:29] [TRT] [V] Finalize: PWN(/model.2/m.0/cv1/act/Sigmoid) Set kernel index: 1
[09/28/2026-23:30:29] [TRT] [V] Finalize: /model.2/m.0/cv2/conv/Conv Set kernel index: 2
[09/28/2026-23:30:29] [TRT] [V] Finalize: PWN(/model.2/m.0/cv2/act/Sigmoid) Set kernel index: 1
[09/28/2026-23:30:29] [TRT] [V] Finalize: /model.2/cv2/conv/Conv Set kernel index: 0
[09/28/2026-23:30:29] [TRT] [V] Finalize: PWN(/model.2/cv2/act/Sigmoid) Set kernel index: 1
[09/28/2026-23:30:29] [TRT] [V] Finalize: /model.3/conv/Conv Set kernel index: 0
[09/28/2026-23:30:29] [TRT] [V] Finalize: PWN(/model.3/act/Sigmoid) Set kernel index: 1
[09/28/2026-23:30:29] [TRT] [V] Finalize: /model.4/cv1/conv/Conv Set kernel index: 0
[09/28/2026-23:30:29] [TRT] [V] Finalize: PWN(/model.4/cv1/act/Sigmoid) Set kernel index: 1
[09/28/2026-23:30:29] [TRT] [V] Finalize: /model.4/m.0/cv1/conv/Conv Set kernel index: 2
[09/28/2026-23:30:29] [TRT] [V] Finalize: PWN(/model.4/m.0/cv1/act/Sigmoid) Set kernel index: 1
[09/28/2026-23:30:29] [TRT] [V] Finalize: /model.4/m.0/cv2/conv/Conv Set kernel index: 2
[09/28/2026-23:30:29] [TRT] [V] Finalize: PWN(/model.4/m.0/cv2/act/Sigmoid) Set kernel index: 1
[09/28/2026-23:30:29] [TRT] [V] Finalize: /model.4/m.1/cv1/conv/Conv Set kernel index: 2
[09/28/2026-23:30:29] [TRT] [V] Finalize: PWN(/model.4/m.1/cv1/act/Sigmoid) Set kernel index: 1
[09/28/2026-23:30:29] [TRT] [V] Finalize: /model.4/m.1/cv2/conv/Conv Set kernel index: 2
[09/28/2026-23:30:29] [TRT] [V] Finalize: PWN(/model.4/m.1/cv2/act/Sigmoid) Set kernel index: 1
[09/28/2026-23:30:29] [TRT] [V] Finalize: /model.4/cv2/conv/Conv Set kernel index: 0
[09/28/2026-23:30:29] [TRT] [V] Finalize: PWN(/model.4/cv2/act/Sigmoid) Set kernel index: 1
[09/28/2026-23:30:29] [TRT] [V] Finalize: /model.5/conv/Conv Set kernel index: 0
[09/28/2026-23:30:29] [TRT] [V] Finalize: PWN(/model.5/act/Sigmoid) Set kernel index: 1
[09/28/2026-23:30:29] [TRT] [V] Finalize: /model.6/cv1/conv/Conv Set kernel index: 0
[09/28/2026-23:30:29] [TRT] [V] Finalize: PWN(/model.6/cv1/act/Sigmoid) Set kernel index: 1
[09/28/2026-23:30:29] [TRT] [V] Finalize: /model.6/m.0/cv1/conv/Conv Set kernel index: 2
[09/28/2026-23:30:29] [TRT] [V] Finalize: PWN(/model.6/m.0/cv1/act/Sigmoid) Set kernel index: 1
[09/28/2026-23:30:29] [TRT] [V] Finalize: /model.6/m.0/cv2/conv/Conv Set kernel index: 2
[09/28/2026-23:30:29] [TRT] [V] Finalize: PWN(/model.6/m.0/cv2/act/Sigmoid) Set kernel index: 1
[09/28/2026-23:30:29] [TRT] [V] Finalize: /model.6/m.1/cv1/conv/Conv Set kernel index: 2
[09/28/2026-23:30:29] [TRT] [V] Finalize: PWN(/model.6/m.1/cv1/act/Sigmoid) Set kernel index: 1
[09/28/2026-23:30:29] [TRT] [V] Finalize: /model.6/m.1/cv2/conv/Conv Set kernel index: 2
[09/28/2026-23:30:29] [TRT] [V] Finalize: PWN(/model.6/m.1/cv2/act/Sigmoid) Set kernel index: 1
[09/28/2026-23:30:29] [TRT] [V] Finalize: /model.6/cv2/conv/Conv Set kernel index: 0
[09/28/2026-23:30:29] [TRT] [V] Finalize: PWN(/model.6/cv2/act/Sigmoid) Set kernel index: 1
[09/28/2026-23:30:29] [TRT] [V] Finalize: /model.7/conv/Conv Set kernel index: 0
[09/28/2026-23:30:29] [TRT] [V] Finalize: PWN(/model.7/act/Sigmoid) Set kernel index: 1
[09/28/2026-23:30:29] [TRT] [V] Finalize: /model.8/cv1/conv/Conv Set kernel index: 0
[09/28/2026-23:30:29] [TRT] [V] Finalize: PWN(/model.8/cv1/act/Sigmoid) Set kernel index: 1
[09/28/2026-23:30:29] [TRT] [V] Finalize: /model.8/m.0/cv1/conv/Conv Set kernel index: 2
[09/28/2026-23:30:29] [TRT] [V] Finalize: PWN(/model.8/m.0/cv1/act/Sigmoid) Set kernel index: 1
[09/28/2026-23:30:29] [TRT] [V] Finalize: /model.8/m.0/cv2/conv/Conv Set kernel index: 2
[09/28/2026-23:30:29] [TRT] [V] Finalize: PWN(/model.8/m.0/cv2/act/Sigmoid) Set kernel index: 1
[09/28/2026-23:30:29] [TRT] [V] Finalize: /model.8/cv2/conv/Conv Set kernel index: 0
[09/28/2026-23:30:29] [TRT] [V] Finalize: PWN(/model.8/cv2/act/Sigmoid) Set kernel index: 1
[09/28/2026-23:30:29] [TRT] [V] Finalize: /model.9/cv1/conv/Conv Set kernel index: 0
[09/28/2026-23:30:29] [TRT] [V] Finalize: /model.9/m/MaxPool Set kernel index: 3
[09/28/2026-23:30:29] [TRT] [V] Finalize: /model.9/m_1/MaxPool Set kernel index: 3
[09/28/2026-23:30:29] [TRT] [V] Finalize: /model.9/m_2/MaxPool Set kernel index: 3
[09/28/2026-23:30:29] [TRT] [V] Finalize: /model.9/cv2/conv/Conv Set kernel index: 0
[09/28/2026-23:30:29] [TRT] [V] Finalize: PWN(/model.9/cv2/act/Sigmoid) Set kernel index: 1
[09/28/2026-23:30:29] [TRT] [V] Finalize: /model.10/Resize Set kernel index: 4
[09/28/2026-23:30:29] [TRT] [V] Finalize: /model.10/Resize Set kernel index: 5
[09/28/2026-23:30:29] [TRT] [V] Finalize: /model.10/Resize Set kernel index: 6
[09/28/2026-23:30:29] [TRT] [V] Finalize: /model.10/Resize Set kernel index: 7
[09/28/2026-23:30:29] [TRT] [V] Finalize: /model.12/cv1/conv/Conv Set kernel index: 0
[09/28/2026-23:30:29] [TRT] [V] Finalize: PWN(/model.12/cv1/act/Sigmoid) Set kernel index: 1
[09/28/2026-23:30:29] [TRT] [V] Finalize: /model.12/m.0/cv1/conv/Conv Set kernel index: 2
[09/28/2026-23:30:29] [TRT] [V] Finalize: PWN(/model.12/m.0/cv1/act/Sigmoid) Set kernel index: 1
[09/28/2026-23:30:29] [TRT] [V] Finalize: /model.12/m.0/cv2/conv/Conv Set kernel index: 2
[09/28/2026-23:30:29] [TRT] [V] Finalize: PWN(/model.12/m.0/cv2/act/Sigmoid) Set kernel index: 1
[09/28/2026-23:30:29] [TRT] [V] Finalize: /model.12/cv2/conv/Conv Set kernel index: 0
[09/28/2026-23:30:29] [TRT] [V] Finalize: PWN(/model.12/cv2/act/Sigmoid) Set kernel index: 1
[09/28/2026-23:30:29] [TRT] [V] Finalize: /model.13/Resize Set kernel index: 4
[09/28/2026-23:30:29] [TRT] [V] Finalize: /model.13/Resize Set kernel index: 5
[09/28/2026-23:30:29] [TRT] [V] Finalize: /model.13/Resize Set kernel index: 6
[09/28/2026-23:30:29] [TRT] [V] Finalize: /model.13/Resize Set kernel index: 7
[09/28/2026-23:30:29] [TRT] [V] Finalize: /model.15/cv1/conv/Conv Set kernel index: 0
[09/28/2026-23:30:29] [TRT] [V] Finalize: PWN(/model.15/cv1/act/Sigmoid) Set kernel index: 1
[09/28/2026-23:30:29] [TRT] [V] Finalize: /model.15/m.0/cv1/conv/Conv Set kernel index: 2
[09/28/2026-23:30:29] [TRT] [V] Finalize: PWN(/model.15/m.0/cv1/act/Sigmoid) Set kernel index: 1
[09/28/2026-23:30:29] [TRT] [V] Finalize: /model.15/m.0/cv2/conv/Conv Set kernel index: 2
[09/28/2026-23:30:29] [TRT] [V] Finalize: PWN(/model.15/m.0/cv2/act/Sigmoid) Set kernel index: 1
[09/28/2026-23:30:29] [TRT] [V] Finalize: /model.15/cv2/conv/Conv Set kernel index: 0
[09/28/2026-23:30:29] [TRT] [V] Finalize: PWN(/model.15/cv2/act/Sigmoid) Set kernel index: 1
[09/28/2026-23:30:29] [TRT] [V] Finalize: /model.16/conv/Conv Set kernel index: 0
[09/28/2026-23:30:29] [TRT] [V] Finalize: /model.22/cv2.0/cv2.0.0/conv/Conv Set kernel index: 2
[09/28/2026-23:30:29] [TRT] [V] Finalize: /model.22/cv3.0/cv3.0.0/conv/Conv Set kernel index: 2
[09/28/2026-23:30:29] [TRT] [V] Finalize: PWN(/model.16/act/Sigmoid) Set kernel index: 1
[09/28/2026-23:30:29] [TRT] [V] Finalize: PWN(/model.22/cv2.0/cv2.0.0/act/Sigmoid) Set kernel index: 1
[09/28/2026-23:30:29] [TRT] [V] Finalize: PWN(/model.22/cv3.0/cv3.0.0/act/Sigmoid) Set kernel index: 1
[09/28/2026-23:30:29] [TRT] [V] Finalize: /model.22/cv2.0/cv2.0.1/conv/Conv Set kernel index: 2
[09/28/2026-23:30:29] [TRT] [V] Finalize: /model.22/cv3.0/cv3.0.1/conv/Conv Set kernel index: 2
[09/28/2026-23:30:29] [TRT] [V] Finalize: /model.18/cv1/conv/Conv Set kernel index: 0
[09/28/2026-23:30:29] [TRT] [V] Finalize: PWN(/model.22/cv2.0/cv2.0.1/act/Sigmoid) Set kernel index: 1
[09/28/2026-23:30:29] [TRT] [V] Finalize: PWN(/model.22/cv3.0/cv3.0.1/act/Sigmoid) Set kernel index: 1
[09/28/2026-23:30:29] [TRT] [V] Finalize: PWN(/model.18/cv1/act/Sigmoid) Set kernel index: 1
[09/28/2026-23:30:29] [TRT] [V] Finalize: /model.22/cv2.0/cv2.0.2/Conv Set kernel index: 0
[09/28/2026-23:30:29] [TRT] [V] Finalize: /model.22/cv3.0/cv3.0.2/Conv Set kernel index: 0
[09/28/2026-23:30:29] [TRT] [V] Finalize: /model.18/m.0/cv1/conv/Conv Set kernel index: 2
[09/28/2026-23:30:29] [TRT] [V] Finalize: PWN(/model.18/m.0/cv1/act/Sigmoid) Set kernel index: 1
[09/28/2026-23:30:29] [TRT] [V] Finalize: /model.18/m.0/cv2/conv/Conv Set kernel index: 2
[09/28/2026-23:30:29] [TRT] [V] Finalize: PWN(/model.18/m.0/cv2/act/Sigmoid) Set kernel index: 1
[09/28/2026-23:30:29] [TRT] [V] Finalize: /model.18/cv2/conv/Conv Set kernel index: 0
[09/28/2026-23:30:29] [TRT] [V] Finalize: PWN(/model.18/cv2/act/Sigmoid) Set kernel index: 1
[09/28/2026-23:30:29] [TRT] [V] Finalize: /model.19/conv/Conv Set kernel index: 0
[09/28/2026-23:30:29] [TRT] [V] Finalize: /model.22/cv2.1/cv2.1.0/conv/Conv Set kernel index: 2
[09/28/2026-23:30:29] [TRT] [V] Finalize: /model.22/cv3.1/cv3.1.0/conv/Conv Set kernel index: 2
[09/28/2026-23:30:29] [TRT] [V] Finalize: PWN(/model.19/act/Sigmoid) Set kernel index: 1
[09/28/2026-23:30:29] [TRT] [V] Finalize: PWN(/model.22/cv2.1/cv2.1.0/act/Sigmoid) Set kernel index: 1
[09/28/2026-23:30:29] [TRT] [V] Finalize: PWN(/model.22/cv3.1/cv3.1.0/act/Sigmoid) Set kernel index: 1
[09/28/2026-23:30:29] [TRT] [V] Finalize: /model.22/cv2.1/cv2.1.1/conv/Conv Set kernel index: 2
[09/28/2026-23:30:29] [TRT] [V] Finalize: /model.22/cv3.1/cv3.1.1/conv/Conv Set kernel index: 2
[09/28/2026-23:30:29] [TRT] [V] Finalize: /model.21/cv1/conv/Conv Set kernel index: 0
[09/28/2026-23:30:29] [TRT] [V] Finalize: PWN(/model.22/cv2.1/cv2.1.1/act/Sigmoid) Set kernel index: 1
[09/28/2026-23:30:29] [TRT] [V] Finalize: PWN(/model.22/cv3.1/cv3.1.1/act/Sigmoid) Set kernel index: 1
[09/28/2026-23:30:29] [TRT] [V] Finalize: PWN(/model.21/cv1/act/Sigmoid) Set kernel index: 1
[09/28/2026-23:30:29] [TRT] [V] Finalize: /model.22/cv2.1/cv2.1.2/Conv Set kernel index: 0
[09/28/2026-23:30:29] [TRT] [V] Finalize: /model.22/cv3.1/cv3.1.2/Conv Set kernel index: 0
[09/28/2026-23:30:29] [TRT] [V] Finalize: /model.21/m.0/cv1/conv/Conv Set kernel index: 2
[09/28/2026-23:30:29] [TRT] [V] Finalize: PWN(/model.21/m.0/cv1/act/Sigmoid) Set kernel index: 1
[09/28/2026-23:30:29] [TRT] [V] Finalize: /model.21/m.0/cv2/conv/Conv Set kernel index: 2
[09/28/2026-23:30:29] [TRT] [V] Finalize: PWN(/model.21/m.0/cv2/act/Sigmoid) Set kernel index: 1
[09/28/2026-23:30:29] [TRT] [V] Finalize: /model.21/cv2/conv/Conv Set kernel index: 0
[09/28/2026-23:30:29] [TRT] [V] Finalize: PWN(/model.21/cv2/act/Sigmoid) Set kernel index: 1
[09/28/2026-23:30:29] [TRT] [V] Finalize: /model.22/cv2.2/cv2.2.0/conv/Conv Set kernel index: 2
[09/28/2026-23:30:29] [TRT] [V] Finalize: /model.22/cv3.2/cv3.2.0/conv/Conv Set kernel index: 2
[09/28/2026-23:30:29] [TRT] [V] Finalize: PWN(/model.22/cv2.2/cv2.2.0/act/Sigmoid) Set kernel index: 1
[09/28/2026-23:30:29] [TRT] [V] Finalize: PWN(/model.22/cv3.2/cv3.2.0/act/Sigmoid) Set kernel index: 1
[09/28/2026-23:30:29] [TRT] [V] Finalize: /model.22/cv2.2/cv2.2.1/conv/Conv Set kernel index: 2
[09/28/2026-23:30:29] [TRT] [V] Finalize: /model.22/cv3.2/cv3.2.1/conv/Conv Set kernel index: 2
[09/28/2026-23:30:29] [TRT] [V] Finalize: PWN(/model.22/cv2.2/cv2.2.1/act/Sigmoid) Set kernel index: 1
[09/28/2026-23:30:29] [TRT] [V] Finalize: PWN(/model.22/cv3.2/cv3.2.1/act/Sigmoid) Set kernel index: 1
[09/28/2026-23:30:29] [TRT] [V] Finalize: /model.22/cv2.2/cv2.2.2/Conv Set kernel index: 0
[09/28/2026-23:30:29] [TRT] [V] Finalize: /model.22/cv3.2/cv3.2.2/Conv Set kernel index: 0
[09/28/2026-23:30:29] [TRT] [V] Finalize: PWN(/model.22/Sigmoid) Set kernel index: 1
[09/28/2026-23:30:29] [TRT] [V] Finalize: /model.22/dfl/Softmax Set kernel index: 8
[09/28/2026-23:30:29] [TRT] [V] Finalize: /model.22/dfl/conv/Conv Set kernel index: 0
[09/28/2026-23:30:29] [TRT] [V] Total number of generated kernels selected for the engine: 9
[09/28/2026-23:30:29] [TRT] [V] Kernel: 0 CASK_STATIC
[09/28/2026-23:30:29] [TRT] [V] Kernel: 1 TRT_SERIALIZABLE:generatedNativePointwise
[09/28/2026-23:30:29] [TRT] [V] Kernel: 2 CASK_STATIC
[09/28/2026-23:30:29] [TRT] [V] Kernel: 3 CASK_STATIC
[09/28/2026-23:30:29] [TRT] [V] Kernel: 4 TRT_SERIALIZABLE:ResizeNearestKernel
[09/28/2026-23:30:29] [TRT] [V] Kernel: 5 TRT_SERIALIZABLE:ResizeNearest1DKernel
[09/28/2026-23:30:29] [TRT] [V] Kernel: 6 TRT_SERIALIZABLE:ResizeNearest2DKernel
[09/28/2026-23:30:29] [TRT] [V] Kernel: 7 TRT_SERIALIZABLE:ResizeNearest3DKernel
[09/28/2026-23:30:29] [TRT] [V] Kernel: 8 CASK_STATIC
[09/28/2026-23:30:29] [TRT] [I] Compiler backend is used during engine execution.
[09/28/2026-23:30:29] [TRT] [V] Disabling unused tactic source: JIT_CONVOLUTIONS
[09/28/2026-23:30:29] [TRT] [I] Engine generation completed in 5.38034 seconds.
[09/28/2026-23:30:29] [TRT] [V] Total per-runner device persistent memory is 1674240
[09/28/2026-23:30:29] [TRT] [V] Total per-runner host persistent memory is 238672
[09/28/2026-23:30:29] [TRT] [V] Allocated device scratch memory of size 25506304
[09/28/2026-23:30:29] [TRT] [V] - Runner scratch: 25506304 bytes
[09/28/2026-23:30:29] [TRT] [I] [MemUsageChange] TensorRT-managed allocation in IExecutionContext creation: CPU +0, GPU +26, now: CPU 0, GPU 44 (MiB)
[09/28/2026-23:30:29] [TRT] [V] CUDA lazy loading is enabled.
[09/28/2026-23:30:29] [TRT] [V] Calculating Maxima
[09/28/2026-23:30:29] [TRT] [I] Starting Calibration.
[09/28/2026-23:30:29] [TRT] [I]   Post Processing Calibration data in 3.1038e-05 seconds.
[09/28/2026-23:30:29] [TRT] [V] Assigning tensor scales: /model.2/Concat_output_0 using /model.2/Concat_output_0 [
[09/28/2026-23:30:29] [TRT] [E] Unexpected exception _Map_base::at

/home/ubuntu/Dung_TDTU/nighttime-tsd-new/scripts/run_precision_head_confirmation_server.py:458: DeprecationWarning: Use Deprecated in TensorRT 10.1. Superseded by explicit quantization. instead.
  config.int8_calibrator = calibrator
[ERROR] Exception caught in get_batch(): ContractError: calibration order mismatch at batch 1: 18709.jpg != 00006.jpg

At:
  /home/ubuntu/Dung_TDTU/nighttime-tsd-new/scripts/run_precision_head_confirmation_server.py(451): get_batch
  /home/ubuntu/Dung_TDTU/nighttime-tsd-new/scripts/run_precision_head_confirmation_server.py(477): build_real
  /home/ubuntu/Dung_TDTU/nighttime-tsd-new/scripts/run_precision_head_confirmation_server.py(607): run_child
  /home/ubuntu/Dung_TDTU/nighttime-tsd-new/scripts/run_precision_head_confirmation_server.py(693): main
  /home/ubuntu/Dung_TDTU/nighttime-tsd-new/scripts/run_precision_head_confirmation_server.py(698): <module>

